{
"type": "FeatureCollection",
"name": "caosu",
"crs": { "type": "name", "properties": { "name": "urn:ogc:def:crs:EPSG::32648" } },
"features": [
{ "type": "Feature", "properties": { "Stt": 110.0, "Malo_cty": "5.15TK.N1.10.093", "Ten_lo": "AD 13 - KV 4", "Dien_tich": "22.6", "Ma_cay": "CAO_SU", "Nam_trong": "2010", "QGIA": "Cambodia", "TINH": "Kampong Thom", "HUYEN": "Santuk", "XA": "Kraya", "Ten_NT": "NT 1", "To": 4.0, "Giong": "PB 255" }, "geometry": { "type": "MultiPolygon", "coordinates": [ [ [ [ 556674.0, 1385825.0 ], [ 556081.0, 1385825.0 ], [ 556081.0, 1386205.0 ], [ 556673.0, 1386206.0 ], [ 556674.0, 1385825.0 ] ] ] ] } },
{ "type": "Feature", "properties": { "Stt": 112.0, "Malo_cty": "5.15TK.N1.10.095", "Ten_lo": "AD 14.2 - KV 4", "Dien_tich": "3.5", "Ma_cay": "CAO_SU", "Nam_trong": "2010", "QGIA": "Cambodia", "TINH": "Kampong Thom", "HUYEN": "Santuk", "XA": "Kraya", "Ten_NT": "NT 1", "To": 4.0, "Giong": "RRIV 3" }, "geometry": { "type": "MultiPolygon", "coordinates": [ [ [ [ 556081.0, 1385756.0 ], [ 556081.0, 1385815.0 ], [ 556673.29, 1385815.0 ], [ 556680.0, 1385792.0 ], [ 556674.18, 1385756.4 ], [ 556081.0, 1385756.0 ] ] ] ] } },
{ "type": "Feature", "properties": { "Stt": 448.0, "Malo_cty": "Song, suoi, trung", "Ten_lo": null, "Dien_tich": null, "Ma_cay": "CAO_SU", "Nam_trong": null, "QGIA": "Cambodia", "TINH": "Kampong Thom", "HUYEN": "Santuk", "XA": "Kraya", "Ten_NT": null, "To": 0.0, "Giong": null }, "geometry": { "type": "MultiPolygon", "coordinates": [ [ [ [ 556328.86, 1385324.0 ], [ 556157.37, 1385324.0 ], [ 556170.0, 1385333.0 ], [ 556181.0, 1385362.0 ], [ 556180.0, 1385397.0 ], [ 556272.0, 1385398.0 ], [ 556276.0, 1385436.0 ], [ 556325.0, 1385438.0 ], [ 556326.0, 1385455.0 ], [ 556352.0, 1385456.0 ], [ 556356.0, 1385463.0 ], [ 556419.0, 1385465.0 ], [ 556428.0, 1385482.0 ], [ 556464.0, 1385483.0 ], [ 556468.0, 1385498.0 ], [ 556498.0, 1385506.0 ], [ 556512.0, 1385518.0 ], [ 556510.0, 1385541.0 ], [ 556659.0, 1385540.0 ], [ 556663.0, 1385414.0 ], [ 556476.0, 1385412.0 ], [ 556468.0, 1385366.0 ], [ 556389.0, 1385365.0 ], [ 556331.0, 1385361.0 ], [ 556328.86, 1385324.0 ] ] ], [ [ [ 556081.0, 1385265.0 ], [ 556081.0, 1385316.0 ], [ 556328.4, 1385316.0 ], [ 556328.0, 1385309.0 ], [ 556311.0, 1385293.0 ], [ 556228.0, 1385290.0 ], [ 556228.0, 1385268.0 ], [ 556081.0, 1385265.0 ] ] ], [ [ [ 556073.0, 1385288.0 ], [ 556073.0, 1385267.0 ], [ 556051.0, 1385267.0 ], [ 556046.0, 1385260.0 ], [ 556004.0, 1385263.0 ], [ 556006.0, 1385271.0 ], [ 556015.0, 1385272.0 ], [ 556032.0, 1385289.0 ], [ 556055.0, 1385288.0 ], [ 556073.0, 1385288.0 ] ] ] ] } },
{ "type": "Feature", "properties": { "Stt": 113.0, "Malo_cty": "5.15TK.N1.10.096", "Ten_lo": "AD 15 - KV 4", "Dien_tich": "30.9", "Ma_cay": "CAO_SU", "Nam_trong": "2010", "QGIA": "Cambodia", "TINH": "Kampong Thom", "HUYEN": "Santuk", "XA": "Kraya", "Ten_NT": "NT 1", "To": 4.0, "Giong": "PB 260" }, "geometry": { "type": "MultiPolygon", "coordinates": [ [ [ [ 556081.0, 1385265.0 ], [ 556228.0, 1385268.0 ], [ 556228.0, 1385290.0 ], [ 556311.0, 1385293.0 ], [ 556328.0, 1385309.0 ], [ 556328.4, 1385316.0 ], [ 556661.62, 1385316.0 ], [ 556661.0, 1385272.0 ], [ 556666.0, 1385260.0 ], [ 556659.0, 1385187.0 ], [ 556672.0, 1385146.0 ], [ 556680.0, 1385084.0 ], [ 556681.0, 1384897.0 ], [ 556685.0, 1384876.0 ], [ 556680.0, 1384825.0 ], [ 556468.51, 1384825.0 ], [ 556081.0, 1384825.0 ], [ 556081.0, 1384827.98 ], [ 556081.0, 1385265.0 ] ] ] ] } },
{ "type": "Feature", "properties": { "Stt": 111.0, "Malo_cty": "5.15TK.N1.10.094", "Ten_lo": "AD 14.1 - KV 4", "Dien_tich": "18", "Ma_cay": "CAO_SU", "Nam_trong": "2010", "QGIA": "Cambodia", "TINH": "Kampong Thom", "HUYEN": "Santuk", "XA": "Kraya", "Ten_NT": "NT 1", "To": 4.0, "Giong": "PB 255" }, "geometry": { "type": "MultiPolygon", "coordinates": [ [ [ [ 556674.18, 1385756.4 ], [ 556672.0, 1385743.0 ], [ 556672.0, 1385702.0 ], [ 556662.0, 1385663.0 ], [ 556659.0, 1385540.0 ], [ 556510.0, 1385541.0 ], [ 556512.0, 1385518.0 ], [ 556498.0, 1385506.0 ], [ 556468.0, 1385498.0 ], [ 556464.0, 1385483.0 ], [ 556428.0, 1385482.0 ], [ 556419.0, 1385465.0 ], [ 556356.0, 1385463.0 ], [ 556352.0, 1385456.0 ], [ 556326.0, 1385455.0 ], [ 556325.0, 1385438.0 ], [ 556276.0, 1385436.0 ], [ 556272.0, 1385398.0 ], [ 556180.0, 1385397.0 ], [ 556181.0, 1385362.0 ], [ 556170.0, 1385333.0 ], [ 556157.37, 1385324.0 ], [ 556082.0, 1385324.0 ], [ 556081.0, 1385324.0 ], [ 556081.0, 1385756.0 ], [ 556674.18, 1385756.4 ] ] ], [ [ [ 556663.0, 1385414.0 ], [ 556661.73, 1385324.0 ], [ 556328.86, 1385324.0 ], [ 556331.0, 1385361.0 ], [ 556389.0, 1385365.0 ], [ 556468.0, 1385366.0 ], [ 556476.0, 1385412.0 ], [ 556663.0, 1385414.0 ] ] ] ] } },
{ "type": "Feature", "properties": { "Stt": 480.0, "Malo_cty": "Ham da", "Ten_lo": null, "Dien_tich": "10.52", "Ma_cay": "CAO_SU", "Nam_trong": null, "QGIA": "Cambodia", "TINH": "Kampong Thom", "HUYEN": "Santuk", "XA": "Kraya", "Ten_NT": null, "To": 0.0, "Giong": null }, "geometry": { "type": "MultiPolygon", "coordinates": [ [ [ [ 556466.96, 1384324.99 ], [ 556467.0, 1384326.0 ], [ 556468.0, 1384815.0 ], [ 556681.29, 1384815.0 ], [ 556681.29, 1384324.99 ], [ 556466.96, 1384324.99 ] ] ] ] } },
{ "type": "Feature", "properties": { "Stt": 409.0, "Malo_cty": "5.15TK.N3.10.075", "Ten_lo": "AD 16 - KV 6", "Dien_tich": "19.3", "Ma_cay": "CAO_SU", "Nam_trong": "2010", "QGIA": "Cambodia", "TINH": "Kampong Thom", "HUYEN": "Santuk", "XA": "Kraya", "Ten_NT": "NT 3", "To": 6.0, "Giong": "PB 260" }, "geometry": { "type": "MultiPolygon", "coordinates": [ [ [ [ 556081.0, 1384324.99 ], [ 556081.0, 1384792.43 ], [ 556081.0, 1384815.0 ], [ 556468.0, 1384815.0 ], [ 556467.0, 1384326.0 ], [ 556466.96, 1384324.99 ], [ 556081.0, 1384324.99 ] ] ] ] } },
{ "type": "Feature", "properties": { "Stt": 276.0, "Malo_cty": "5.15TK.N3.11.079", "Ten_lo": "AD 20.2 - KV 1", "Dien_tich": "4.7", "Ma_cay": "CAO_SU", "Nam_trong": "2011", "QGIA": "Cambodia", "TINH": "Kampong Thom", "HUYEN": "Santuk", "XA": "Kraya", "Ten_NT": "NT 3", "To": 1.0, "Giong": "RRIV 3" }, "geometry": { "type": "MultiPolygon", "coordinates": [ [ [ [ 556081.0, 1382402.0 ], [ 556686.0, 1382402.29 ], [ 556686.0, 1382325.0 ], [ 556081.0, 1382325.0 ], [ 556081.0, 1382402.0 ] ] ] ] } },
{ "type": "Feature", "properties": { "Stt": 482.0, "Malo_cty": "Song, suoi, trung", "Ten_lo": null, "Dien_tich": null, "Ma_cay": "CAO_SU", "Nam_trong": null, "QGIA": "Cambodia", "TINH": "Kampong Thom", "HUYEN": "Santuk", "XA": "Kraya", "Ten_NT": null, "To": 0.0, "Giong": null }, "geometry": { "type": "MultiPolygon", "coordinates": [ [ [ [ 555898.7, 1383101.9 ], [ 555899.72, 1383102.17 ], [ 555894.46, 1383135.24 ], [ 555799.79, 1383139.75 ], [ 555759.97, 1383221.63 ], [ 555678.08, 1383255.44 ], [ 555599.13, 1383315.0 ], [ 555582.31, 1383315.0 ], [ 555582.3, 1383419.81 ], [ 555726.9, 1383325.0 ], [ 555733.0, 1383321.0 ], [ 555746.14, 1383315.0 ], [ 555860.0, 1383263.0 ], [ 556013.0, 1383210.0 ], [ 556046.0, 1383187.0 ], [ 556057.0, 1383184.0 ], [ 556073.0, 1383186.0 ], [ 556073.0, 1383024.77 ], [ 555921.5, 1383048.08 ], [ 555883.93, 1383013.52 ], [ 555847.12, 1383001.5 ], [ 555824.59, 1382954.17 ], [ 555787.02, 1382938.4 ], [ 555785.52, 1382945.16 ], [ 555805.8, 1382975.21 ], [ 555811.82, 1383003.75 ], [ 555844.87, 1383048.83 ], [ 555847.12, 1383084.15 ], [ 555851.63, 1383089.41 ], [ 555898.7, 1383101.9 ] ] ], [ [ [ 556081.0, 1383010.0 ], [ 556081.0, 1383172.0 ], [ 556086.0, 1383165.0 ], [ 556117.0, 1383163.0 ], [ 556284.0, 1383086.0 ], [ 556506.0, 1383040.0 ], [ 556699.0, 1383046.0 ], [ 556695.0, 1382904.0 ], [ 556606.0, 1382909.0 ], [ 556559.0, 1382940.0 ], [ 556512.0, 1382966.0 ], [ 556470.0, 1382964.0 ], [ 556379.0, 1382973.0 ], [ 556368.0, 1382987.0 ], [ 556322.0, 1382989.0 ], [ 556270.0, 1383000.0 ], [ 556217.0, 1383018.0 ], [ 556121.0, 1383021.0 ], [ 556081.0, 1383010.0 ] ] ], [ [ [ 555081.3, 1383494.14 ], [ 555081.31, 1383438.22 ], [ 555110.0, 1383459.0 ], [ 555129.0, 1383462.0 ], [ 555192.0, 1383452.0 ], [ 555198.0, 1383440.0 ], [ 555206.0, 1383436.0 ], [ 555232.0, 1383435.0 ], [ 555240.0, 1383444.0 ], [ 555259.0, 1383447.0 ], [ 555283.0, 1383457.0 ], [ 555318.0, 1383436.0 ], [ 555338.0, 1383432.0 ], [ 555414.0, 1383431.0 ], [ 555485.0, 1383440.0 ], [ 555511.0, 1383437.0 ], [ 555511.0, 1383438.0 ], [ 555511.67, 1383437.95 ], [ 555512.0, 1383437.92 ], [ 555572.31, 1383433.06 ], [ 555572.32, 1383352.92 ], [ 555521.07, 1383345.03 ], [ 555493.27, 1383352.55 ], [ 555453.45, 1383349.54 ], [ 555365.55, 1383371.33 ], [ 555323.29, 1383392.99 ], [ 555321.22, 1383394.05 ], [ 555295.68, 1383404.76 ], [ 555273.33, 1383419.79 ], [ 555265.07, 1383433.31 ], [ 555199.7, 1383418.85 ], [ 555175.29, 1383434.25 ], [ 555144.11, 1383443.64 ], [ 555105.6, 1383429.56 ], [ 555090.02, 1383409.08 ], [ 555086.82, 1383399.78 ], [ 555081.31, 1383388.4 ], [ 555081.3, 1383494.14 ] ] ], [ [ [ 555582.31, 1383315.0 ], [ 555582.33, 1383165.07 ], [ 555582.33, 1383135.35 ], [ 555582.33, 1383135.35 ], [ 555582.31, 1383315.0 ] ] ], [ [ [ 555610.41, 1383128.19 ], [ 555610.42, 1383128.19 ], [ 555727.0, 1383125.0 ], [ 555610.41, 1383128.19 ] ] ], [ [ [ 555572.32, 1383315.0 ], [ 555572.32, 1383325.0 ], [ 555572.32, 1383345.96 ], [ 555572.32, 1383228.26 ], [ 555572.32, 1383315.0 ] ] ] ] } },
{ "type": "Feature", "properties": { "Stt": 274.0, "Malo_cty": "5.15TK.N3.11.077", "Ten_lo": "AD 19 - KV 1", "Dien_tich": "24.7", "Ma_cay": "CAO_SU", "Nam_trong": "2011", "QGIA": "Cambodia", "TINH": "Kampong Thom", "HUYEN": "Santuk", "XA": "Kraya", "Ten_NT": "NT 3", "To": 1.0, "Giong": "PB 260" }, "geometry": { "type": "MultiPolygon", "coordinates": [ [ [ [ 556699.0, 1383046.0 ], [ 556506.0, 1383040.0 ], [ 556284.0, 1383086.0 ], [ 556117.0, 1383163.0 ], [ 556086.0, 1383165.0 ], [ 556081.0, 1383172.0 ], [ 556081.0, 1383185.47 ], [ 556081.0, 1383315.0 ], [ 556676.76, 1383315.0 ], [ 556680.59, 1383315.0 ], [ 556696.0, 1383315.0 ], [ 556699.0, 1383046.0 ] ] ], [ [ [ 556696.0, 1382865.0 ], [ 556689.0, 1382825.0 ], [ 556682.18, 1382825.0 ], [ 556641.39, 1382825.0 ], [ 556081.0, 1382825.0 ], [ 556081.0, 1383010.0 ], [ 556121.0, 1383021.0 ], [ 556217.0, 1383018.0 ], [ 556270.0, 1383000.0 ], [ 556322.0, 1382989.0 ], [ 556368.0, 1382987.0 ], [ 556379.0, 1382973.0 ], [ 556470.0, 1382964.0 ], [ 556512.0, 1382966.0 ], [ 556559.0, 1382940.0 ], [ 556606.0, 1382909.0 ], [ 556695.0, 1382904.0 ], [ 556696.0, 1382865.0 ] ] ] ] } },
{ "type": "Feature", "properties": { "Stt": 478.0, "Malo_cty": "Chua su dung", "Ten_lo": null, "Dien_tich": "0.5", "Ma_cay": "CAO_SU", "Nam_trong": null, "QGIA": "Cambodia", "TINH": "Kampong Thom", "HUYEN": "Santuk", "XA": "Kraya", "Ten_NT": null, "To": 0.0, "Giong": null }, "geometry": { "type": "MultiPolygon", "coordinates": [ [ [ [ 555973.0, 1382825.0 ], [ 555973.0, 1382875.0 ], [ 556073.0, 1382875.0 ], [ 556073.0, 1382825.0 ], [ 555973.0, 1382825.0 ] ] ] ] } },
{ "type": "Feature", "properties": { "Stt": 275.0, "Malo_cty": "5.15TK.N3.11.078", "Ten_lo": "AD 20.1 - KV 1", "Dien_tich": "26.1", "Ma_cay": "CAO_SU", "Nam_trong": "2011", "QGIA": "Cambodia", "TINH": "Kampong Thom", "HUYEN": "Santuk", "XA": "Kraya", "Ten_NT": "NT 3", "To": 1.0, "Giong": "PB 260" }, "geometry": { "type": "MultiPolygon", "coordinates": [ [ [ [ 556620.59, 1382817.0 ], [ 556682.21, 1382817.0 ], [ 556686.33, 1382817.0 ], [ 556686.0, 1382816.0 ], [ 556686.0, 1382402.29 ], [ 556081.0, 1382402.0 ], [ 556081.0, 1382817.0 ], [ 556620.59, 1382817.0 ] ] ] ] } },
{ "type": "Feature", "properties": { "Stt": 271.0, "Malo_cty": "5.15TK.N3.11.068", "Ten_lo": "AC 20.1 - KV 1", "Dien_tich": "12.5", "Ma_cay": "CAO_SU", "Nam_trong": "2011", "QGIA": "Cambodia", "TINH": "Kampong Thom", "HUYEN": "Santuk", "XA": "Kraya", "Ten_NT": "NT 3", "To": 1.0, "Giong": "PB 260" }, "geometry": { "type": "MultiPolygon", "coordinates": [ [ [ [ 556073.0, 1382568.3 ], [ 555582.4, 1382568.12 ], [ 555582.37, 1382817.0 ], [ 556073.0, 1382817.0 ], [ 556073.0, 1382568.3 ] ] ] ] } },
{ "type": "Feature", "properties": { "Stt": 272.0, "Malo_cty": "5.15TK.N3.11.069", "Ten_lo": "AC 20.2 - KV 1", "Dien_tich": "11.8", "Ma_cay": "CAO_SU", "Nam_trong": "2011", "QGIA": "Cambodia", "TINH": "Kampong Thom", "HUYEN": "Santuk", "XA": "Kraya", "Ten_NT": "NT 3", "To": 1.0, "Giong": "RRIV 107" }, "geometry": { "type": "MultiPolygon", "coordinates": [ [ [ [ 555582.4, 1382568.12 ], [ 556073.0, 1382568.3 ], [ 556073.0, 1382325.0 ], [ 555582.42, 1382325.0 ], [ 555582.4, 1382568.12 ] ] ] ] } },
{ "type": "Feature", "properties": { "Stt": 269.0, "Malo_cty": "5.15TK.N3.11.067", "Ten_lo": "AC 19.1 - KV 1", "Dien_tich": "11.8", "Ma_cay": "CAO_SU", "Nam_trong": "2011", "QGIA": "Cambodia", "TINH": "Kampong Thom", "HUYEN": "Santuk", "XA": "Kraya", "Ten_NT": "NT 3", "To": 1.0, "Giong": "PB 260" }, "geometry": { "type": "MultiPolygon", "coordinates": [ [ [ [ 555582.33, 1383128.96 ], [ 555727.0, 1383125.0 ], [ 555740.0, 1383117.0 ], [ 555898.0, 1383102.0 ], [ 555898.7, 1383101.9 ], [ 555851.63, 1383089.41 ], [ 555847.12, 1383084.15 ], [ 555844.87, 1383048.83 ], [ 555811.82, 1383003.75 ], [ 555805.8, 1382975.21 ], [ 555785.52, 1382945.16 ], [ 555787.02, 1382938.4 ], [ 555824.59, 1382954.17 ], [ 555847.12, 1383001.5 ], [ 555883.93, 1383013.52 ], [ 555921.5, 1383048.08 ], [ 556073.0, 1383024.77 ], [ 556073.0, 1382875.0 ], [ 555973.0, 1382875.0 ], [ 555973.0, 1382825.0 ], [ 555582.37, 1382825.0 ], [ 555582.37, 1382822.22 ], [ 555582.33, 1383128.96 ] ] ] ] } },
{ "type": "Feature", "properties": { "Stt": 270.0, "Malo_cty": "5.15TK.N3.12.149", "Ten_lo": "AC 19.2 - KV 1", "Dien_tich": "3.1", "Ma_cay": "CAO_SU", "Nam_trong": "2012", "QGIA": "Cambodia", "TINH": "Kampong Thom", "HUYEN": "Santuk", "XA": "Kraya", "Ten_NT": "NT 3", "To": 1.0, "Giong": "RRIV 1" }, "geometry": { "type": "MultiPolygon", "coordinates": [ [ [ [ 555898.7, 1383101.9 ], [ 555898.0, 1383102.0 ], [ 555740.0, 1383117.0 ], [ 555727.0, 1383125.0 ], [ 555582.33, 1383128.96 ], [ 555582.31, 1383315.0 ], [ 555599.13, 1383315.0 ], [ 555678.08, 1383255.44 ], [ 555759.97, 1383221.63 ], [ 555799.79, 1383139.75 ], [ 555894.46, 1383135.24 ], [ 555899.72, 1383102.17 ], [ 555898.7, 1383101.9 ] ] ] ] } },
{ "type": "Feature", "properties": { "Stt": 266.0, "Malo_cty": "5.15TK.N3.11.057", "Ten_lo": "AB 20.3 - KV 1", "Dien_tich": "2.8", "Ma_cay": "CAO_SU", "Nam_trong": "2011", "QGIA": "Cambodia", "TINH": "Kampong Thom", "HUYEN": "Santuk", "XA": "Kraya", "Ten_NT": "NT 3", "To": 1.0, "Giong": "RRIV 1" }, "geometry": { "type": "MultiPolygon", "coordinates": [ [ [ [ 555518.02, 1382568.1 ], [ 555518.0, 1382325.0 ], [ 555081.43, 1382325.0 ], [ 555081.41, 1382567.94 ], [ 555081.37, 1382817.0 ], [ 555255.0, 1382817.0 ], [ 555254.88, 1382568.0 ], [ 555518.02, 1382568.1 ] ] ] ] } },
{ "type": "Feature", "properties": { "Stt": 265.0, "Malo_cty": "5.15TK.N3.10.011", "Ten_lo": "AB 20.2 - KV 1", "Dien_tich": "15", "Ma_cay": "CAO_SU", "Nam_trong": "2010", "QGIA": "Cambodia", "TINH": "Kampong Thom", "HUYEN": "Santuk", "XA": "Kraya", "Ten_NT": "NT 3", "To": 1.0, "Giong": "RRIC 121" }, "geometry": { "type": "MultiPolygon", "coordinates": [ [ [ [ 555518.0, 1382325.0 ], [ 555518.04, 1382817.0 ], [ 555572.37, 1382817.0 ], [ 555572.37, 1382822.22 ], [ 555572.43, 1382325.0 ], [ 555518.0, 1382325.0 ] ] ] ] } },
{ "type": "Feature", "properties": { "Stt": 268.0, "Malo_cty": "5.15TK.N3.11.066", "Ten_lo": "AC 18 - KV 1", "Dien_tich": "26.8", "Ma_cay": "CAO_SU", "Nam_trong": "2011", "QGIA": "Cambodia", "TINH": "Kampong Thom", "HUYEN": "Santuk", "XA": "Kraya", "Ten_NT": "NT 3", "To": 1.0, "Giong": "PB 260" }, "geometry": { "type": "MultiPolygon", "coordinates": [ [ [ [ 556073.0, 1383816.0 ], [ 556073.0, 1383325.0 ], [ 556073.0, 1383315.0 ], [ 556073.0, 1383186.0 ], [ 556057.0, 1383184.0 ], [ 556046.0, 1383187.0 ], [ 556013.0, 1383210.0 ], [ 555860.0, 1383263.0 ], [ 555746.14, 1383315.0 ], [ 555733.0, 1383321.0 ], [ 555726.9, 1383325.0 ], [ 555582.3, 1383419.81 ], [ 555582.26, 1383816.0 ], [ 555749.71, 1383816.0 ], [ 556073.0, 1383816.0 ] ] ] ] } },
{ "type": "Feature", "properties": { "Stt": 410.0, "Malo_cty": "5.15TK.N3.10.012", "Ten_lo": "AD 17 - KV 6", "Dien_tich": "29", "Ma_cay": "CAO_SU", "Nam_trong": "2010", "QGIA": "Cambodia", "TINH": "Kampong Thom", "HUYEN": "Santuk", "XA": "Kraya", "Ten_NT": "NT 3", "To": 6.0, "Giong": "PB 260" }, "geometry": { "type": "MultiPolygon", "coordinates": [ [ [ [ 556081.0, 1384315.0 ], [ 556466.62, 1384315.0 ], [ 556671.0, 1384315.0 ], [ 556673.0, 1384203.0 ], [ 556668.0, 1384169.0 ], [ 556674.0, 1384151.0 ], [ 556672.0, 1384131.0 ], [ 556681.0, 1384072.0 ], [ 556674.0, 1383862.0 ], [ 556676.0, 1383825.0 ], [ 556676.22, 1383824.0 ], [ 556081.0, 1383824.0 ], [ 556081.0, 1384315.0 ] ] ] ] } },
{ "type": "Feature", "properties": { "Stt": 273.0, "Malo_cty": "5.15TK.N3.11.076", "Ten_lo": "AD 18 - KV 1", "Dien_tich": "30.5", "Ma_cay": "CAO_SU", "Nam_trong": "2011", "QGIA": "Cambodia", "TINH": "Kampong Thom", "HUYEN": "Santuk", "XA": "Kraya", "Ten_NT": "NT 3", "To": 1.0, "Giong": "PB 260" }, "geometry": { "type": "MultiPolygon", "coordinates": [ [ [ [ 556678.0, 1383816.0 ], [ 556677.0, 1383325.0 ], [ 556081.0, 1383325.0 ], [ 556081.0, 1383816.0 ], [ 556678.0, 1383816.0 ] ] ] ] } },
{ "type": "Feature", "properties": { "Stt": 408.0, "Malo_cty": "5.15TK.N3.11.065", "Ten_lo": "AC 17 - KV 6", "Dien_tich": "24.3", "Ma_cay": "CAO_SU", "Nam_trong": "2011", "QGIA": "Cambodia", "TINH": "Kampong Thom", "HUYEN": "Santuk", "XA": "Kraya", "Ten_NT": "NT 3", "To": 6.0, "Giong": "PB 260" }, "geometry": { "type": "MultiPolygon", "coordinates": [ [ [ [ 555750.8, 1383824.0 ], [ 555582.26, 1383824.0 ], [ 555582.2, 1384315.0 ], [ 556073.0, 1384315.0 ], [ 556073.0, 1383824.0 ], [ 555750.8, 1383824.0 ] ] ] ] } },
{ "type": "Feature", "properties": { "Stt": 405.0, "Malo_cty": "5.15TK.N3.10.007", "Ten_lo": "AB 17.1 - KV 6", "Dien_tich": "23.7", "Ma_cay": "CAO_SU", "Nam_trong": "2010", "QGIA": "Cambodia", "TINH": "Kampong Thom", "HUYEN": "Santuk", "XA": "Kraya", "Ten_NT": "NT 3", "To": 6.0, "Giong": "IRCA 130" }, "geometry": { "type": "MultiPolygon", "coordinates": [ [ [ [ 555081.21, 1384315.0 ], [ 555561.0, 1384315.0 ], [ 555560.23, 1383824.0 ], [ 555081.27, 1383824.0 ], [ 555081.21, 1384315.0 ] ] ] ] } },
{ "type": "Feature", "properties": { "Stt": 260.0, "Malo_cty": "5.15TK.N3.10.008", "Ten_lo": "AB 18.1 - KV 1", "Dien_tich": "20.4", "Ma_cay": "CAO_SU", "Nam_trong": "2010", "QGIA": "Cambodia", "TINH": "Kampong Thom", "HUYEN": "Santuk", "XA": "Kraya", "Ten_NT": "NT 3", "To": 1.0, "Giong": "IRCA 130" }, "geometry": { "type": "MultiPolygon", "coordinates": [ [ [ [ 555512.0, 1383816.0 ], [ 555512.0, 1383815.0 ], [ 555512.0, 1383814.95 ], [ 555511.67, 1383437.95 ], [ 555511.0, 1383438.0 ], [ 555511.0, 1383437.0 ], [ 555485.0, 1383440.0 ], [ 555414.0, 1383431.0 ], [ 555338.0, 1383432.0 ], [ 555318.0, 1383436.0 ], [ 555283.0, 1383457.0 ], [ 555259.0, 1383447.0 ], [ 555240.0, 1383444.0 ], [ 555232.0, 1383435.0 ], [ 555206.0, 1383436.0 ], [ 555198.0, 1383440.0 ], [ 555192.0, 1383452.0 ], [ 555129.0, 1383462.0 ], [ 555110.0, 1383459.0 ], [ 555081.31, 1383438.22 ], [ 555081.27, 1383816.0 ], [ 555512.0, 1383816.0 ] ] ], [ [ [ 555572.32, 1383352.92 ], [ 555572.32, 1383325.0 ], [ 555323.29, 1383325.0 ], [ 555081.32, 1383325.0 ], [ 555081.31, 1383388.4 ], [ 555086.82, 1383399.78 ], [ 555090.02, 1383409.08 ], [ 555105.6, 1383429.56 ], [ 555144.11, 1383443.64 ], [ 555175.29, 1383434.25 ], [ 555199.7, 1383418.85 ], [ 555265.07, 1383433.31 ], [ 555273.33, 1383419.79 ], [ 555295.68, 1383404.76 ], [ 555321.22, 1383394.05 ], [ 555323.29, 1383392.99 ], [ 555365.55, 1383371.33 ], [ 555453.45, 1383349.54 ], [ 555493.27, 1383352.55 ], [ 555521.07, 1383345.03 ], [ 555572.32, 1383352.92 ] ] ] ] } },
{ "type": "Feature", "properties": { "Stt": 261.0, "Malo_cty": "5.15TK.N3.11.055", "Ten_lo": "AB 18.2 - KV 1", "Dien_tich": "2.4", "Ma_cay": "CAO_SU", "Nam_trong": "2011", "QGIA": "Cambodia", "TINH": "Kampong Thom", "HUYEN": "Santuk", "XA": "Kraya", "Ten_NT": "NT 3", "To": 1.0, "Giong": "RRIV 1" }, "geometry": { "type": "MultiPolygon", "coordinates": [ [ [ [ 555572.31, 1383433.06 ], [ 555512.0, 1383437.92 ], [ 555511.67, 1383437.95 ], [ 555512.0, 1383814.95 ], [ 555512.0, 1383815.0 ], [ 555512.0, 1383816.0 ], [ 555572.27, 1383816.0 ], [ 555572.27, 1383815.0 ], [ 555572.31, 1383433.06 ] ] ] ] } },
{ "type": "Feature", "properties": { "Stt": 406.0, "Malo_cty": "5.15TK.N3.11.054", "Ten_lo": "AB 17.2 - KV 6", "Dien_tich": "0.6", "Ma_cay": "CAO_SU", "Nam_trong": "2011", "QGIA": "Cambodia", "TINH": "Kampong Thom", "HUYEN": "Santuk", "XA": "Kraya", "Ten_NT": "NT 3", "To": 6.0, "Giong": "RRIV 1" }, "geometry": { "type": "MultiPolygon", "coordinates": [ [ [ [ 555560.23, 1383824.0 ], [ 555561.0, 1384315.0 ], [ 555572.21, 1384315.0 ], [ 555572.27, 1383824.0 ], [ 555560.23, 1383824.0 ] ] ] ] } },
{ "type": "Feature", "properties": { "Stt": 104.0, "Malo_cty": "5.15TK.N1.10.087", "Ten_lo": "AB 15 - KV 4", "Dien_tich": "24.3", "Ma_cay": "CAO_SU", "Nam_trong": "2010", "QGIA": "Cambodia", "TINH": "Kampong Thom", "HUYEN": "Santuk", "XA": "Kraya", "Ten_NT": "NT 1", "To": 4.0, "Giong": "IRCA 130" }, "geometry": { "type": "MultiPolygon", "coordinates": [ [ [ [ 555572.1, 1385316.0 ], [ 555572.15, 1384825.0 ], [ 555081.16, 1384825.0 ], [ 555081.16, 1384835.0 ], [ 555081.1, 1385316.0 ], [ 555572.1, 1385316.0 ] ] ] ] } },
{ "type": "Feature", "properties": { "Stt": 103.0, "Malo_cty": "5.15TK.N1.10.120", "Ten_lo": "AB 14 - KV 4", "Dien_tich": "24.3", "Ma_cay": "CAO_SU", "Nam_trong": "2010", "QGIA": "Cambodia", "TINH": "Kampong Thom", "HUYEN": "Santuk", "XA": "Kraya", "Ten_NT": "NT 1", "To": 4.0, "Giong": "RRIV 1" }, "geometry": { "type": "MultiPolygon", "coordinates": [ [ [ [ 555081.04, 1385815.0 ], [ 555572.04, 1385815.0 ], [ 555572.1, 1385324.0 ], [ 555081.1, 1385324.0 ], [ 555081.04, 1385815.0 ] ] ] ] } },
{ "type": "Feature", "properties": { "Stt": 102.0, "Malo_cty": "5.15TK.N1.10.119", "Ten_lo": "AB 13 - KV 4", "Dien_tich": "20", "Ma_cay": "CAO_SU", "Nam_trong": "2010", "QGIA": "Cambodia", "TINH": "Kampong Thom", "HUYEN": "Santuk", "XA": "Kraya", "Ten_NT": "NT 1", "To": 4.0, "Giong": "RRIV 1" }, "geometry": { "type": "MultiPolygon", "coordinates": [ [ [ [ 555081.01, 1386219.0 ], [ 555267.0, 1386220.0 ], [ 555325.0, 1386225.0 ], [ 555381.0, 1386226.0 ], [ 555416.0, 1386234.0 ], [ 555437.0, 1386229.0 ], [ 555490.0, 1386226.0 ], [ 555498.0, 1386221.0 ], [ 555536.0, 1386223.0 ], [ 555573.01, 1386219.1 ], [ 555573.01, 1386216.57 ], [ 555573.0, 1386216.57 ], [ 555573.04, 1385825.0 ], [ 555081.04, 1385825.0 ], [ 555081.01, 1386122.25 ], [ 555081.02, 1386122.25 ], [ 555081.01, 1386219.0 ] ] ] ] } },
{ "type": "Feature", "properties": { "Stt": 109.0, "Malo_cty": "5.15TK.N1.10.092", "Ten_lo": "AC 15.2 - KV 4", "Dien_tich": "7", "Ma_cay": "CAO_SU", "Nam_trong": "2010", "QGIA": "Cambodia", "TINH": "Kampong Thom", "HUYEN": "Santuk", "XA": "Kraya", "Ten_NT": "NT 1", "To": 4.0, "Giong": "RRIV 3" }, "geometry": { "type": "MultiPolygon", "coordinates": [ [ [ [ 556073.0, 1385170.9 ], [ 555582.11, 1385171.0 ], [ 555582.09, 1385316.0 ], [ 556073.0, 1385316.0 ], [ 556073.0, 1385288.0 ], [ 556055.0, 1385288.0 ], [ 556032.0, 1385289.0 ], [ 556015.0, 1385272.0 ], [ 556006.0, 1385271.0 ], [ 556004.0, 1385263.0 ], [ 556046.0, 1385260.0 ], [ 556051.0, 1385267.0 ], [ 556073.0, 1385267.0 ], [ 556073.0, 1385170.9 ] ] ] ] } },
{ "type": "Feature", "properties": { "Stt": 108.0, "Malo_cty": "5.15TK.N1.10.091", "Ten_lo": "AC 15.1 - KV 4", "Dien_tich": "17.3", "Ma_cay": "CAO_SU", "Nam_trong": "2010", "QGIA": "Cambodia", "TINH": "Kampong Thom", "HUYEN": "Santuk", "XA": "Kraya", "Ten_NT": "NT 1", "To": 4.0, "Giong": "PB 255" }, "geometry": { "type": "MultiPolygon", "coordinates": [ [ [ [ 555582.11, 1385171.0 ], [ 556073.0, 1385170.9 ], [ 556073.0, 1384833.0 ], [ 556073.0, 1384825.0 ], [ 555582.14, 1384825.0 ], [ 555582.11, 1385171.0 ] ] ] ] } },
{ "type": "Feature", "properties": { "Stt": 107.0, "Malo_cty": "5.15TK.N1.10.090", "Ten_lo": "AC 14.2 - KV 4", "Dien_tich": "4.1", "Ma_cay": "CAO_SU", "Nam_trong": "2010", "QGIA": "Cambodia", "TINH": "Kampong Thom", "HUYEN": "Santuk", "XA": "Kraya", "Ten_NT": "NT 1", "To": 4.0, "Giong": "RRIV 3" }, "geometry": { "type": "MultiPolygon", "coordinates": [ [ [ [ 555582.09, 1385406.0 ], [ 556073.0, 1385405.99 ], [ 556073.0, 1385324.0 ], [ 555582.09, 1385324.0 ], [ 555582.09, 1385406.0 ] ] ] ] } },
{ "type": "Feature", "properties": { "Stt": 106.0, "Malo_cty": "5.15TK.N1.10.089", "Ten_lo": "AC 14.1 - KV 4", "Dien_tich": "20.2", "Ma_cay": "CAO_SU", "Nam_trong": "2010", "QGIA": "Cambodia", "TINH": "Kampong Thom", "HUYEN": "Santuk", "XA": "Kraya", "Ten_NT": "NT 1", "To": 4.0, "Giong": "RRIV 2" }, "geometry": { "type": "MultiPolygon", "coordinates": [ [ [ [ 556073.0, 1385405.99 ], [ 555582.09, 1385406.0 ], [ 555582.04, 1385815.0 ], [ 556073.0, 1385815.0 ], [ 556073.0, 1385405.99 ] ] ] ] } },
{ "type": "Feature", "properties": { "Stt": 105.0, "Malo_cty": "5.15TK.N1.10.088", "Ten_lo": "AC 13 - KV 4", "Dien_tich": "19.3", "Ma_cay": "CAO_SU", "Nam_trong": "2010", "QGIA": "Cambodia", "TINH": "Kampong Thom", "HUYEN": "Santuk", "XA": "Kraya", "Ten_NT": "NT 1", "To": 4.0, "Giong": "RRIV 2" }, "geometry": { "type": "MultiPolygon", "coordinates": [ [ [ [ 555581.0, 1386214.63 ], [ 555582.0, 1386214.0 ], [ 556073.0, 1386214.0 ], [ 556073.0, 1386204.78 ], [ 556073.0, 1385825.0 ], [ 555581.04, 1385825.0 ], [ 555581.0, 1386214.63 ] ] ] ] } },
{ "type": "Feature", "properties": { "Stt": 407.0, "Malo_cty": "5.15TK.N3.11.064", "Ten_lo": "AC 16 - KV 6", "Dien_tich": "24.3", "Ma_cay": "CAO_SU", "Nam_trong": "2011", "QGIA": "Cambodia", "TINH": "Kampong Thom", "HUYEN": "Santuk", "XA": "Kraya", "Ten_NT": "NT 3", "To": 6.0, "Giong": "RRIV 1" }, "geometry": { "type": "MultiPolygon", "coordinates": [ [ [ [ 555582.14, 1384815.0 ], [ 556073.0, 1384815.0 ], [ 556073.0, 1384797.46 ], [ 556073.0, 1384324.99 ], [ 555582.2, 1384324.99 ], [ 555582.14, 1384815.0 ] ] ] ] } },
{ "type": "Feature", "properties": { "Stt": 404.0, "Malo_cty": "5.15TK.N3.10.006", "Ten_lo": "AB 16 - KV 6", "Dien_tich": "24.3", "Ma_cay": "CAO_SU", "Nam_trong": "2010", "QGIA": "Cambodia", "TINH": "Kampong Thom", "HUYEN": "Santuk", "XA": "Kraya", "Ten_NT": "NT 3", "To": 6.0, "Giong": "RRIV 201" }, "geometry": { "type": "MultiPolygon", "coordinates": [ [ [ [ 555081.16, 1384805.0 ], [ 555081.16, 1384815.0 ], [ 555572.15, 1384815.0 ], [ 555572.21, 1384324.99 ], [ 555081.21, 1384324.99 ], [ 555081.16, 1384805.0 ] ] ] ] } },
{ "type": "Feature", "properties": { "Stt": 321.0, "Malo_cty": "5.15TK.N3.11.060", "Ten_lo": "AB 23 - KV 3", "Dien_tich": "23.8", "Ma_cay": "CAO_SU", "Nam_trong": "2011", "QGIA": "Cambodia", "TINH": "Kampong Thom", "HUYEN": "Santuk", "XA": "Kraya", "Ten_NT": "NT 3", "To": 3.0, "Giong": "PB 260" }, "geometry": { "type": "MultiPolygon", "coordinates": [ [ [ [ 555077.03, 1381315.77 ], [ 555474.0, 1381315.83 ], [ 555474.0, 1381265.0 ], [ 555573.54, 1381265.0 ], [ 555573.59, 1380824.0 ], [ 555081.59, 1380824.0 ], [ 555081.54, 1381315.77 ], [ 555077.03, 1381315.77 ] ] ] ] } },
{ "type": "Feature", "properties": { "Stt": 317.0, "Malo_cty": "5.15TK.N3.11.046", "Ten_lo": "AA 23 - KV 3", "Dien_tich": "24.3", "Ma_cay": "CAO_SU", "Nam_trong": "2011", "QGIA": "Cambodia", "TINH": "Kampong Thom", "HUYEN": "Santuk", "XA": "Kraya", "Ten_NT": "NT 3", "To": 3.0, "Giong": "PB 260" }, "geometry": { "type": "MultiPolygon", "coordinates": [ [ [ [ 554582.53, 1381315.7 ], [ 555073.54, 1381315.77 ], [ 555073.59, 1380824.0 ], [ 554582.57, 1380824.0 ], [ 554582.57, 1380821.54 ], [ 554582.53, 1381315.7 ] ] ] ] } },
{ "type": "Feature", "properties": { "Stt": 472.0, "Malo_cty": "Nha doi", "Ten_lo": null, "Dien_tich": "0.5", "Ma_cay": "CAO_SU", "Nam_trong": null, "QGIA": "Cambodia", "TINH": "Kampong Thom", "HUYEN": "Santuk", "XA": "Kraya", "Ten_NT": null, "To": 0.0, "Giong": null }, "geometry": { "type": "MultiPolygon", "coordinates": [ [ [ [ 555573.54, 1381265.0 ], [ 555474.0, 1381265.0 ], [ 555474.0, 1381315.83 ], [ 555573.54, 1381315.84 ], [ 555573.54, 1381265.0 ] ] ] ] } },
{ "type": "Feature", "properties": { "Stt": 259.0, "Malo_cty": "5.15TK.N3.11.044", "Ten_lo": "AA 21 - KV 1", "Dien_tich": "24.3", "Ma_cay": "CAO_SU", "Nam_trong": "2011", "QGIA": "Cambodia", "TINH": "Kampong Thom", "HUYEN": "Santuk", "XA": "Kraya", "Ten_NT": "NT 3", "To": 1.0, "Giong": "RRIC 121" }, "geometry": { "type": "MultiPolygon", "coordinates": [ [ [ [ 554582.46, 1381902.33 ], [ 554585.0, 1381903.0 ], [ 554632.0, 1381934.0 ], [ 554657.0, 1381980.0 ], [ 554653.0, 1382064.0 ], [ 554585.0, 1382078.0 ], [ 554582.44, 1382078.04 ], [ 554582.42, 1382315.0 ], [ 555073.43, 1382315.0 ], [ 555073.48, 1381824.23 ], [ 554582.47, 1381824.3 ], [ 554582.47, 1381824.1 ], [ 554582.46, 1381902.33 ] ] ] ] } },
{ "type": "Feature", "properties": { "Stt": 316.0, "Malo_cty": "5.15TK.N3.11.045", "Ten_lo": "AA 22 - KV 3", "Dien_tich": "24.3", "Ma_cay": "CAO_SU", "Nam_trong": "2011", "QGIA": "Cambodia", "TINH": "Kampong Thom", "HUYEN": "Santuk", "XA": "Kraya", "Ten_NT": "NT 3", "To": 3.0, "Giong": "RRIC 121" }, "geometry": { "type": "MultiPolygon", "coordinates": [ [ [ [ 554582.47, 1381816.31 ], [ 555073.48, 1381816.24 ], [ 555073.54, 1381325.77 ], [ 555077.03, 1381325.77 ], [ 554582.52, 1381325.7 ], [ 554582.47, 1381816.31 ] ] ] ] } },
{ "type": "Feature", "properties": { "Stt": 267.0, "Malo_cty": "5.15TK.N3.11.058", "Ten_lo": "AB 21 - KV 1", "Dien_tich": "24.3", "Ma_cay": "CAO_SU", "Nam_trong": "2011", "QGIA": "Cambodia", "TINH": "Kampong Thom", "HUYEN": "Santuk", "XA": "Kraya", "Ten_NT": "NT 3", "To": 1.0, "Giong": "PB 255" }, "geometry": { "type": "MultiPolygon", "coordinates": [ [ [ [ 555572.48, 1381824.16 ], [ 555081.48, 1381824.23 ], [ 555081.43, 1382315.0 ], [ 555572.43, 1382315.0 ], [ 555572.48, 1381824.16 ] ] ] ] } },
{ "type": "Feature", "properties": { "Stt": 320.0, "Malo_cty": "5.15TK.N3.11.059", "Ten_lo": "AB 22 - KV 3", "Dien_tich": "24.3", "Ma_cay": "CAO_SU", "Nam_trong": "2011", "QGIA": "Cambodia", "TINH": "Kampong Thom", "HUYEN": "Santuk", "XA": "Kraya", "Ten_NT": "NT 3", "To": 3.0, "Giong": "RRIV 3" }, "geometry": { "type": "MultiPolygon", "coordinates": [ [ [ [ 555572.54, 1381325.84 ], [ 555577.02, 1381325.84 ], [ 555081.54, 1381325.77 ], [ 555081.48, 1381816.24 ], [ 555572.48, 1381816.17 ], [ 555572.54, 1381325.84 ] ] ] ] } },
{ "type": "Feature", "properties": { "Stt": 258.0, "Malo_cty": "5.15TK.N3.11.043", "Ten_lo": "AA 20.2 - KV 1", "Dien_tich": "0.8", "Ma_cay": "CAO_SU", "Nam_trong": "2011", "QGIA": "Cambodia", "TINH": "Kampong Thom", "HUYEN": "Santuk", "XA": "Kraya", "Ten_NT": "NT 3", "To": 1.0, "Giong": "RRIV 1" }, "geometry": { "type": "MultiPolygon", "coordinates": [ [ [ [ 554582.42, 1382343.04 ], [ 555073.43, 1382343.04 ], [ 555073.43, 1382325.0 ], [ 554582.42, 1382325.0 ], [ 554582.42, 1382343.04 ] ] ] ] } },
{ "type": "Feature", "properties": { "Stt": 262.0, "Malo_cty": "5.15TK.N3.10.009", "Ten_lo": "AB 19.1 - KV 1", "Dien_tich": "23.4", "Ma_cay": "CAO_SU", "Nam_trong": "2010", "QGIA": "Cambodia", "TINH": "Kampong Thom", "HUYEN": "Santuk", "XA": "Kraya", "Ten_NT": "NT 3", "To": 1.0, "Giong": "PB 260" }, "geometry": { "type": "MultiPolygon", "coordinates": [ [ [ [ 555081.32, 1383315.0 ], [ 555556.0, 1383315.0 ], [ 555556.0, 1382825.0 ], [ 555081.37, 1382825.0 ], [ 555081.32, 1383315.0 ] ] ] ] } },
{ "type": "Feature", "properties": { "Stt": 264.0, "Malo_cty": "5.15TK.N3.10.010", "Ten_lo": "AB 20.1 - KV 1", "Dien_tich": "6.5", "Ma_cay": "CAO_SU", "Nam_trong": "2010", "QGIA": "Cambodia", "TINH": "Kampong Thom", "HUYEN": "Santuk", "XA": "Kraya", "Ten_NT": "NT 3", "To": 1.0, "Giong": "PB 260" }, "geometry": { "type": "MultiPolygon", "coordinates": [ [ [ [ 555254.88, 1382568.0 ], [ 555255.0, 1382817.0 ], [ 555518.04, 1382817.0 ], [ 555518.02, 1382568.1 ], [ 555254.88, 1382568.0 ] ] ] ] } },
{ "type": "Feature", "properties": { "Stt": 263.0, "Malo_cty": "5.15TK.N3.11.056", "Ten_lo": "AB 19.2 - KV 1", "Dien_tich": "0.9", "Ma_cay": "CAO_SU", "Nam_trong": "2011", "QGIA": "Cambodia", "TINH": "Kampong Thom", "HUYEN": "Santuk", "XA": "Kraya", "Ten_NT": "NT 3", "To": 1.0, "Giong": "RRIV 1" }, "geometry": { "type": "MultiPolygon", "coordinates": [ [ [ [ 555556.0, 1382825.0 ], [ 555556.0, 1383315.0 ], [ 555572.32, 1383315.0 ], [ 555572.37, 1382825.0 ], [ 555556.0, 1382825.0 ] ] ] ] } },
{ "type": "Feature", "properties": { "Stt": 256.0, "Malo_cty": "5.15TK.N3.10.004", "Ten_lo": "AA 19 - KV 1", "Dien_tich": "24.3", "Ma_cay": "CAO_SU", "Nam_trong": "2010", "QGIA": "Cambodia", "TINH": "Kampong Thom", "HUYEN": "Santuk", "XA": "Kraya", "Ten_NT": "NT 3", "To": 1.0, "Giong": "PB 260" }, "geometry": { "type": "MultiPolygon", "coordinates": [ [ [ [ 554582.31, 1383315.0 ], [ 555073.32, 1383315.0 ], [ 555073.38, 1382825.0 ], [ 554582.36, 1382825.0 ], [ 554582.31, 1383315.0 ] ] ] ] } },
{ "type": "Feature", "properties": { "Stt": 283.0, "Malo_cty": "5.15TK.N3.10.038", "Ten_lo": "Z 19 - KV 1", "Dien_tich": "24.3", "Ma_cay": "CAO_SU", "Nam_trong": "2010", "QGIA": "Cambodia", "TINH": "Kampong Thom", "HUYEN": "Santuk", "XA": "Kraya", "Ten_NT": "NT 3", "To": 1.0, "Giong": "PB 260" }, "geometry": { "type": "MultiPolygon", "coordinates": [ [ [ [ 554572.37, 1382825.0 ], [ 554508.22, 1382825.0 ], [ 554081.0, 1382825.0 ], [ 554081.0, 1383315.0 ], [ 554572.32, 1383315.0 ], [ 554572.37, 1382825.0 ] ], [ [ 554133.0, 1383269.0 ], [ 554124.0, 1383272.0 ], [ 554118.0, 1383275.0 ], [ 554109.0, 1383278.0 ], [ 554101.0, 1383277.0 ], [ 554097.0, 1383264.0 ], [ 554101.0, 1383223.0 ], [ 554120.0, 1383211.0 ], [ 554123.0, 1383197.0 ], [ 554125.0, 1383195.0 ], [ 554129.0, 1383195.0 ], [ 554139.0, 1383203.0 ], [ 554154.0, 1383208.0 ], [ 554168.0, 1383208.0 ], [ 554173.0, 1383211.0 ], [ 554180.0, 1383222.0 ], [ 554180.0, 1383247.0 ], [ 554177.0, 1383256.0 ], [ 554162.0, 1383266.0 ], [ 554150.0, 1383270.0 ], [ 554133.0, 1383269.0 ] ] ] ] } },
{ "type": "Feature", "properties": { "Stt": 257.0, "Malo_cty": "5.15TK.N3.10.005", "Ten_lo": "AA 20.1 - KV 1", "Dien_tich": "23.5", "Ma_cay": "CAO_SU", "Nam_trong": "2010", "QGIA": "Cambodia", "TINH": "Kampong Thom", "HUYEN": "Santuk", "XA": "Kraya", "Ten_NT": "NT 3", "To": 1.0, "Giong": "PB 260" }, "geometry": { "type": "MultiPolygon", "coordinates": [ [ [ [ 555073.43, 1382343.04 ], [ 554582.42, 1382343.04 ], [ 554582.36, 1382817.0 ], [ 555073.38, 1382817.0 ], [ 555073.43, 1382343.04 ] ] ] ] } },
{ "type": "Feature", "properties": { "Stt": 284.0, "Malo_cty": "5.15TK.N3.10.039", "Ten_lo": "Z 20.1 - KV 1", "Dien_tich": "21", "Ma_cay": "CAO_SU", "Nam_trong": "2010", "QGIA": "Cambodia", "TINH": "Kampong Thom", "HUYEN": "Santuk", "XA": "Kraya", "Ten_NT": "NT 3", "To": 1.0, "Giong": "PB 260" }, "geometry": { "type": "MultiPolygon", "coordinates": [ [ [ [ 554471.58, 1382817.05 ], [ 554471.78, 1382761.04 ], [ 554572.37, 1382760.94 ], [ 554572.42, 1382391.89 ], [ 554081.0, 1382392.0 ], [ 554081.0, 1382817.0 ], [ 554471.58, 1382817.05 ] ] ] ] } },
{ "type": "Feature", "properties": { "Stt": 285.0, "Malo_cty": "5.15TK.N3.11.136", "Ten_lo": "Z 20.2 - KV 1", "Dien_tich": "3.3", "Ma_cay": "CAO_SU", "Nam_trong": "2011", "QGIA": "Cambodia", "TINH": "Kampong Thom", "HUYEN": "Santuk", "XA": "Kraya", "Ten_NT": "NT 3", "To": 1.0, "Giong": "RRIV 1" }, "geometry": { "type": "MultiPolygon", "coordinates": [ [ [ [ 554081.0, 1382392.0 ], [ 554572.42, 1382391.89 ], [ 554572.42, 1382325.0 ], [ 554081.0, 1382325.0 ], [ 554081.0, 1382392.0 ] ] ] ] } },
{ "type": "Feature", "properties": { "Stt": 470.0, "Malo_cty": "Nha doi", "Ten_lo": null, "Dien_tich": "0.5", "Ma_cay": "CAO_SU", "Nam_trong": null, "QGIA": "Cambodia", "TINH": "Kampong Thom", "HUYEN": "Santuk", "XA": "Kraya", "Ten_NT": null, "To": 0.0, "Giong": null }, "geometry": { "type": "MultiPolygon", "coordinates": [ [ [ [ 554471.72, 1382761.0 ], [ 554471.73, 1382807.0 ], [ 554471.73, 1382817.01 ], [ 554572.48, 1382817.01 ], [ 554572.48, 1382761.0 ], [ 554471.72, 1382761.0 ] ] ] ] } },
{ "type": "Feature", "properties": { "Stt": 282.0, "Malo_cty": "5.15TK.N3.10.037", "Ten_lo": "Z 18 - KV 1", "Dien_tich": "24.3", "Ma_cay": "CAO_SU", "Nam_trong": "2010", "QGIA": "Cambodia", "TINH": "Kampong Thom", "HUYEN": "Santuk", "XA": "Kraya", "Ten_NT": "NT 3", "To": 1.0, "Giong": "PB 255" }, "geometry": { "type": "MultiPolygon", "coordinates": [ [ [ [ 554572.32, 1383325.0 ], [ 554081.0, 1383325.0 ], [ 554081.0, 1383816.0 ], [ 554572.26, 1383816.0 ], [ 554572.32, 1383325.0 ] ] ] ] } },
{ "type": "Feature", "properties": { "Stt": 101.0, "Malo_cty": "5.15TK.N1.10.086", "Ten_lo": "AA 15 - KV 4", "Dien_tich": "24.3", "Ma_cay": "CAO_SU", "Nam_trong": "2010", "QGIA": "Cambodia", "TINH": "Kampong Thom", "HUYEN": "Santuk", "XA": "Kraya", "Ten_NT": "NT 1", "To": 4.0, "Giong": "IRCA 130" }, "geometry": { "type": "MultiPolygon", "coordinates": [ [ [ [ 554582.1, 1385316.0 ], [ 555073.1, 1385316.0 ], [ 555073.15, 1384835.0 ], [ 555073.15, 1384825.0 ], [ 554582.15, 1384825.0 ], [ 554582.1, 1385316.0 ] ] ] ] } },
{ "type": "Feature", "properties": { "Stt": 99.0, "Malo_cty": "5.15TK.N1.10.085", "Ten_lo": "AA 13 - KV 4", "Dien_tich": "19.1", "Ma_cay": "CAO_SU", "Nam_trong": "2010", "QGIA": "Cambodia", "TINH": "Kampong Thom", "HUYEN": "Santuk", "XA": "Kraya", "Ten_NT": "NT 1", "To": 4.0, "Giong": "IRCA 130" }, "geometry": { "type": "MultiPolygon", "coordinates": [ [ [ [ 554582.0, 1386219.0 ], [ 555032.0, 1386219.0 ], [ 555073.0, 1386217.0 ], [ 555073.01, 1386217.0 ], [ 555073.01, 1386215.92 ], [ 555073.0, 1386215.92 ], [ 555073.04, 1385875.0 ], [ 554973.0, 1385875.0 ], [ 554973.0, 1385825.0 ], [ 554582.04, 1385825.0 ], [ 554582.0, 1386219.0 ] ] ] ] } },
{ "type": "Feature", "properties": { "Stt": 100.0, "Malo_cty": "5.15TK.N1.10.118", "Ten_lo": "AA 14 - KV 4", "Dien_tich": "24.3", "Ma_cay": "CAO_SU", "Nam_trong": "2010", "QGIA": "Cambodia", "TINH": "Kampong Thom", "HUYEN": "Santuk", "XA": "Kraya", "Ten_NT": "NT 1", "To": 4.0, "Giong": "PB 260" }, "geometry": { "type": "MultiPolygon", "coordinates": [ [ [ [ 554582.1, 1385324.0 ], [ 554582.09, 1385324.0 ], [ 554582.04, 1385815.0 ], [ 555073.05, 1385815.0 ], [ 555073.1, 1385324.0 ], [ 554582.1, 1385324.0 ] ] ] ] } },
{ "type": "Feature", "properties": { "Stt": 121.0, "Malo_cty": "5.15TK.N1.10.116", "Ten_lo": "Z 14 - KV 4", "Dien_tich": "24.3", "Ma_cay": "CAO_SU", "Nam_trong": "2010", "QGIA": "Cambodia", "TINH": "Kampong Thom", "HUYEN": "Santuk", "XA": "Kraya", "Ten_NT": "NT 1", "To": 4.0, "Giong": "PB 260" }, "geometry": { "type": "MultiPolygon", "coordinates": [ [ [ [ 554081.0, 1385815.0 ], [ 554081.99, 1385815.0 ], [ 554572.04, 1385815.0 ], [ 554572.1, 1385324.0 ], [ 554081.0, 1385324.0 ], [ 554081.0, 1385815.0 ] ] ] ] } },
{ "type": "Feature", "properties": { "Stt": 120.0, "Malo_cty": "5.15TK.N1.10.084", "Ten_lo": "Z 13 - KV 4", "Dien_tich": "19.1", "Ma_cay": "CAO_SU", "Nam_trong": "2010", "QGIA": "Cambodia", "TINH": "Kampong Thom", "HUYEN": "Santuk", "XA": "Kraya", "Ten_NT": "NT 1", "To": 4.0, "Giong": "IRCA 130" }, "geometry": { "type": "MultiPolygon", "coordinates": [ [ [ [ 554081.0, 1385825.0 ], [ 554081.0, 1386212.0 ], [ 554412.0, 1386213.0 ], [ 554444.0, 1386217.0 ], [ 554572.0, 1386217.0 ], [ 554572.04, 1385825.0 ], [ 554081.99, 1385825.0 ], [ 554081.0, 1385825.0 ] ] ] ] } },
{ "type": "Feature", "properties": { "Stt": 437.0, "Malo_cty": "Chua su dung", "Ten_lo": null, "Dien_tich": "0.5", "Ma_cay": "CAO_SU", "Nam_trong": null, "QGIA": "Cambodia", "TINH": "Kampong Thom", "HUYEN": "Santuk", "XA": "Kraya", "Ten_NT": null, "To": 0.0, "Giong": null }, "geometry": { "type": "MultiPolygon", "coordinates": [ [ [ [ 554973.0, 1385825.0 ], [ 554973.0, 1385875.0 ], [ 555073.04, 1385875.0 ], [ 555073.05, 1385825.0 ], [ 554973.0, 1385825.0 ] ] ] ] } },
{ "type": "Feature", "properties": { "Stt": 402.0, "Malo_cty": "5.15TK.N3.10.001", "Ten_lo": "AA 16 - KV 6", "Dien_tich": "24.3", "Ma_cay": "CAO_SU", "Nam_trong": "2010", "QGIA": "Cambodia", "TINH": "Kampong Thom", "HUYEN": "Santuk", "XA": "Kraya", "Ten_NT": "NT 3", "To": 6.0, "Giong": "PB 260" }, "geometry": { "type": "MultiPolygon", "coordinates": [ [ [ [ 554582.15, 1384815.0 ], [ 555073.15, 1384815.0 ], [ 555073.15, 1384805.0 ], [ 555073.21, 1384324.99 ], [ 554582.2, 1384324.99 ], [ 554582.15, 1384815.0 ] ] ] ] } },
{ "type": "Feature", "properties": { "Stt": 286.0, "Malo_cty": "5.15TK.N3.11.137", "Ten_lo": "Z 21.1 - KV 1", "Dien_tich": "7", "Ma_cay": "CAO_SU", "Nam_trong": "2011", "QGIA": "Cambodia", "TINH": "Kampong Thom", "HUYEN": "Santuk", "XA": "Kraya", "Ten_NT": "NT 3", "To": 1.0, "Giong": "RRIV 1" }, "geometry": { "type": "MultiPolygon", "coordinates": [ [ [ [ 554432.69, 1381824.32 ], [ 554433.0, 1382315.0 ], [ 554572.42, 1382315.0 ], [ 554572.45, 1382078.17 ], [ 554512.0, 1382079.0 ], [ 554458.0, 1382030.0 ], [ 554456.0, 1381935.0 ], [ 554513.0, 1381884.0 ], [ 554572.47, 1381899.69 ], [ 554572.47, 1381824.3 ], [ 554432.69, 1381824.32 ] ] ] ] } },
{ "type": "Feature", "properties": { "Stt": 484.0, "Malo_cty": "Song, suoi, trung", "Ten_lo": null, "Dien_tich": null, "Ma_cay": "CAO_SU", "Nam_trong": null, "QGIA": "Cambodia", "TINH": "Kampong Thom", "HUYEN": "Santuk", "XA": "Kraya", "Ten_NT": null, "To": 0.0, "Giong": null }, "geometry": { "type": "MultiPolygon", "coordinates": [ [ [ [ 554512.0, 1382079.0 ], [ 554572.45, 1382078.17 ], [ 554572.47, 1381899.69 ], [ 554513.0, 1381884.0 ], [ 554456.0, 1381935.0 ], [ 554458.0, 1382030.0 ], [ 554512.0, 1382079.0 ] ] ] ] } },
{ "type": "Feature", "properties": { "Stt": 340.0, "Malo_cty": "5.15TK.N3.10.040", "Ten_lo": "Z 23.1 - KV 3", "Dien_tich": "23.1", "Ma_cay": "CAO_SU", "Nam_trong": "2010", "QGIA": "Cambodia", "TINH": "Kampong Thom", "HUYEN": "Santuk", "XA": "Kraya", "Ten_NT": "NT 3", "To": 3.0, "Giong": "PB 260" }, "geometry": { "type": "MultiPolygon", "coordinates": [ [ [ [ 554077.05, 1381315.63 ], [ 554549.0, 1381315.7 ], [ 554549.22, 1380824.0 ], [ 554081.0, 1380824.0 ], [ 554081.0, 1381315.63 ], [ 554077.05, 1381315.63 ] ] ] ] } },
{ "type": "Feature", "properties": { "Stt": 341.0, "Malo_cty": "5.15TK.N3.11.140", "Ten_lo": "Z 23.2 - KV 3", "Dien_tich": "1.2", "Ma_cay": "CAO_SU", "Nam_trong": "2011", "QGIA": "Cambodia", "TINH": "Kampong Thom", "HUYEN": "Santuk", "XA": "Kraya", "Ten_NT": "NT 3", "To": 3.0, "Giong": "RRIV 1" }, "geometry": { "type": "MultiPolygon", "coordinates": [ [ [ [ 554549.22, 1380824.0 ], [ 554549.0, 1381315.7 ], [ 554572.53, 1381315.7 ], [ 554572.58, 1380824.0 ], [ 554549.22, 1380824.0 ] ] ] ] } },
{ "type": "Feature", "properties": { "Stt": 485.0, "Malo_cty": "Song, suoi, trung", "Ten_lo": null, "Dien_tich": null, "Ma_cay": "CAO_SU", "Nam_trong": null, "QGIA": "Cambodia", "TINH": "Kampong Thom", "HUYEN": "Santuk", "XA": "Kraya", "Ten_NT": null, "To": 0.0, "Giong": null }, "geometry": { "type": "MultiPolygon", "coordinates": [ [ [ [ 554582.46, 1381902.33 ], [ 554582.44, 1382078.04 ], [ 554585.0, 1382078.0 ], [ 554653.0, 1382064.0 ], [ 554657.0, 1381980.0 ], [ 554632.0, 1381934.0 ], [ 554585.0, 1381903.0 ], [ 554582.46, 1381902.33 ] ] ] ] } },
{ "type": "Feature", "properties": { "Stt": 488.0, "Malo_cty": "Song, suoi, trung", "Ten_lo": null, "Dien_tich": null, "Ma_cay": "CAO_SU", "Nam_trong": null, "QGIA": "Cambodia", "TINH": "Kampong Thom", "HUYEN": "Santuk", "XA": "Kraya", "Ten_NT": null, "To": 0.0, "Giong": null }, "geometry": { "type": "MultiPolygon", "coordinates": [ [ [ [ 554433.0, 1381368.0 ], [ 554433.0, 1381394.0 ], [ 554431.0, 1381396.0 ], [ 554415.0, 1381388.0 ], [ 554415.0, 1381398.0 ], [ 554420.0, 1381426.0 ], [ 554441.0, 1381439.0 ], [ 554442.0, 1381440.0 ], [ 554445.0, 1381452.0 ], [ 554471.0, 1381456.0 ], [ 554466.0, 1381408.0 ], [ 554467.0, 1381407.0 ], [ 554485.0, 1381407.0 ], [ 554482.0, 1381361.0 ], [ 554480.0, 1381351.0 ], [ 554464.0, 1381360.0 ], [ 554463.0, 1381386.0 ], [ 554455.0, 1381385.0 ], [ 554450.0, 1381376.0 ], [ 554441.0, 1381374.0 ], [ 554433.0, 1381368.0 ] ] ] ] } },
{ "type": "Feature", "properties": { "Stt": 339.0, "Malo_cty": "5.15TK.N3.11.139", "Ten_lo": "Z 22 - KV 3", "Dien_tich": "24.3", "Ma_cay": "CAO_SU", "Nam_trong": "2011", "QGIA": "Cambodia", "TINH": "Kampong Thom", "HUYEN": "Santuk", "XA": "Kraya", "Ten_NT": "NT 3", "To": 3.0, "Giong": "PB 255" }, "geometry": { "type": "MultiPolygon", "coordinates": [ [ [ [ 554572.47, 1381824.1 ], [ 554572.52, 1381325.7 ], [ 554081.0, 1381325.63 ], [ 554081.0, 1381816.38 ], [ 554572.47, 1381816.31 ], [ 554572.47, 1381824.1 ] ], [ [ 554433.0, 1381368.0 ], [ 554441.0, 1381374.0 ], [ 554450.0, 1381376.0 ], [ 554455.0, 1381385.0 ], [ 554463.0, 1381386.0 ], [ 554464.0, 1381360.0 ], [ 554480.0, 1381351.0 ], [ 554482.0, 1381361.0 ], [ 554485.0, 1381407.0 ], [ 554467.0, 1381407.0 ], [ 554466.0, 1381408.0 ], [ 554471.0, 1381456.0 ], [ 554445.0, 1381452.0 ], [ 554442.0, 1381440.0 ], [ 554441.0, 1381439.0 ], [ 554420.0, 1381426.0 ], [ 554415.0, 1381398.0 ], [ 554415.0, 1381388.0 ], [ 554431.0, 1381396.0 ], [ 554433.0, 1381394.0 ], [ 554433.0, 1381368.0 ] ] ] ] } },
{ "type": "Feature", "properties": { "Stt": 287.0, "Malo_cty": "5.15TK.N3.11.138", "Ten_lo": "Z 21.2 - KV 1", "Dien_tich": "17.3", "Ma_cay": "CAO_SU", "Nam_trong": "2011", "QGIA": "Cambodia", "TINH": "Kampong Thom", "HUYEN": "Santuk", "XA": "Kraya", "Ten_NT": "NT 3", "To": 1.0, "Giong": "RRIV 124" }, "geometry": { "type": "MultiPolygon", "coordinates": [ [ [ [ 554081.0, 1382315.0 ], [ 554433.0, 1382315.0 ], [ 554432.69, 1381824.32 ], [ 554081.0, 1381824.37 ], [ 554081.0, 1382315.0 ] ] ] ] } },
{ "type": "Feature", "properties": { "Stt": 277.0, "Malo_cty": "5.15TK.N3.10.031", "Ten_lo": "Y 18 - KV 1", "Dien_tich": "24.3", "Ma_cay": "CAO_SU", "Nam_trong": "2010", "QGIA": "Cambodia", "TINH": "Kampong Thom", "HUYEN": "Santuk", "XA": "Kraya", "Ten_NT": "NT 3", "To": 1.0, "Giong": "PB 260" }, "geometry": { "type": "MultiPolygon", "coordinates": [ [ [ [ 554073.0, 1383325.0 ], [ 553581.0, 1383325.0 ], [ 553581.0, 1383816.0 ], [ 554073.0, 1383816.0 ], [ 554073.0, 1383325.0 ] ] ] ] } },
{ "type": "Feature", "properties": { "Stt": 403.0, "Malo_cty": "5.15TK.N3.10.002", "Ten_lo": "AA 17 - KV 6", "Dien_tich": "24.3", "Ma_cay": "CAO_SU", "Nam_trong": "2010", "QGIA": "Cambodia", "TINH": "Kampong Thom", "HUYEN": "Santuk", "XA": "Kraya", "Ten_NT": "NT 3", "To": 6.0, "Giong": "PB 260" }, "geometry": { "type": "MultiPolygon", "coordinates": [ [ [ [ 554582.2, 1384315.0 ], [ 555073.21, 1384315.0 ], [ 555073.27, 1383824.0 ], [ 554582.25, 1383824.0 ], [ 554582.2, 1384315.0 ] ] ] ] } },
{ "type": "Feature", "properties": { "Stt": 425.0, "Malo_cty": "5.15TK.N3.10.036", "Ten_lo": "Z 17 - KV 6", "Dien_tich": "24.3", "Ma_cay": "CAO_SU", "Nam_trong": "2010", "QGIA": "Cambodia", "TINH": "Kampong Thom", "HUYEN": "Santuk", "XA": "Kraya", "Ten_NT": "NT 3", "To": 6.0, "Giong": "PB 255" }, "geometry": { "type": "MultiPolygon", "coordinates": [ [ [ [ 554572.26, 1383824.0 ], [ 554081.0, 1383824.0 ], [ 554081.0, 1384315.0 ], [ 554572.21, 1384315.0 ], [ 554572.26, 1383824.0 ] ] ] ] } },
{ "type": "Feature", "properties": { "Stt": 255.0, "Malo_cty": "5.15TK.N3.10.003", "Ten_lo": "AA 18 - KV 1", "Dien_tich": "24.3", "Ma_cay": "CAO_SU", "Nam_trong": "2010", "QGIA": "Cambodia", "TINH": "Kampong Thom", "HUYEN": "Santuk", "XA": "Kraya", "Ten_NT": "NT 3", "To": 1.0, "Giong": "IRCA 130" }, "geometry": { "type": "MultiPolygon", "coordinates": [ [ [ [ 555073.32, 1383325.0 ], [ 554582.31, 1383325.0 ], [ 554582.25, 1383816.0 ], [ 555073.27, 1383816.0 ], [ 555073.32, 1383325.0 ] ] ] ] } },
{ "type": "Feature", "properties": { "Stt": 423.0, "Malo_cty": "5.15TK.N3.10.030", "Ten_lo": "Y 17 - KV 6", "Dien_tich": "24.3", "Ma_cay": "CAO_SU", "Nam_trong": "2010", "QGIA": "Cambodia", "TINH": "Kampong Thom", "HUYEN": "Santuk", "XA": "Kraya", "Ten_NT": "NT 3", "To": 6.0, "Giong": "PB 260" }, "geometry": { "type": "MultiPolygon", "coordinates": [ [ [ [ 553581.0, 1383824.0 ], [ 553581.0, 1384315.0 ], [ 554073.0, 1384315.0 ], [ 554073.0, 1383880.22 ], [ 553972.16, 1383880.01 ], [ 553972.06, 1383824.0 ], [ 553581.0, 1383824.0 ] ] ] ] } },
{ "type": "Feature", "properties": { "Stt": 475.0, "Malo_cty": "Nha doi", "Ten_lo": null, "Dien_tich": "0.5", "Ma_cay": "CAO_SU", "Nam_trong": null, "QGIA": "Cambodia", "TINH": "Kampong Thom", "HUYEN": "Santuk", "XA": "Kraya", "Ten_NT": null, "To": 0.0, "Giong": null }, "geometry": { "type": "MultiPolygon", "coordinates": [ [ [ [ 553972.25, 1383824.05 ], [ 553972.26, 1383870.05 ], [ 553972.26, 1383880.06 ], [ 554073.01, 1383880.06 ], [ 554073.01, 1383824.05 ], [ 553972.25, 1383824.05 ] ] ] ] } },
{ "type": "Feature", "properties": { "Stt": 119.0, "Malo_cty": "5.15TK.N1.10.083", "Ten_lo": "Y 15 - KV 4", "Dien_tich": "24.3", "Ma_cay": "CAO_SU", "Nam_trong": "2010", "QGIA": "Cambodia", "TINH": "Kampong Thom", "HUYEN": "Santuk", "XA": "Kraya", "Ten_NT": "NT 1", "To": 4.0, "Giong": "RRIV 3" }, "geometry": { "type": "MultiPolygon", "coordinates": [ [ [ [ 553681.97, 1385316.0 ], [ 554073.0, 1385316.0 ], [ 554073.0, 1384835.0 ], [ 554073.0, 1384825.0 ], [ 553581.0, 1384825.0 ], [ 553581.0, 1384835.0 ], [ 553581.0, 1385260.05 ], [ 553681.86, 1385260.31 ], [ 553681.97, 1385316.0 ] ] ] ] } },
{ "type": "Feature", "properties": { "Stt": 421.0, "Malo_cty": "5.15TK.N3.10.024", "Ten_lo": "X 17 - KV 6", "Dien_tich": "24.3", "Ma_cay": "CAO_SU", "Nam_trong": "2010", "QGIA": "Cambodia", "TINH": "Kampong Thom", "HUYEN": "Santuk", "XA": "Kraya", "Ten_NT": "NT 3", "To": 6.0, "Giong": "PB 260" }, "geometry": { "type": "MultiPolygon", "coordinates": [ [ [ [ 553081.0, 1384315.0 ], [ 553573.0, 1384315.0 ], [ 553573.0, 1383824.0 ], [ 553081.0, 1383824.0 ], [ 553081.0, 1384315.0 ] ] ] ] } },
{ "type": "Feature", "properties": { "Stt": 122.0, "Malo_cty": "5.15TK.N1.10.117", "Ten_lo": "Z 15 - KV 4", "Dien_tich": "24.3", "Ma_cay": "CAO_SU", "Nam_trong": "2010", "QGIA": "Cambodia", "TINH": "Kampong Thom", "HUYEN": "Santuk", "XA": "Kraya", "Ten_NT": "NT 1", "To": 4.0, "Giong": "RRIV 3" }, "geometry": { "type": "MultiPolygon", "coordinates": [ [ [ [ 554572.1, 1385316.0 ], [ 554572.15, 1384825.0 ], [ 554081.0, 1384825.0 ], [ 554081.0, 1384835.0 ], [ 554081.0, 1385316.0 ], [ 554572.1, 1385316.0 ] ] ] ] } },
{ "type": "Feature", "properties": { "Stt": 424.0, "Malo_cty": "5.15TK.N3.10.135", "Ten_lo": "Z 16 - KV 6", "Dien_tich": "24.3", "Ma_cay": "CAO_SU", "Nam_trong": "2010", "QGIA": "Cambodia", "TINH": "Kampong Thom", "HUYEN": "Santuk", "XA": "Kraya", "Ten_NT": "NT 3", "To": 6.0, "Giong": "PB 260" }, "geometry": { "type": "MultiPolygon", "coordinates": [ [ [ [ 554081.0, 1384324.99 ], [ 554081.0, 1384805.0 ], [ 554081.0, 1384815.0 ], [ 554572.15, 1384815.0 ], [ 554572.21, 1384324.99 ], [ 554081.0, 1384324.99 ] ] ] ] } },
{ "type": "Feature", "properties": { "Stt": 116.0, "Malo_cty": "5.15TK.N1.10.115", "Ten_lo": "X 15 - KV 4", "Dien_tich": "24.3", "Ma_cay": "CAO_SU", "Nam_trong": "2010", "QGIA": "Cambodia", "TINH": "Kampong Thom", "HUYEN": "Santuk", "XA": "Kraya", "Ten_NT": "NT 1", "To": 4.0, "Giong": "PB 260" }, "geometry": { "type": "MultiPolygon", "coordinates": [ [ [ [ 553573.0, 1384825.0 ], [ 553081.0, 1384825.0 ], [ 553081.0, 1384835.0 ], [ 553081.0, 1385316.0 ], [ 553573.0, 1385316.0 ], [ 553573.0, 1384835.0 ], [ 553573.0, 1384825.0 ] ] ] ] } },
{ "type": "Feature", "properties": { "Stt": 336.0, "Malo_cty": "5.15TK.N3.11.128", "Ten_lo": "Y 22.2 - KV 3", "Dien_tich": "3.8", "Ma_cay": "CAO_SU", "Nam_trong": "2011", "QGIA": "Cambodia", "TINH": "Kampong Thom", "HUYEN": "Santuk", "XA": "Kraya", "Ten_NT": "NT 3", "To": 3.0, "Giong": "RRIV 1" }, "geometry": { "type": "MultiPolygon", "coordinates": [ [ [ [ 553581.0, 1381325.56 ], [ 553581.0, 1381343.2 ], [ 553583.0, 1381343.0 ], [ 554050.0, 1381343.0 ], [ 554050.0, 1381733.0 ], [ 553941.0, 1381733.0 ], [ 553941.0, 1381772.0 ], [ 553822.0, 1381771.0 ], [ 553822.0, 1381800.0 ], [ 553583.0, 1381800.0 ], [ 553581.0, 1381799.9 ], [ 553581.0, 1381816.45 ], [ 554073.0, 1381816.38 ], [ 554073.0, 1381325.63 ], [ 554077.05, 1381325.63 ], [ 553581.0, 1381325.56 ] ] ] ] } },
{ "type": "Feature", "properties": { "Stt": 335.0, "Malo_cty": "5.15TK.N3.10.033", "Ten_lo": "Y 22.1 - KV 3", "Dien_tich": "20.5", "Ma_cay": "CAO_SU", "Nam_trong": "2010", "QGIA": "Cambodia", "TINH": "Kampong Thom", "HUYEN": "Santuk", "XA": "Kraya", "Ten_NT": "NT 3", "To": 3.0, "Giong": "PB 260" }, "geometry": { "type": "MultiPolygon", "coordinates": [ [ [ [ 553581.0, 1381343.2 ], [ 553581.0, 1381799.9 ], [ 553583.0, 1381800.0 ], [ 553822.0, 1381800.0 ], [ 553822.0, 1381771.0 ], [ 553941.0, 1381772.0 ], [ 553941.0, 1381733.0 ], [ 554050.0, 1381733.0 ], [ 554050.0, 1381343.0 ], [ 553583.0, 1381343.0 ], [ 553581.0, 1381343.2 ] ] ] ] } },
{ "type": "Feature", "properties": { "Stt": 489.0, "Malo_cty": "Song, suoi, trung", "Ten_lo": null, "Dien_tich": null, "Ma_cay": "CAO_SU", "Nam_trong": null, "QGIA": "Cambodia", "TINH": "Kampong Thom", "HUYEN": "Santuk", "XA": "Kraya", "Ten_NT": null, "To": 0.0, "Giong": null }, "geometry": { "type": "MultiPolygon", "coordinates": [ [ [ [ 553500.0, 1381494.0 ], [ 553481.0, 1381486.0 ], [ 553476.0, 1381491.0 ], [ 553475.0, 1381528.0 ], [ 553505.0, 1381527.0 ], [ 553508.0, 1381508.0 ], [ 553500.0, 1381494.0 ] ] ] ] } },
{ "type": "Feature", "properties": { "Stt": 337.0, "Malo_cty": "5.15TK.N3.10.034", "Ten_lo": "Y 23 - KV 3", "Dien_tich": "24.3", "Ma_cay": "CAO_SU", "Nam_trong": "2010", "QGIA": "Cambodia", "TINH": "Kampong Thom", "HUYEN": "Santuk", "XA": "Kraya", "Ten_NT": "NT 3", "To": 3.0, "Giong": "PB 260" }, "geometry": { "type": "MultiPolygon", "coordinates": [ [ [ [ 553581.0, 1380824.0 ], [ 553581.0, 1381315.56 ], [ 554073.0, 1381315.63 ], [ 554073.0, 1380824.0 ], [ 553581.0, 1380824.0 ] ] ] ] } },
{ "type": "Feature", "properties": { "Stt": 314.0, "Malo_cty": "5.15TK.N3.10.027", "Ten_lo": "X 22.2 - KV 2", "Dien_tich": "14.3", "Ma_cay": "CAO_SU", "Nam_trong": "2010", "QGIA": "Cambodia", "TINH": "Kampong Thom", "HUYEN": "Santuk", "XA": "Kraya", "Ten_NT": "NT 3", "To": 2.0, "Giong": "RRIV 3" }, "geometry": { "type": "MultiPolygon", "coordinates": [ [ [ [ 553284.0, 1381816.49 ], [ 553570.75, 1381816.45 ], [ 553570.76, 1381820.44 ], [ 553571.76, 1381820.44 ], [ 553571.75, 1381816.45 ], [ 553573.0, 1381816.45 ], [ 553573.0, 1381325.56 ], [ 553284.19, 1381325.52 ], [ 553284.0, 1381816.49 ] ], [ [ 553500.0, 1381494.0 ], [ 553508.0, 1381508.0 ], [ 553505.0, 1381527.0 ], [ 553475.0, 1381528.0 ], [ 553476.0, 1381491.0 ], [ 553481.0, 1381486.0 ], [ 553500.0, 1381494.0 ] ] ] ] } },
{ "type": "Feature", "properties": { "Stt": 281.0, "Malo_cty": "5.15TK.N3.11.127", "Ten_lo": "Y 21 - KV 1", "Dien_tich": "24.3", "Ma_cay": "CAO_SU", "Nam_trong": "2011", "QGIA": "Cambodia", "TINH": "Kampong Thom", "HUYEN": "Santuk", "XA": "Kraya", "Ten_NT": "NT 3", "To": 1.0, "Giong": "PB 260" }, "geometry": { "type": "MultiPolygon", "coordinates": [ [ [ [ 553581.0, 1381824.44 ], [ 553581.0, 1382315.0 ], [ 554073.0, 1382315.0 ], [ 554073.0, 1381824.37 ], [ 553581.0, 1381824.44 ] ] ] ] } },
{ "type": "Feature", "properties": { "Stt": 280.0, "Malo_cty": "5.15TK.N3.11.126", "Ten_lo": "Y 20.2 - KV 1", "Dien_tich": "2.8", "Ma_cay": "CAO_SU", "Nam_trong": "2011", "QGIA": "Cambodia", "TINH": "Kampong Thom", "HUYEN": "Santuk", "XA": "Kraya", "Ten_NT": "NT 3", "To": 1.0, "Giong": "RRIV 1" }, "geometry": { "type": "MultiPolygon", "coordinates": [ [ [ [ 553581.0, 1382382.0 ], [ 554073.0, 1382381.71 ], [ 554073.0, 1382325.0 ], [ 553581.0, 1382325.0 ], [ 553581.0, 1382382.0 ] ] ] ] } },
{ "type": "Feature", "properties": { "Stt": 278.0, "Malo_cty": "5.15TK.N3.10.032", "Ten_lo": "Y 19 - KV 1", "Dien_tich": "24.3", "Ma_cay": "CAO_SU", "Nam_trong": "2010", "QGIA": "Cambodia", "TINH": "Kampong Thom", "HUYEN": "Santuk", "XA": "Kraya", "Ten_NT": "NT 3", "To": 1.0, "Giong": "PB 255" }, "geometry": { "type": "MultiPolygon", "coordinates": [ [ [ [ 553581.0, 1383315.0 ], [ 554073.0, 1383315.0 ], [ 554073.0, 1382825.0 ], [ 553581.0, 1382825.0 ], [ 553581.0, 1383315.0 ] ] ] ] } },
{ "type": "Feature", "properties": { "Stt": 481.0, "Malo_cty": "Song, suoi, trung", "Ten_lo": null, "Dien_tich": null, "Ma_cay": "CAO_SU", "Nam_trong": null, "QGIA": "Cambodia", "TINH": "Kampong Thom", "HUYEN": "Santuk", "XA": "Kraya", "Ten_NT": null, "To": 0.0, "Giong": null }, "geometry": { "type": "MultiPolygon", "coordinates": [ [ [ [ 554133.0, 1383269.0 ], [ 554133.0, 1383269.0 ], [ 554150.0, 1383270.0 ], [ 554162.0, 1383266.0 ], [ 554177.0, 1383256.0 ], [ 554180.0, 1383247.0 ], [ 554180.0, 1383222.0 ], [ 554173.0, 1383211.0 ], [ 554168.0, 1383208.0 ], [ 554154.0, 1383208.0 ], [ 554139.0, 1383203.0 ], [ 554129.0, 1383195.0 ], [ 554125.0, 1383195.0 ], [ 554123.0, 1383197.0 ], [ 554120.0, 1383211.0 ], [ 554101.0, 1383223.0 ], [ 554097.0, 1383264.0 ], [ 554101.0, 1383277.0 ], [ 554109.0, 1383278.0 ], [ 554118.0, 1383275.0 ], [ 554118.0, 1383275.0 ], [ 554124.0, 1383272.0 ], [ 554133.0, 1383269.0 ] ] ] ] } },
{ "type": "Feature", "properties": { "Stt": 279.0, "Malo_cty": "5.15TK.N3.10.125", "Ten_lo": "Y 20.1 - KV 1", "Dien_tich": "21.5", "Ma_cay": "CAO_SU", "Nam_trong": "2010", "QGIA": "Cambodia", "TINH": "Kampong Thom", "HUYEN": "Santuk", "XA": "Kraya", "Ten_NT": "NT 3", "To": 1.0, "Giong": "PB 260" }, "geometry": { "type": "MultiPolygon", "coordinates": [ [ [ [ 554073.0, 1382381.71 ], [ 553581.0, 1382382.0 ], [ 553581.0, 1382817.0 ], [ 554073.0, 1382817.0 ], [ 554073.0, 1382381.71 ] ] ] ] } },
{ "type": "Feature", "properties": { "Stt": 476.0, "Malo_cty": "Khu dan cu", "Ten_lo": null, "Dien_tich": "22.12", "Ma_cay": "CAO_SU", "Nam_trong": null, "QGIA": "Cambodia", "TINH": "Kampong Thom", "HUYEN": "Santuk", "XA": "Kraya", "Ten_NT": null, "To": 0.0, "Giong": null }, "geometry": { "type": "MultiPolygon", "coordinates": [ [ [ [ 552873.39, 1383816.0 ], [ 553073.0, 1383816.0 ], [ 553081.0, 1383816.0 ], [ 553573.0, 1383816.0 ], [ 553573.0, 1383324.0 ], [ 553573.0, 1383316.0 ], [ 553573.0, 1382825.0 ], [ 553512.97, 1382825.0 ], [ 553452.56, 1382825.0 ], [ 553287.91, 1382825.0 ], [ 553274.2, 1382825.0 ], [ 553302.5, 1382842.94 ], [ 553436.71, 1382879.83 ], [ 553442.5, 1383555.94 ], [ 553348.71, 1383635.83 ], [ 553092.0, 1383636.0 ], [ 553089.71, 1383732.84 ], [ 552919.5, 1383730.94 ], [ 552873.39, 1383816.0 ] ] ] ] } },
{ "type": "Feature", "properties": { "Stt": 311.0, "Malo_cty": "5.15TK.N3.11.119", "Ten_lo": "X 20 - KV 2", "Dien_tich": "23.9", "Ma_cay": "CAO_SU", "Nam_trong": "2011", "QGIA": "Cambodia", "TINH": "Kampong Thom", "HUYEN": "Santuk", "XA": "Kraya", "Ten_NT": "NT 3", "To": 2.0, "Giong": "RRIV 124" }, "geometry": { "type": "MultiPolygon", "coordinates": [ [ [ [ 553081.0, 1382325.0 ], [ 553081.0, 1382385.39 ], [ 553081.0, 1382725.6 ], [ 553081.0, 1382729.38 ], [ 553082.0, 1382730.0 ], [ 553143.0, 1382745.0 ], [ 553260.0, 1382816.0 ], [ 553261.57, 1382817.0 ], [ 553274.78, 1382817.0 ], [ 553452.56, 1382817.0 ], [ 553512.97, 1382817.0 ], [ 553573.0, 1382817.0 ], [ 553573.0, 1382542.87 ], [ 553573.0, 1382325.0 ], [ 553081.0, 1382325.0 ] ] ] ] } },
{ "type": "Feature", "properties": { "Stt": 420.0, "Malo_cty": "5.15TK.N3.10.118", "Ten_lo": "X 16 - KV 6", "Dien_tich": "24.3", "Ma_cay": "CAO_SU", "Nam_trong": "2010", "QGIA": "Cambodia", "TINH": "Kampong Thom", "HUYEN": "Santuk", "XA": "Kraya", "Ten_NT": "NT 3", "To": 6.0, "Giong": "RRIV 1" }, "geometry": { "type": "MultiPolygon", "coordinates": [ [ [ [ 553081.0, 1384324.99 ], [ 553081.0, 1384805.0 ], [ 553081.0, 1384815.0 ], [ 553573.0, 1384815.0 ], [ 553573.0, 1384805.0 ], [ 553573.0, 1384324.99 ], [ 553081.0, 1384324.99 ] ] ] ] } },
{ "type": "Feature", "properties": { "Stt": 114.0, "Malo_cty": "5.15TK.N1.10.080", "Ten_lo": "X 13 - KV 4", "Dien_tich": "19.1", "Ma_cay": "CAO_SU", "Nam_trong": "2010", "QGIA": "Cambodia", "TINH": "Kampong Thom", "HUYEN": "Santuk", "XA": "Kraya", "Ten_NT": "NT 1", "To": 4.0, "Giong": "PB 260" }, "geometry": { "type": "MultiPolygon", "coordinates": [ [ [ [ 553081.0, 1385825.0 ], [ 553081.0, 1385986.07 ], [ 553081.0, 1385986.91 ], [ 553081.0, 1386206.5 ], [ 553082.0, 1386206.0 ], [ 553302.0, 1386208.0 ], [ 553482.0, 1386206.0 ], [ 553573.0, 1386204.02 ], [ 553573.0, 1386203.44 ], [ 553573.0, 1386202.29 ], [ 553573.0, 1385825.0 ], [ 553081.0, 1385825.0 ] ] ] ] } },
{ "type": "Feature", "properties": { "Stt": 429.0, "Malo_cty": "Nha doi", "Ten_lo": null, "Dien_tich": "0.5", "Ma_cay": "CAO_SU", "Nam_trong": null, "QGIA": "Cambodia", "TINH": "Kampong Thom", "HUYEN": "Santuk", "XA": "Kraya", "Ten_NT": null, "To": 0.0, "Giong": null }, "geometry": { "type": "MultiPolygon", "coordinates": [ [ [ [ 553581.06, 1385260.04 ], [ 553581.07, 1385306.04 ], [ 553581.07, 1385316.05 ], [ 553681.82, 1385316.05 ], [ 553681.82, 1385260.04 ], [ 553581.06, 1385260.04 ] ] ] ] } },
{ "type": "Feature", "properties": { "Stt": 118.0, "Malo_cty": "5.15TK.N1.10.082", "Ten_lo": "Y 14 - KV 4", "Dien_tich": "24.3", "Ma_cay": "CAO_SU", "Nam_trong": "2010", "QGIA": "Cambodia", "TINH": "Kampong Thom", "HUYEN": "Santuk", "XA": "Kraya", "Ten_NT": "NT 1", "To": 4.0, "Giong": "PB 260" }, "geometry": { "type": "MultiPolygon", "coordinates": [ [ [ [ 553581.0, 1385815.0 ], [ 554072.0, 1385815.0 ], [ 554073.0, 1385815.0 ], [ 554073.0, 1385324.0 ], [ 553582.78, 1385324.0 ], [ 553581.0, 1385324.0 ], [ 553581.0, 1385815.0 ] ] ] ] } },
{ "type": "Feature", "properties": { "Stt": 117.0, "Malo_cty": "5.15TK.N1.10.081", "Ten_lo": "Y 13 - KV 4", "Dien_tich": "19.1", "Ma_cay": "CAO_SU", "Nam_trong": "2010", "QGIA": "Cambodia", "TINH": "Kampong Thom", "HUYEN": "Santuk", "XA": "Kraya", "Ten_NT": "NT 1", "To": 4.0, "Giong": "IRCA 130" }, "geometry": { "type": "MultiPolygon", "coordinates": [ [ [ [ 553581.0, 1385825.0 ], [ 553581.0, 1386204.0 ], [ 553750.0, 1386210.0 ], [ 553939.0, 1386211.0 ], [ 554073.0, 1386209.0 ], [ 554073.0, 1385825.0 ], [ 554072.0, 1385825.0 ], [ 553581.0, 1385825.0 ] ] ] ] } },
{ "type": "Feature", "properties": { "Stt": 115.0, "Malo_cty": "5.15TK.N1.10.114", "Ten_lo": "X 14 - KV 4", "Dien_tich": "24.3", "Ma_cay": "CAO_SU", "Nam_trong": "2010", "QGIA": "Cambodia", "TINH": "Kampong Thom", "HUYEN": "Santuk", "XA": "Kraya", "Ten_NT": "NT 1", "To": 4.0, "Giong": "IRCA 130" }, "geometry": { "type": "MultiPolygon", "coordinates": [ [ [ [ 553081.0, 1385815.0 ], [ 553573.0, 1385815.0 ], [ 553573.0, 1385324.0 ], [ 553081.0, 1385324.0 ], [ 553081.0, 1385815.0 ] ] ] ] } },
{ "type": "Feature", "properties": { "Stt": 96.0, "Malo_cty": "5.15TK.N1.10.078", "Ten_lo": "W 13 - KV 3", "Dien_tich": "19.1", "Ma_cay": "CAO_SU", "Nam_trong": "2010", "QGIA": "Cambodia", "TINH": "Kampong Thom", "HUYEN": "Santuk", "XA": "Kraya", "Ten_NT": "NT 1", "To": 3.0, "Giong": "PB 260" }, "geometry": { "type": "MultiPolygon", "coordinates": [ [ [ [ 552582.0, 1385825.0 ], [ 552582.0, 1386213.99 ], [ 553073.0, 1386210.01 ], [ 553073.0, 1385983.39 ], [ 553073.0, 1385982.55 ], [ 553073.0, 1385825.0 ], [ 552582.0, 1385825.0 ] ] ] ] } },
{ "type": "Feature", "properties": { "Stt": 422.0, "Malo_cty": "5.15TK.N3.10.029", "Ten_lo": "Y 16 - KV 6", "Dien_tich": "23.8", "Ma_cay": "CAO_SU", "Nam_trong": "2010", "QGIA": "Cambodia", "TINH": "Kampong Thom", "HUYEN": "Santuk", "XA": "Kraya", "Ten_NT": "NT 3", "To": 6.0, "Giong": "RRIV 112" }, "geometry": { "type": "MultiPolygon", "coordinates": [ [ [ [ 553581.0, 1384324.99 ], [ 553581.0, 1384805.0 ], [ 553581.0, 1384815.0 ], [ 554073.0, 1384815.0 ], [ 554073.0, 1384805.0 ], [ 554073.0, 1384324.99 ], [ 553581.0, 1384324.99 ] ] ] ] } },
{ "type": "Feature", "properties": { "Stt": 94.0, "Malo_cty": "5.15TK.N1.11.111", "Ten_lo": "V 14.2 - KV 3", "Dien_tich": "0.7", "Ma_cay": "CAO_SU", "Nam_trong": "2011", "QGIA": "Cambodia", "TINH": "Kampong Thom", "HUYEN": "Santuk", "XA": "Kraya", "Ten_NT": "NT 1", "To": 3.0, "Giong": "IRCA 130" }, "geometry": { "type": "MultiPolygon", "coordinates": [ [ [ [ 552255.0, 1385681.0 ], [ 552254.0, 1385785.0 ], [ 552325.0, 1385785.0 ], [ 552326.0, 1385729.0 ], [ 552296.0, 1385681.0 ], [ 552255.0, 1385681.0 ] ] ] ] } },
{ "type": "Feature", "properties": { "Stt": 97.0, "Malo_cty": "5.15TK.N1.10.113", "Ten_lo": "W 14 - KV 3", "Dien_tich": "23.8", "Ma_cay": "CAO_SU", "Nam_trong": "2010", "QGIA": "Cambodia", "TINH": "Kampong Thom", "HUYEN": "Santuk", "XA": "Kraya", "Ten_NT": "NT 1", "To": 3.0, "Giong": "PB 260" }, "geometry": { "type": "MultiPolygon", "coordinates": [ [ [ [ 552582.0, 1385324.0 ], [ 552582.0, 1385767.0 ], [ 552682.0, 1385767.0 ], [ 552682.0, 1385815.0 ], [ 553073.0, 1385815.0 ], [ 553073.0, 1385324.0 ], [ 552582.0, 1385324.0 ] ] ] ] } },
{ "type": "Feature", "properties": { "Stt": 436.0, "Malo_cty": "Chua su dung", "Ten_lo": null, "Dien_tich": "0.5", "Ma_cay": "CAO_SU", "Nam_trong": null, "QGIA": "Cambodia", "TINH": "Kampong Thom", "HUYEN": "Santuk", "XA": "Kraya", "Ten_NT": null, "To": 0.0, "Giong": null }, "geometry": { "type": "MultiPolygon", "coordinates": [ [ [ [ 552582.0, 1385767.0 ], [ 552582.0, 1385815.0 ], [ 552682.0, 1385815.0 ], [ 552682.0, 1385767.0 ], [ 552582.0, 1385767.0 ] ] ] ] } },
{ "type": "Feature", "properties": { "Stt": 309.0, "Malo_cty": "5.15TK.N3.10.023", "Ten_lo": "W 23.1 - KV 2", "Dien_tich": "24", "Ma_cay": "CAO_SU", "Nam_trong": "2010", "QGIA": "Cambodia", "TINH": "Kampong Thom", "HUYEN": "Santuk", "XA": "Kraya", "Ten_NT": "NT 3", "To": 2.0, "Giong": "PB 255" }, "geometry": { "type": "MultiPolygon", "coordinates": [ [ [ [ 553073.0, 1380830.97 ], [ 552582.0, 1380831.0 ], [ 552582.0, 1381315.42 ], [ 553073.0, 1381315.49 ], [ 553073.0, 1380830.97 ] ] ] ] } },
{ "type": "Feature", "properties": { "Stt": 471.0, "Malo_cty": "Nha doi", "Ten_lo": null, "Dien_tich": "0.5", "Ma_cay": "CAO_SU", "Nam_trong": null, "QGIA": "Cambodia", "TINH": "Kampong Thom", "HUYEN": "Santuk", "XA": "Kraya", "Ten_NT": null, "To": 0.0, "Giong": null }, "geometry": { "type": "MultiPolygon", "coordinates": [ [ [ [ 553081.08, 1381760.49 ], [ 553081.09, 1381806.49 ], [ 553081.09, 1381816.5 ], [ 553181.84, 1381816.5 ], [ 553181.84, 1381760.49 ], [ 553081.08, 1381760.49 ] ] ] ] } },
{ "type": "Feature", "properties": { "Stt": 315.0, "Malo_cty": "5.15TK.N3.10.028", "Ten_lo": "X 23 - KV 2", "Dien_tich": "24.3", "Ma_cay": "CAO_SU", "Nam_trong": "2010", "QGIA": "Cambodia", "TINH": "Kampong Thom", "HUYEN": "Santuk", "XA": "Kraya", "Ten_NT": "NT 3", "To": 2.0, "Giong": "RRIV 1" }, "geometry": { "type": "MultiPolygon", "coordinates": [ [ [ [ 553569.01, 1380824.0 ], [ 553567.68, 1380824.0 ], [ 553081.0, 1380824.0 ], [ 553081.0, 1381315.49 ], [ 553077.07, 1381315.49 ], [ 553573.0, 1381315.56 ], [ 553573.0, 1380824.0 ], [ 553569.01, 1380824.0 ] ] ] ] } },
{ "type": "Feature", "properties": { "Stt": 313.0, "Malo_cty": "5.15TK.N3.10.026", "Ten_lo": "X 22.1 - KV 2", "Dien_tich": "10", "Ma_cay": "CAO_SU", "Nam_trong": "2010", "QGIA": "Cambodia", "TINH": "Kampong Thom", "HUYEN": "Santuk", "XA": "Kraya", "Ten_NT": "NT 3", "To": 2.0, "Giong": "RRIV 1" }, "geometry": { "type": "MultiPolygon", "coordinates": [ [ [ [ 553284.0, 1381816.49 ], [ 553284.19, 1381325.52 ], [ 553081.0, 1381325.49 ], [ 553081.0, 1381760.7 ], [ 553182.03, 1381760.59 ], [ 553182.14, 1381816.51 ], [ 553284.0, 1381816.49 ] ] ] ] } },
{ "type": "Feature", "properties": { "Stt": 483.0, "Malo_cty": "Song, suoi, trung", "Ten_lo": null, "Dien_tich": null, "Ma_cay": "CAO_SU", "Nam_trong": null, "QGIA": "Cambodia", "TINH": "Kampong Thom", "HUYEN": "Santuk", "XA": "Kraya", "Ten_NT": null, "To": 0.0, "Giong": null }, "geometry": { "type": "MultiPolygon", "coordinates": [ [ [ [ 552978.0, 1382425.0 ], [ 552978.0, 1382387.0 ], [ 552963.5, 1382325.0 ], [ 552942.0, 1382325.0 ], [ 552860.0, 1382325.0 ], [ 552860.0, 1382401.0 ], [ 552860.0, 1382420.0 ], [ 552887.0, 1382435.0 ], [ 552962.0, 1382442.0 ], [ 552978.0, 1382425.0 ] ] ] ] } },
{ "type": "Feature", "properties": { "Stt": 307.0, "Malo_cty": "5.15TK.N3.10.022", "Ten_lo": "W 21.2 - KV 2", "Dien_tich": "4.5", "Ma_cay": "CAO_SU", "Nam_trong": "2010", "QGIA": "Cambodia", "TINH": "Kampong Thom", "HUYEN": "Santuk", "XA": "Kraya", "Ten_NT": "NT 3", "To": 2.0, "Giong": "RRIV 2" }, "geometry": { "type": "MultiPolygon", "coordinates": [ [ [ [ 552981.94, 1381824.52 ], [ 552982.0, 1382315.0 ], [ 553073.0, 1382315.0 ], [ 553073.0, 1381824.51 ], [ 552981.94, 1381824.52 ] ] ] ] } },
{ "type": "Feature", "properties": { "Stt": 312.0, "Malo_cty": "5.15TK.N3.10.025", "Ten_lo": "X 21 - KV 2", "Dien_tich": "24.3", "Ma_cay": "CAO_SU", "Nam_trong": "2010", "QGIA": "Cambodia", "TINH": "Kampong Thom", "HUYEN": "Santuk", "XA": "Kraya", "Ten_NT": "NT 3", "To": 2.0, "Giong": "RRIV 117" }, "geometry": { "type": "MultiPolygon", "coordinates": [ [ [ [ 553571.76, 1381820.44 ], [ 553570.76, 1381820.44 ], [ 553570.78, 1381824.44 ], [ 553081.0, 1381824.51 ], [ 553081.0, 1382315.0 ], [ 553573.0, 1382315.0 ], [ 553573.0, 1382269.94 ], [ 553573.0, 1381824.44 ], [ 553571.77, 1381824.44 ], [ 553571.76, 1381820.44 ] ] ] ] } },
{ "type": "Feature", "properties": { "Stt": 308.0, "Malo_cty": "5.15TK.N3.10.111", "Ten_lo": "W 22 - KV 2", "Dien_tich": "24.3", "Ma_cay": "CAO_SU", "Nam_trong": "2010", "QGIA": "Cambodia", "TINH": "Kampong Thom", "HUYEN": "Santuk", "XA": "Kraya", "Ten_NT": "NT 3", "To": 2.0, "Giong": "PB 260" }, "geometry": { "type": "MultiPolygon", "coordinates": [ [ [ [ 552582.0, 1381325.42 ], [ 552582.0, 1381816.59 ], [ 553073.0, 1381816.52 ], [ 553073.0, 1381325.49 ], [ 553077.07, 1381325.49 ], [ 552582.0, 1381325.42 ] ] ] ] } },
{ "type": "Feature", "properties": { "Stt": 302.0, "Malo_cty": "5.15TK.N3.10.016", "Ten_lo": "V 22 - KV 2", "Dien_tich": "24.3", "Ma_cay": "CAO_SU", "Nam_trong": "2010", "QGIA": "Cambodia", "TINH": "Kampong Thom", "HUYEN": "Santuk", "XA": "Kraya", "Ten_NT": "NT 3", "To": 2.0, "Giong": "PB 260" }, "geometry": { "type": "MultiPolygon", "coordinates": [ [ [ [ 552572.01, 1381816.59 ], [ 552572.01, 1381325.42 ], [ 552081.0, 1381325.35 ], [ 552081.0, 1381816.66 ], [ 552572.01, 1381816.59 ] ] ] ] } },
{ "type": "Feature", "properties": { "Stt": 493.0, "Malo_cty": "Song, suoi, trung", "Ten_lo": null, "Dien_tich": null, "Ma_cay": "CAO_SU", "Nam_trong": null, "QGIA": "Cambodia", "TINH": "Kampong Thom", "HUYEN": "Santuk", "XA": "Kraya", "Ten_NT": null, "To": 0.0, "Giong": null }, "geometry": { "type": "MultiPolygon", "coordinates": [ [ [ [ 552572.01, 1380726.12 ], [ 552572.01, 1380639.67 ], [ 552550.0, 1380625.0 ], [ 552537.0, 1380614.0 ], [ 552536.0, 1380585.0 ], [ 552531.0, 1380572.0 ], [ 552506.0, 1380564.0 ], [ 552506.0, 1380649.0 ], [ 552526.0, 1380669.0 ], [ 552555.0, 1380711.0 ], [ 552572.01, 1380726.12 ] ] ] ] } },
{ "type": "Feature", "properties": { "Stt": 494.0, "Malo_cty": "Song, suoi, trung", "Ten_lo": null, "Dien_tich": null, "Ma_cay": "CAO_SU", "Nam_trong": null, "QGIA": "Cambodia", "TINH": "Kampong Thom", "HUYEN": "Santuk", "XA": "Kraya", "Ten_NT": null, "To": 0.0, "Giong": null }, "geometry": { "type": "MultiPolygon", "coordinates": [ [ [ [ 552582.0, 1380575.0 ], [ 552582.0, 1380608.0 ], [ 552608.0, 1380621.0 ], [ 552610.0, 1380634.0 ], [ 552633.0, 1380651.0 ], [ 552677.0, 1380652.0 ], [ 552690.0, 1380658.0 ], [ 552711.0, 1380659.0 ], [ 552716.0, 1380629.0 ], [ 552701.0, 1380596.0 ], [ 552674.0, 1380580.0 ], [ 552644.0, 1380576.0 ], [ 552582.0, 1380575.0 ] ] ] ] } },
{ "type": "Feature", "properties": { "Stt": 399.0, "Malo_cty": "5.15TK.N3.11.113", "Ten_lo": "W 24.1 - KV 5", "Dien_tich": "10", "Ma_cay": "CAO_SU", "Nam_trong": "2011", "QGIA": "Cambodia", "TINH": "Kampong Thom", "HUYEN": "Santuk", "XA": "Kraya", "Ten_NT": "NT 3", "To": 5.0, "Giong": "PB 255" }, "geometry": { "type": "MultiPolygon", "coordinates": [ [ [ [ 553073.0, 1380603.05 ], [ 552704.18, 1380603.0 ], [ 552716.0, 1380629.0 ], [ 552711.0, 1380659.0 ], [ 552690.0, 1380658.0 ], [ 552677.0, 1380652.0 ], [ 552633.0, 1380651.0 ], [ 552610.0, 1380634.0 ], [ 552608.0, 1380621.0 ], [ 552582.0, 1380608.0 ], [ 552582.0, 1380730.14 ], [ 552582.0, 1380816.0 ], [ 553073.0, 1380816.0 ], [ 553073.0, 1380603.05 ] ] ] ] } },
{ "type": "Feature", "properties": { "Stt": 310.0, "Malo_cty": "5.15TK.N3.11.112", "Ten_lo": "W 23.2 - KV 2", "Dien_tich": "0.3", "Ma_cay": "CAO_SU", "Nam_trong": "2011", "QGIA": "Cambodia", "TINH": "Kampong Thom", "HUYEN": "Santuk", "XA": "Kraya", "Ten_NT": "NT 3", "To": 2.0, "Giong": "PB 255" }, "geometry": { "type": "MultiPolygon", "coordinates": [ [ [ [ 552582.0, 1380824.0 ], [ 552582.0, 1380831.0 ], [ 553073.0, 1380830.97 ], [ 553073.0, 1380824.0 ], [ 552582.0, 1380824.0 ] ] ] ] } },
{ "type": "Feature", "properties": { "Stt": 304.0, "Malo_cty": "5.15TK.N3.10.018", "Ten_lo": "V 23.2 - KV 2", "Dien_tich": "21.3", "Ma_cay": "CAO_SU", "Nam_trong": "2010", "QGIA": "Cambodia", "TINH": "Kampong Thom", "HUYEN": "Santuk", "XA": "Kraya", "Ten_NT": "NT 3", "To": 2.0, "Giong": "RRIV 3" }, "geometry": { "type": "MultiPolygon", "coordinates": [ [ [ [ 552142.0, 1380824.0 ], [ 552141.43, 1381315.36 ], [ 552572.01, 1381315.42 ], [ 552572.01, 1380824.0 ], [ 552142.0, 1380824.0 ] ] ] ] } },
{ "type": "Feature", "properties": { "Stt": 301.0, "Malo_cty": "5.15TK.N3.10.015", "Ten_lo": "V 21 - KV 2", "Dien_tich": "24.3", "Ma_cay": "CAO_SU", "Nam_trong": "2010", "QGIA": "Cambodia", "TINH": "Kampong Thom", "HUYEN": "Santuk", "XA": "Kraya", "Ten_NT": "NT 3", "To": 2.0, "Giong": "PB 260" }, "geometry": { "type": "MultiPolygon", "coordinates": [ [ [ [ 552081.0, 1382315.0 ], [ 552572.01, 1382315.0 ], [ 552572.01, 1381824.58 ], [ 552081.0, 1381824.65 ], [ 552081.0, 1382315.0 ] ] ] ] } },
{ "type": "Feature", "properties": { "Stt": 306.0, "Malo_cty": "5.15TK.N3.10.021", "Ten_lo": "W 21.1 - KV 2", "Dien_tich": "19.8", "Ma_cay": "CAO_SU", "Nam_trong": "2010", "QGIA": "Cambodia", "TINH": "Kampong Thom", "HUYEN": "Santuk", "XA": "Kraya", "Ten_NT": "NT 3", "To": 2.0, "Giong": "PB 260" }, "geometry": { "type": "MultiPolygon", "coordinates": [ [ [ [ 552582.0, 1381824.58 ], [ 552582.0, 1382315.0 ], [ 552982.0, 1382315.0 ], [ 552981.94, 1381824.52 ], [ 552582.0, 1381824.58 ] ] ] ] } },
{ "type": "Feature", "properties": { "Stt": 300.0, "Malo_cty": "5.15TK.N3.12.166", "Ten_lo": "V 20 - KV 2", "Dien_tich": "16.7", "Ma_cay": "CAO_SU", "Nam_trong": "2012", "QGIA": "Cambodia", "TINH": "Kampong Thom", "HUYEN": "Santuk", "XA": "Kraya", "Ten_NT": "NT 3", "To": 2.0, "Giong": "RRIV 1" }, "geometry": { "type": "MultiPolygon", "coordinates": [ [ [ [ 552081.0, 1382660.0 ], [ 552238.0, 1382662.0 ], [ 552374.0, 1382660.0 ], [ 552572.01, 1382659.01 ], [ 552572.01, 1382657.33 ], [ 552572.01, 1382507.85 ], [ 552572.01, 1382477.66 ], [ 552572.01, 1382325.0 ], [ 552081.0, 1382325.0 ], [ 552081.0, 1382367.27 ], [ 552081.0, 1382636.33 ], [ 552081.0, 1382660.0 ] ] ] ] } },
{ "type": "Feature", "properties": { "Stt": 305.0, "Malo_cty": "5.15TK.N3.12.167", "Ten_lo": "W 20 - KV 2", "Dien_tich": "16.5", "Ma_cay": "CAO_SU", "Nam_trong": "2012", "QGIA": "Cambodia", "TINH": "Kampong Thom", "HUYEN": "Santuk", "XA": "Kraya", "Ten_NT": "NT 3", "To": 2.0, "Giong": "RRIV 1" }, "geometry": { "type": "MultiPolygon", "coordinates": [ [ [ [ 552963.5, 1382325.0 ], [ 552978.0, 1382387.0 ], [ 552978.0, 1382425.0 ], [ 552962.0, 1382442.0 ], [ 552887.0, 1382435.0 ], [ 552860.0, 1382420.0 ], [ 552860.0, 1382401.0 ], [ 552860.0, 1382325.0 ], [ 552582.0, 1382325.0 ], [ 552582.0, 1382477.66 ], [ 552582.0, 1382507.85 ], [ 552582.0, 1382656.97 ], [ 552647.0, 1382655.0 ], [ 552762.0, 1382660.0 ], [ 552799.0, 1382664.0 ], [ 552901.0, 1382687.0 ], [ 552952.0, 1382689.0 ], [ 553073.0, 1382724.71 ], [ 553073.0, 1382723.81 ], [ 553073.0, 1382385.39 ], [ 553073.0, 1382325.0 ], [ 552963.5, 1382325.0 ] ] ] ] } },
{ "type": "Feature", "properties": { "Stt": 413.0, "Malo_cty": "5.15TK.N3.10.092", "Ten_lo": "U 16.1 - KV 6", "Dien_tich": "4.9", "Ma_cay": "CAO_SU", "Nam_trong": "2010", "QGIA": "Cambodia", "TINH": "Kampong Thom", "HUYEN": "Santuk", "XA": "Kraya", "Ten_NT": "NT 3", "To": 6.0, "Giong": "IRCA 130" }, "geometry": { "type": "MultiPolygon", "coordinates": [ [ [ [ 551974.39, 1384323.99 ], [ 551975.0, 1384815.0 ], [ 552073.0, 1384815.0 ], [ 552073.0, 1384805.0 ], [ 552073.0, 1384323.99 ], [ 551974.39, 1384323.99 ] ] ] ] } },
{ "type": "Feature", "properties": { "Stt": 419.0, "Malo_cty": "5.15TK.N3.10.020", "Ten_lo": "W 17 - KV 6", "Dien_tich": "19.6", "Ma_cay": "CAO_SU", "Nam_trong": "2010", "QGIA": "Cambodia", "TINH": "Kampong Thom", "HUYEN": "Santuk", "XA": "Kraya", "Ten_NT": "NT 3", "To": 6.0, "Giong": "IRCA 130" }, "geometry": { "type": "MultiPolygon", "coordinates": [ [ [ [ 552582.0, 1384074.87 ], [ 552582.0, 1384315.0 ], [ 553073.0, 1384315.0 ], [ 553073.0, 1383824.0 ], [ 552869.06, 1383824.0 ], [ 552868.52, 1383825.0 ], [ 552856.0, 1383825.0 ], [ 552813.0, 1383902.0 ], [ 552787.0, 1383918.0 ], [ 552787.0, 1383932.0 ], [ 552769.0, 1383944.0 ], [ 552769.0, 1383956.0 ], [ 552740.0, 1383960.0 ], [ 552674.0, 1384020.0 ], [ 552637.0, 1384060.0 ], [ 552612.0, 1384071.0 ], [ 552582.0, 1384074.87 ] ] ] ] } },
{ "type": "Feature", "properties": { "Stt": 95.0, "Malo_cty": "5.15TK.N1.10.112", "Ten_lo": "V 15 - KV 3", "Dien_tich": "24.3", "Ma_cay": "CAO_SU", "Nam_trong": "2010", "QGIA": "Cambodia", "TINH": "Kampong Thom", "HUYEN": "Santuk", "XA": "Kraya", "Ten_NT": "NT 1", "To": 3.0, "Giong": "PB 260" }, "geometry": { "type": "MultiPolygon", "coordinates": [ [ [ [ 552572.01, 1385316.0 ], [ 552572.01, 1384825.0 ], [ 552081.0, 1384825.0 ], [ 552081.0, 1384835.0 ], [ 552081.0, 1385316.0 ], [ 552572.01, 1385316.0 ] ] ] ] } },
{ "type": "Feature", "properties": { "Stt": 91.0, "Malo_cty": "5.15TK.N1.10.110", "Ten_lo": "U 15 - KV 3", "Dien_tich": "24.3", "Ma_cay": "CAO_SU", "Nam_trong": "2010", "QGIA": "Cambodia", "TINH": "Kampong Thom", "HUYEN": "Santuk", "XA": "Kraya", "Ten_NT": "NT 1", "To": 3.0, "Giong": "PB 260" }, "geometry": { "type": "MultiPolygon", "coordinates": [ [ [ [ 552073.0, 1384825.0 ], [ 551581.99, 1384825.0 ], [ 551581.99, 1385316.0 ], [ 552073.0, 1385316.0 ], [ 552073.0, 1384835.0 ], [ 552073.0, 1384825.0 ] ] ] ] } },
{ "type": "Feature", "properties": { "Stt": 415.0, "Malo_cty": "5.15TK.N3.10.094", "Ten_lo": "U 17 - KV 6", "Dien_tich": "9.4", "Ma_cay": "CAO_SU", "Nam_trong": "2010", "QGIA": "Cambodia", "TINH": "Kampong Thom", "HUYEN": "Santuk", "XA": "Kraya", "Ten_NT": "NT 3", "To": 6.0, "Giong": "PB 260" }, "geometry": { "type": "MultiPolygon", "coordinates": [ [ [ [ 551581.99, 1384264.1 ], [ 551581.99, 1384316.0 ], [ 552073.0, 1384316.0 ], [ 552073.0, 1383955.22 ], [ 552073.0, 1383932.93 ], [ 552073.0, 1383929.0 ], [ 552046.0, 1383932.0 ], [ 552017.0, 1383941.0 ], [ 552014.0, 1383945.0 ], [ 552014.0, 1383978.0 ], [ 551982.0, 1383980.0 ], [ 551917.0, 1384017.0 ], [ 551917.0, 1384022.0 ], [ 551880.0, 1384052.0 ], [ 551881.0, 1384074.0 ], [ 551859.0, 1384076.0 ], [ 551816.0, 1384116.0 ], [ 551795.0, 1384129.0 ], [ 551750.0, 1384179.0 ], [ 551750.0, 1384191.0 ], [ 551729.0, 1384205.0 ], [ 551727.0, 1384215.0 ], [ 551710.0, 1384217.0 ], [ 551710.0, 1384226.0 ], [ 551682.0, 1384249.0 ], [ 551671.0, 1384262.0 ], [ 551652.0, 1384271.0 ], [ 551581.99, 1384264.1 ] ] ] ] } },
{ "type": "Feature", "properties": { "Stt": 417.0, "Malo_cty": "5.15TK.N3.10.014", "Ten_lo": "V 17 - KV 6", "Dien_tich": "12.4", "Ma_cay": "CAO_SU", "Nam_trong": "2010", "QGIA": "Cambodia", "TINH": "Kampong Thom", "HUYEN": "Santuk", "XA": "Kraya", "Ten_NT": "NT 3", "To": 6.0, "Giong": "PB 260" }, "geometry": { "type": "MultiPolygon", "coordinates": [ [ [ [ 552081.0, 1383955.0 ], [ 552081.0, 1384316.0 ], [ 552572.01, 1384316.0 ], [ 552572.01, 1384072.0 ], [ 552574.85, 1384071.93 ], [ 552573.0, 1384071.0 ], [ 552509.0, 1384076.0 ], [ 552498.0, 1384082.0 ], [ 552453.0, 1384087.0 ], [ 552443.0, 1384082.0 ], [ 552383.0, 1384086.0 ], [ 552360.0, 1384076.0 ], [ 552280.0, 1384076.0 ], [ 552280.0, 1384078.0 ], [ 552230.0, 1384077.0 ], [ 552215.0, 1384046.0 ], [ 552193.0, 1384044.0 ], [ 552181.0, 1384021.0 ], [ 552167.0, 1384015.0 ], [ 552154.0, 1383997.0 ], [ 552133.0, 1383980.0 ], [ 552126.0, 1383971.0 ], [ 552103.0, 1383956.0 ], [ 552081.0, 1383955.0 ] ] ] ] } },
{ "type": "Feature", "properties": { "Stt": 414.0, "Malo_cty": "5.15TK.N3.10.093", "Ten_lo": "U 16.2 - KV 6", "Dien_tich": "19.4", "Ma_cay": "CAO_SU", "Nam_trong": "2010", "QGIA": "Cambodia", "TINH": "Kampong Thom", "HUYEN": "Santuk", "XA": "Kraya", "Ten_NT": "NT 3", "To": 6.0, "Giong": "PB 260" }, "geometry": { "type": "MultiPolygon", "coordinates": [ [ [ [ 551975.0, 1384815.0 ], [ 551974.39, 1384323.99 ], [ 551581.99, 1384323.99 ], [ 551581.99, 1384815.0 ], [ 551975.0, 1384815.0 ] ] ] ] } },
{ "type": "Feature", "properties": { "Stt": 416.0, "Malo_cty": "5.15TK.N3.10.013", "Ten_lo": "V 16 - KV 6", "Dien_tich": "24.1", "Ma_cay": "CAO_SU", "Nam_trong": "2010", "QGIA": "Cambodia", "TINH": "Kampong Thom", "HUYEN": "Santuk", "XA": "Kraya", "Ten_NT": "NT 3", "To": 6.0, "Giong": "RRIV 3" }, "geometry": { "type": "MultiPolygon", "coordinates": [ [ [ [ 552081.0, 1384805.0 ], [ 552081.0, 1384815.0 ], [ 552572.01, 1384815.0 ], [ 552572.01, 1384323.99 ], [ 552081.0, 1384323.99 ], [ 552081.0, 1384805.0 ] ] ] ] } },
{ "type": "Feature", "properties": { "Stt": 418.0, "Malo_cty": "5.15TK.N3.10.019", "Ten_lo": "W 16 - KV 6", "Dien_tich": "24.3", "Ma_cay": "CAO_SU", "Nam_trong": "2010", "QGIA": "Cambodia", "TINH": "Kampong Thom", "HUYEN": "Santuk", "XA": "Kraya", "Ten_NT": "NT 3", "To": 6.0, "Giong": "PB 255" }, "geometry": { "type": "MultiPolygon", "coordinates": [ [ [ [ 552582.0, 1384324.99 ], [ 552582.0, 1384815.0 ], [ 553073.0, 1384815.0 ], [ 553073.0, 1384805.0 ], [ 553073.0, 1384324.99 ], [ 552582.0, 1384324.99 ] ] ] ] } },
{ "type": "Feature", "properties": { "Stt": 98.0, "Malo_cty": "5.15TK.N1.10.079", "Ten_lo": "W 15 - KV 3", "Dien_tich": "24.3", "Ma_cay": "CAO_SU", "Nam_trong": "2010", "QGIA": "Cambodia", "TINH": "Kampong Thom", "HUYEN": "Santuk", "XA": "Kraya", "Ten_NT": "NT 1", "To": 3.0, "Giong": "PB 255" }, "geometry": { "type": "MultiPolygon", "coordinates": [ [ [ [ 553073.0, 1384825.0 ], [ 552582.0, 1384825.0 ], [ 552582.0, 1385316.0 ], [ 553073.0, 1385316.0 ], [ 553073.0, 1384835.0 ], [ 553073.0, 1384825.0 ] ] ] ] } },
{ "type": "Feature", "properties": { "Stt": 299.0, "Malo_cty": "5.15TK.N3.11.096", "Ten_lo": "U 23 - KV 2", "Dien_tich": "24.3", "Ma_cay": "CAO_SU", "Nam_trong": "2011", "QGIA": "Cambodia", "TINH": "Kampong Thom", "HUYEN": "Santuk", "XA": "Kraya", "Ten_NT": "NT 3", "To": 2.0, "Giong": "PB 255" }, "geometry": { "type": "MultiPolygon", "coordinates": [ [ [ [ 552073.0, 1381315.35 ], [ 552073.0, 1380824.0 ], [ 551581.99, 1380824.0 ], [ 551581.99, 1381236.34 ], [ 551581.99, 1381315.28 ], [ 551648.0, 1381315.29 ], [ 552073.0, 1381315.35 ] ] ] ] } },
{ "type": "Feature", "properties": { "Stt": 303.0, "Malo_cty": "5.15TK.N3.10.017", "Ten_lo": "V 23.1 - KV 2", "Dien_tich": "3", "Ma_cay": "CAO_SU", "Nam_trong": "2010", "QGIA": "Cambodia", "TINH": "Kampong Thom", "HUYEN": "Santuk", "XA": "Kraya", "Ten_NT": "NT 3", "To": 2.0, "Giong": "RRIV 1" }, "geometry": { "type": "MultiPolygon", "coordinates": [ [ [ [ 552077.1, 1381315.35 ], [ 552141.43, 1381315.36 ], [ 552142.0, 1380824.0 ], [ 552081.0, 1380824.0 ], [ 552081.0, 1381315.35 ], [ 552077.1, 1381315.35 ] ] ] ] } },
{ "type": "Feature", "properties": { "Stt": 298.0, "Malo_cty": "5.15TK.N3.11.095", "Ten_lo": "U 22 - KV 2", "Dien_tich": "24.3", "Ma_cay": "CAO_SU", "Nam_trong": "2011", "QGIA": "Cambodia", "TINH": "Kampong Thom", "HUYEN": "Santuk", "XA": "Kraya", "Ten_NT": "NT 3", "To": 2.0, "Giong": "PB 255" }, "geometry": { "type": "MultiPolygon", "coordinates": [ [ [ [ 551581.99, 1381325.28 ], [ 551581.99, 1381816.73 ], [ 552073.0, 1381816.66 ], [ 552073.0, 1381325.35 ], [ 552077.1, 1381325.35 ], [ 551581.99, 1381325.28 ] ] ] ] } },
{ "type": "Feature", "properties": { "Stt": 297.0, "Malo_cty": "5.15TK.N3.12.165", "Ten_lo": "U 21 - KV 2", "Dien_tich": "24.3", "Ma_cay": "CAO_SU", "Nam_trong": "2012", "QGIA": "Cambodia", "TINH": "Kampong Thom", "HUYEN": "Santuk", "XA": "Kraya", "Ten_NT": "NT 3", "To": 2.0, "Giong": "RRIV 1" }, "geometry": { "type": "MultiPolygon", "coordinates": [ [ [ [ 551581.99, 1381824.72 ], [ 551581.99, 1382315.0 ], [ 551641.95, 1382315.0 ], [ 552073.0, 1382315.0 ], [ 552073.0, 1381824.65 ], [ 551581.99, 1381824.72 ] ] ] ] } },
{ "type": "Feature", "properties": { "Stt": 294.0, "Malo_cty": "5.15TK.N3.11.086", "Ten_lo": "T 22 - KV 2", "Dien_tich": "24.3", "Ma_cay": "CAO_SU", "Nam_trong": "2011", "QGIA": "Cambodia", "TINH": "Kampong Thom", "HUYEN": "Santuk", "XA": "Kraya", "Ten_NT": "NT 3", "To": 2.0, "Giong": "PB 255" }, "geometry": { "type": "MultiPolygon", "coordinates": [ [ [ [ 551572.0, 1381816.73 ], [ 551572.0, 1381325.28 ], [ 551082.0, 1381325.21 ], [ 551082.0, 1381816.8 ], [ 551572.0, 1381816.73 ] ] ] ] } },
{ "type": "Feature", "properties": { "Stt": 479.0, "Malo_cty": "Chua su dung", "Ten_lo": null, "Dien_tich": "0.5", "Ma_cay": "CAO_SU", "Nam_trong": null, "QGIA": "Cambodia", "TINH": "Kampong Thom", "HUYEN": "Santuk", "XA": "Kraya", "Ten_NT": null, "To": 0.0, "Giong": null }, "geometry": { "type": "MultiPolygon", "coordinates": [ [ [ [ 551572.0, 1381265.0 ], [ 551474.8, 1381265.0 ], [ 551474.8, 1381314.9 ], [ 551572.0, 1381314.9 ], [ 551572.0, 1381265.0 ] ] ] ] } },
{ "type": "Feature", "properties": { "Stt": 295.0, "Malo_cty": "5.15TK.N3.11.087", "Ten_lo": "T 23 - KV 2", "Dien_tich": "23.8", "Ma_cay": "CAO_SU", "Nam_trong": "2011", "QGIA": "Cambodia", "TINH": "Kampong Thom", "HUYEN": "Santuk", "XA": "Kraya", "Ten_NT": "NT 3", "To": 2.0, "Giong": "PB 255" }, "geometry": { "type": "MultiPolygon", "coordinates": [ [ [ [ 551474.8, 1381314.9 ], [ 551474.8, 1381265.0 ], [ 551572.0, 1381265.0 ], [ 551572.0, 1381265.0 ], [ 551572.0, 1381265.0 ], [ 551572.0, 1380824.0 ], [ 551082.0, 1380824.0 ], [ 551082.0, 1381315.21 ], [ 551474.8, 1381314.9 ] ] ] ] } },
{ "type": "Feature", "properties": { "Stt": 293.0, "Malo_cty": "5.15TK.N3.12.163", "Ten_lo": "S-T 21 - KV 2", "Dien_tich": "19.5", "Ma_cay": "CAO_SU", "Nam_trong": "2012", "QGIA": "Cambodia", "TINH": "Kampong Thom", "HUYEN": "Santuk", "XA": "Kraya", "Ten_NT": "NT 3", "To": 2.0, "Giong": "RRIV 1" }, "geometry": { "type": "MultiPolygon", "coordinates": [ [ [ [ 550727.67, 1381824.84 ], [ 550728.0, 1381825.0 ], [ 550728.0, 1381836.0 ], [ 550745.0, 1381838.0 ], [ 550763.0, 1381859.0 ], [ 550810.0, 1381883.0 ], [ 550832.0, 1381886.0 ], [ 550900.0, 1381883.0 ], [ 550962.0, 1381899.0 ], [ 551008.0, 1381908.0 ], [ 551064.0, 1381945.0 ], [ 551072.0, 1381961.0 ], [ 551149.0, 1382029.0 ], [ 551193.0, 1382064.0 ], [ 551254.0, 1382113.0 ], [ 551385.0, 1382224.0 ], [ 551496.0, 1382315.0 ], [ 551516.64, 1382315.0 ], [ 551521.11, 1382315.0 ], [ 551572.0, 1382315.0 ], [ 551572.0, 1381824.72 ], [ 551082.0, 1381824.79 ], [ 551074.0, 1381824.79 ], [ 550841.75, 1381824.83 ], [ 550753.61, 1381824.84 ], [ 550727.67, 1381824.84 ] ] ] ] } },
{ "type": "Feature", "properties": { "Stt": 438.0, "Malo_cty": "Chua su dung", "Ten_lo": null, "Dien_tich": "8.1", "Ma_cay": "CAO_SU", "Nam_trong": null, "QGIA": "Cambodia", "TINH": "Kampong Thom", "HUYEN": "Santuk", "XA": "Kraya", "Ten_NT": null, "To": 0.0, "Giong": null }, "geometry": { "type": "MultiPolygon", "coordinates": [ [ [ [ 550747.28, 1383780.18 ], [ 550750.0, 1383780.0 ], [ 550857.0, 1383744.0 ], [ 550862.0, 1383771.0 ], [ 550876.0, 1383806.0 ], [ 550906.0, 1383783.0 ], [ 550941.0, 1383776.0 ], [ 550933.6, 1383744.5 ], [ 550896.6, 1383686.5 ], [ 551191.2, 1383342.9 ], [ 551076.47, 1383243.51 ], [ 550836.93, 1383556.82 ], [ 550798.6, 1383631.51 ], [ 550747.28, 1383780.18 ] ] ] ] } },
{ "type": "Feature", "properties": { "Stt": 296.0, "Malo_cty": "5.15TK.N3.12.164", "Ten_lo": "U 20 - KV 2", "Dien_tich": "11.9", "Ma_cay": "CAO_SU", "Nam_trong": "2012", "QGIA": "Cambodia", "TINH": "Kampong Thom", "HUYEN": "Santuk", "XA": "Kraya", "Ten_NT": "NT 3", "To": 2.0, "Giong": "RRIV 107" }, "geometry": { "type": "MultiPolygon", "coordinates": [ [ [ [ 552073.0, 1382657.06 ], [ 552073.0, 1382637.31 ], [ 552073.0, 1382367.27 ], [ 552073.0, 1382325.0 ], [ 551641.95, 1382325.0 ], [ 551582.05, 1382325.0 ], [ 551581.59, 1382325.0 ], [ 551577.0, 1382325.0 ], [ 551523.0, 1382325.0 ], [ 551523.0, 1382347.0 ], [ 551639.0, 1382429.0 ], [ 551751.0, 1382523.0 ], [ 551806.0, 1382565.0 ], [ 551969.0, 1382656.0 ], [ 552027.0, 1382660.0 ], [ 552073.0, 1382657.06 ] ] ] ] } },
{ "type": "Feature", "properties": { "Stt": 83.0, "Malo_cty": "5.15TK.N1.11.105", "Ten_lo": "S 17 - KV 3", "Dien_tich": "20.9", "Ma_cay": "CAO_SU", "Nam_trong": "2011", "QGIA": "Cambodia", "TINH": "Kampong Thom", "HUYEN": "Santuk", "XA": "Kraya", "Ten_NT": "NT 1", "To": 3.0, "Giong": "RRIC 121" }, "geometry": { "type": "MultiPolygon", "coordinates": [ [ [ [ 550581.34, 1383912.73 ], [ 550581.37, 1384316.0 ], [ 551074.0, 1384316.0 ], [ 551074.0, 1384284.79 ], [ 551049.59, 1384284.04 ], [ 551039.0, 1384272.0 ], [ 551032.0, 1384228.0 ], [ 550983.0, 1384104.0 ], [ 550955.0, 1383864.0 ], [ 550941.0, 1383776.0 ], [ 550906.0, 1383783.0 ], [ 550876.0, 1383806.0 ], [ 550862.0, 1383771.0 ], [ 550857.0, 1383744.0 ], [ 550750.0, 1383780.0 ], [ 550676.0, 1383785.0 ], [ 550586.0, 1383812.0 ], [ 550587.0, 1383865.0 ], [ 550594.0, 1383897.0 ], [ 550632.0, 1383939.0 ], [ 550642.0, 1383987.0 ], [ 550677.0, 1384028.0 ], [ 550677.0, 1384036.0 ], [ 550662.0, 1384046.0 ], [ 550653.0, 1384047.0 ], [ 550633.0, 1384011.0 ], [ 550640.0, 1384001.0 ], [ 550622.0, 1383970.0 ], [ 550613.0, 1383970.0 ], [ 550612.0, 1383946.0 ], [ 550582.0, 1383913.0 ], [ 550581.34, 1383912.73 ] ] ] ] } },
{ "type": "Feature", "properties": { "Stt": 81.0, "Malo_cty": "5.15TK.N1.11.103", "Ten_lo": "S 16.1 - KV 3", "Dien_tich": "14.5", "Ma_cay": "CAO_SU", "Nam_trong": "2011", "QGIA": "Cambodia", "TINH": "Kampong Thom", "HUYEN": "Santuk", "XA": "Kraya", "Ten_NT": "NT 1", "To": 3.0, "Giong": "RRIV 1" }, "geometry": { "type": "MultiPolygon", "coordinates": [ [ [ [ 550581.39, 1384567.0 ], [ 550581.41, 1384805.0 ], [ 550581.41, 1384815.0 ], [ 551074.0, 1384815.0 ], [ 551074.0, 1384805.0 ], [ 551074.0, 1384323.99 ], [ 550979.0, 1384323.99 ], [ 550979.0, 1384567.0 ], [ 550581.39, 1384567.0 ] ] ] ] } },
{ "type": "Feature", "properties": { "Stt": 412.0, "Malo_cty": "5.15TK.N3.10.085", "Ten_lo": "T 16-17.2 - KV 6", "Dien_tich": "18", "Ma_cay": "CAO_SU", "Nam_trong": "2010", "QGIA": "Cambodia", "TINH": "Kampong Thom", "HUYEN": "Santuk", "XA": "Kraya", "Ten_NT": "NT 3", "To": 6.0, "Giong": "PB 260" }, "geometry": { "type": "MultiPolygon", "coordinates": [ [ [ [ 551232.55, 1384264.9 ], [ 551233.0, 1384815.0 ], [ 551572.0, 1384815.0 ], [ 551572.0, 1384323.99 ], [ 551572.0, 1384316.0 ], [ 551572.0, 1384279.97 ], [ 551514.0, 1384278.0 ], [ 551517.0, 1384248.0 ], [ 551484.0, 1384235.0 ], [ 551459.0, 1384235.0 ], [ 551446.0, 1384225.0 ], [ 551409.0, 1384216.0 ], [ 551375.0, 1384216.0 ], [ 551364.0, 1384248.0 ], [ 551351.0, 1384253.0 ], [ 551329.0, 1384255.0 ], [ 551289.0, 1384269.0 ], [ 551263.0, 1384263.0 ], [ 551232.55, 1384264.9 ] ] ] ] } },
{ "type": "Feature", "properties": { "Stt": 411.0, "Malo_cty": "5.15TK.N3.10.084", "Ten_lo": "T 16-17.1 - KV 6", "Dien_tich": "8.2", "Ma_cay": "CAO_SU", "Nam_trong": "2010", "QGIA": "Cambodia", "TINH": "Kampong Thom", "HUYEN": "Santuk", "XA": "Kraya", "Ten_NT": "NT 3", "To": 6.0, "Giong": "IRCA 130" }, "geometry": { "type": "MultiPolygon", "coordinates": [ [ [ [ 551233.0, 1384815.0 ], [ 551232.55, 1384264.9 ], [ 551151.0, 1384270.0 ], [ 551103.0, 1384280.0 ], [ 551099.0, 1384285.0 ], [ 551082.0, 1384285.0 ], [ 551082.0, 1384316.0 ], [ 551082.0, 1384323.99 ], [ 551082.0, 1384805.0 ], [ 551082.0, 1384815.0 ], [ 551233.0, 1384815.0 ] ] ] ] } },
{ "type": "Feature", "properties": { "Stt": 80.0, "Malo_cty": "5.15TK.N1.10.102", "Ten_lo": "S 15 - KV 3", "Dien_tich": "24.3", "Ma_cay": "CAO_SU", "Nam_trong": "2010", "QGIA": "Cambodia", "TINH": "Kampong Thom", "HUYEN": "Santuk", "XA": "Kraya", "Ten_NT": "NT 1", "To": 3.0, "Giong": "PB 260" }, "geometry": { "type": "MultiPolygon", "coordinates": [ [ [ [ 551074.0, 1384825.0 ], [ 550581.41, 1384825.0 ], [ 550581.41, 1384835.0 ], [ 550581.44, 1385316.0 ], [ 551074.0, 1385316.0 ], [ 551074.0, 1384835.0 ], [ 551074.0, 1384825.0 ] ] ] ] } },
{ "type": "Feature", "properties": { "Stt": 87.0, "Malo_cty": "5.15TK.N1.10.108", "Ten_lo": "T 15 - KV 3", "Dien_tich": "24.3", "Ma_cay": "CAO_SU", "Nam_trong": "2010", "QGIA": "Cambodia", "TINH": "Kampong Thom", "HUYEN": "Santuk", "XA": "Kraya", "Ten_NT": "NT 1", "To": 3.0, "Giong": "PB 260" }, "geometry": { "type": "MultiPolygon", "coordinates": [ [ [ [ 551572.0, 1385316.0 ], [ 551572.0, 1384825.0 ], [ 551082.0, 1384825.0 ], [ 551082.0, 1384835.0 ], [ 551082.0, 1385316.0 ], [ 551572.0, 1385316.0 ] ] ] ] } },
{ "type": "Feature", "properties": { "Stt": 328.0, "Malo_cty": "5.15TK.N3.11.073", "Ten_lo": "AC 23 - KV 3", "Dien_tich": "24.3", "Ma_cay": "CAO_SU", "Nam_trong": "2011", "QGIA": "Cambodia", "TINH": "Kampong Thom", "HUYEN": "Santuk", "XA": "Kraya", "Ten_NT": "NT 3", "To": 3.0, "Giong": "PB 260" }, "geometry": { "type": "MultiPolygon", "coordinates": [ [ [ [ 555577.02, 1381315.84 ], [ 556073.0, 1381315.91 ], [ 556073.0, 1380824.0 ], [ 555581.59, 1380824.0 ], [ 555581.54, 1381315.84 ], [ 555577.02, 1381315.84 ] ] ] ] } },
{ "type": "Feature", "properties": { "Stt": 333.0, "Malo_cty": "5.15TK.N3.11.082", "Ten_lo": "AD 23 - KV 3", "Dien_tich": "30.8", "Ma_cay": "CAO_SU", "Nam_trong": "2011", "QGIA": "Cambodia", "TINH": "Kampong Thom", "HUYEN": "Santuk", "XA": "Kraya", "Ten_NT": "NT 3", "To": 3.0, "Giong": "PB 260" }, "geometry": { "type": "MultiPolygon", "coordinates": [ [ [ [ 556081.0, 1380824.0 ], [ 556081.0, 1381316.91 ], [ 556397.53, 1381316.96 ], [ 556397.53, 1381316.95 ], [ 556690.09, 1381316.99 ], [ 556689.0, 1381315.0 ], [ 556697.0, 1381211.0 ], [ 556699.0, 1380825.0 ], [ 556688.67, 1380824.0 ], [ 556081.2, 1380824.0 ], [ 556081.0, 1380824.0 ] ] ] ] } },
{ "type": "Feature", "properties": { "Stt": 487.0, "Malo_cty": "Song, suoi, trung", "Ten_lo": null, "Dien_tich": null, "Ma_cay": "CAO_SU", "Nam_trong": null, "QGIA": "Cambodia", "TINH": "Kampong Thom", "HUYEN": "Santuk", "XA": "Kraya", "Ten_NT": null, "To": 0.0, "Giong": null }, "geometry": { "type": "MultiPolygon", "coordinates": [ [ [ [ 556479.51, 1381824.03 ], [ 556422.55, 1381824.04 ], [ 556412.02, 1381838.86 ], [ 556409.19, 1381844.79 ], [ 556405.57, 1381858.2 ], [ 556404.54, 1381871.35 ], [ 556408.0, 1381878.0 ], [ 556402.74, 1381887.35 ], [ 556399.9, 1381915.21 ], [ 556401.0, 1381926.0 ], [ 556405.0, 1381935.0 ], [ 556399.13, 1381948.48 ], [ 556397.0, 1381977.0 ], [ 556419.0, 1381980.0 ], [ 556422.35, 1381966.79 ], [ 556427.0, 1381944.0 ], [ 556438.0, 1381917.0 ], [ 556440.0, 1381911.0 ], [ 556438.33, 1381901.8 ], [ 556441.43, 1381889.93 ], [ 556447.0, 1381887.0 ], [ 556450.46, 1381875.74 ], [ 556462.32, 1381861.3 ], [ 556464.65, 1381856.4 ], [ 556470.58, 1381850.47 ], [ 556477.8, 1381834.21 ], [ 556479.51, 1381824.03 ] ] ] ] } },
{ "type": "Feature", "properties": { "Stt": 486.0, "Malo_cty": "Song, suoi, trung", "Ten_lo": null, "Dien_tich": null, "Ma_cay": "CAO_SU", "Nam_trong": null, "QGIA": "Cambodia", "TINH": "Kampong Thom", "HUYEN": "Santuk", "XA": "Kraya", "Ten_NT": null, "To": 0.0, "Giong": null }, "geometry": { "type": "MultiPolygon", "coordinates": [ [ [ [ 556081.0, 1381528.0 ], [ 556081.0, 1381540.81 ], [ 556111.96, 1381559.5 ], [ 556135.99, 1381595.56 ], [ 556175.06, 1381618.86 ], [ 556178.82, 1381624.11 ], [ 556228.4, 1381641.39 ], [ 556247.94, 1381657.17 ], [ 556306.54, 1381660.93 ], [ 556321.57, 1381669.95 ], [ 556356.12, 1381669.95 ], [ 556380.92, 1381708.26 ], [ 556435.01, 1381708.26 ], [ 556470.32, 1381705.26 ], [ 556491.36, 1381712.77 ], [ 556492.86, 1381721.03 ], [ 556462.81, 1381733.8 ], [ 556450.79, 1381769.11 ], [ 556445.81, 1381816.04 ], [ 556372.69, 1381816.05 ], [ 556486.52, 1381816.04 ], [ 556486.89, 1381815.66 ], [ 556509.39, 1381793.16 ], [ 556522.16, 1381788.65 ], [ 556554.46, 1381748.83 ], [ 556560.47, 1381739.06 ], [ 556563.56, 1381734.0 ], [ 556681.0, 1381734.0 ], [ 556684.45, 1381737.45 ], [ 556689.62, 1381747.49 ], [ 556694.95, 1381757.85 ], [ 556697.0, 1381545.0 ], [ 556675.0, 1381582.0 ], [ 556654.0, 1381605.0 ], [ 556639.0, 1381608.0 ], [ 556602.0, 1381623.0 ], [ 556597.0, 1381629.0 ], [ 556567.0, 1381644.0 ], [ 556522.0, 1381645.0 ], [ 556490.0, 1381669.0 ], [ 556458.0, 1381671.0 ], [ 556413.0, 1381663.0 ], [ 556379.0, 1381644.0 ], [ 556359.0, 1381642.0 ], [ 556352.0, 1381637.0 ], [ 556305.0, 1381636.0 ], [ 556295.0, 1381631.0 ], [ 556266.0, 1381630.0 ], [ 556245.0, 1381618.0 ], [ 556243.0, 1381610.0 ], [ 556216.0, 1381595.0 ], [ 556182.0, 1381583.0 ], [ 556145.0, 1381580.0 ], [ 556137.0, 1381576.0 ], [ 556126.0, 1381553.0 ], [ 556096.0, 1381531.0 ], [ 556081.0, 1381528.0 ] ] ], [ [ [ 556479.51, 1381824.03 ], [ 556454.74, 1381824.03 ], [ 556378.93, 1381824.04 ], [ 556378.94, 1381824.05 ], [ 556422.55, 1381824.04 ], [ 556479.51, 1381824.03 ] ] ] ] } },
{ "type": "Feature", "properties": { "Stt": 332.0, "Malo_cty": "5.15TK.N3.11.081", "Ten_lo": "AD 22 - KV 3", "Dien_tich": "28.3", "Ma_cay": "CAO_SU", "Nam_trong": "2011", "QGIA": "Cambodia", "TINH": "Kampong Thom", "HUYEN": "Santuk", "XA": "Kraya", "Ten_NT": "NT 3", "To": 3.0, "Giong": "PB 260" }, "geometry": { "type": "MultiPolygon", "coordinates": [ [ [ [ 556701.0, 1381479.0 ], [ 556689.0, 1381429.0 ], [ 556695.0, 1381392.0 ], [ 556695.0, 1381326.0 ], [ 556694.45, 1381324.99 ], [ 556687.05, 1381324.99 ], [ 556687.05, 1381325.0 ], [ 556345.03, 1381324.95 ], [ 556081.0, 1381324.91 ], [ 556081.0, 1381528.0 ], [ 556096.0, 1381531.0 ], [ 556126.0, 1381553.0 ], [ 556137.0, 1381576.0 ], [ 556145.0, 1381580.0 ], [ 556182.0, 1381583.0 ], [ 556216.0, 1381595.0 ], [ 556243.0, 1381610.0 ], [ 556245.0, 1381618.0 ], [ 556266.0, 1381630.0 ], [ 556295.0, 1381631.0 ], [ 556305.0, 1381636.0 ], [ 556352.0, 1381637.0 ], [ 556359.0, 1381642.0 ], [ 556379.0, 1381644.0 ], [ 556413.0, 1381663.0 ], [ 556458.0, 1381671.0 ], [ 556490.0, 1381669.0 ], [ 556522.0, 1381645.0 ], [ 556567.0, 1381644.0 ], [ 556597.0, 1381629.0 ], [ 556602.0, 1381623.0 ], [ 556639.0, 1381608.0 ], [ 556654.0, 1381605.0 ], [ 556675.0, 1381582.0 ], [ 556697.0, 1381545.0 ], [ 556694.0, 1381537.0 ], [ 556700.0, 1381516.0 ], [ 556701.0, 1381479.0 ] ] ], [ [ [ 556492.86, 1381721.03 ], [ 556491.36, 1381712.77 ], [ 556470.32, 1381705.26 ], [ 556435.01, 1381708.26 ], [ 556380.92, 1381708.26 ], [ 556356.12, 1381669.95 ], [ 556321.57, 1381669.95 ], [ 556306.54, 1381660.93 ], [ 556247.94, 1381657.17 ], [ 556228.4, 1381641.39 ], [ 556178.82, 1381624.11 ], [ 556175.06, 1381618.86 ], [ 556135.99, 1381595.56 ], [ 556111.96, 1381559.5 ], [ 556081.0, 1381540.81 ], [ 556081.0, 1381816.09 ], [ 556445.81, 1381816.04 ], [ 556450.79, 1381769.11 ], [ 556462.81, 1381733.8 ], [ 556492.86, 1381721.03 ] ] ], [ [ [ 556694.95, 1381757.85 ], [ 556689.62, 1381747.49 ], [ 556684.45, 1381737.45 ], [ 556681.0, 1381734.0 ], [ 556563.56, 1381734.0 ], [ 556560.47, 1381739.06 ], [ 556554.46, 1381748.83 ], [ 556522.16, 1381788.65 ], [ 556509.39, 1381793.16 ], [ 556486.89, 1381815.66 ], [ 556486.52, 1381816.04 ], [ 556510.63, 1381816.04 ], [ 556685.45, 1381816.01 ], [ 556685.45, 1381816.02 ], [ 556690.95, 1381816.02 ], [ 556690.95, 1381816.0 ], [ 556694.0, 1381771.73 ], [ 556694.95, 1381757.85 ] ] ] ] } },
{ "type": "Feature", "properties": { "Stt": 334.0, "Malo_cty": "5.15TK.N3.11.083", "Ten_lo": "AD 24 - KV 3", "Dien_tich": "4.8", "Ma_cay": "CAO_SU", "Nam_trong": "2011", "QGIA": "Cambodia", "TINH": "Kampong Thom", "HUYEN": "Santuk", "XA": "Kraya", "Ten_NT": "NT 3", "To": 3.0, "Giong": "PB 260" }, "geometry": { "type": "MultiPolygon", "coordinates": [ [ [ [ 556081.0, 1380816.0 ], [ 556699.0, 1380816.0 ], [ 556700.0, 1380718.0 ], [ 556689.0, 1380674.0 ], [ 556628.0, 1380679.0 ], [ 556463.0, 1380711.0 ], [ 556263.0, 1380750.0 ], [ 556082.0, 1380788.0 ], [ 556081.0, 1380790.23 ], [ 556081.0, 1380816.0 ] ] ] ] } },
{ "type": "Feature", "properties": { "Stt": 331.0, "Malo_cty": "5.15TK.N3.11.080", "Ten_lo": "AD 21 - KV 3", "Dien_tich": "30.6", "Ma_cay": "CAO_SU", "Nam_trong": "2011", "QGIA": "Cambodia", "TINH": "Kampong Thom", "HUYEN": "Santuk", "XA": "Kraya", "Ten_NT": "NT 3", "To": 3.0, "Giong": "PB 260" }, "geometry": { "type": "MultiPolygon", "coordinates": [ [ [ [ 556690.52, 1381824.0 ], [ 556592.57, 1381824.02 ], [ 556592.57, 1381824.01 ], [ 556570.58, 1381824.02 ], [ 556561.6, 1381824.02 ], [ 556479.51, 1381824.03 ], [ 556477.8, 1381834.21 ], [ 556470.58, 1381850.47 ], [ 556464.65, 1381856.4 ], [ 556462.32, 1381861.3 ], [ 556450.46, 1381875.74 ], [ 556447.0, 1381887.0 ], [ 556441.43, 1381889.93 ], [ 556438.33, 1381901.8 ], [ 556440.0, 1381911.0 ], [ 556438.0, 1381917.0 ], [ 556427.0, 1381944.0 ], [ 556422.35, 1381966.79 ], [ 556419.0, 1381980.0 ], [ 556397.0, 1381977.0 ], [ 556399.13, 1381948.48 ], [ 556405.0, 1381935.0 ], [ 556401.0, 1381926.0 ], [ 556399.9, 1381915.21 ], [ 556402.74, 1381887.35 ], [ 556408.0, 1381878.0 ], [ 556404.54, 1381871.35 ], [ 556405.57, 1381858.2 ], [ 556409.19, 1381844.79 ], [ 556412.02, 1381838.86 ], [ 556422.55, 1381824.04 ], [ 556081.0, 1381824.09 ], [ 556081.0, 1382315.0 ], [ 556685.37, 1382315.0 ], [ 556685.0, 1382309.0 ], [ 556690.0, 1382055.0 ], [ 556698.0, 1381825.0 ], [ 556690.52, 1381824.0 ] ] ] ] } },
{ "type": "Feature", "properties": { "Stt": 329.0, "Malo_cty": "5.15TK.N3.11.074", "Ten_lo": "AC 24 - KV 3", "Dien_tich": "11.1", "Ma_cay": "CAO_SU", "Nam_trong": "2011", "QGIA": "Cambodia", "TINH": "Kampong Thom", "HUYEN": "Santuk", "XA": "Kraya", "Ten_NT": "NT 3", "To": 3.0, "Giong": "PB 260" }, "geometry": { "type": "MultiPolygon", "coordinates": [ [ [ [ 556073.0, 1380794.96 ], [ 556023.0, 1380793.0 ], [ 556005.0, 1380762.0 ], [ 556005.0, 1380694.0 ], [ 555938.0, 1380686.0 ], [ 555917.0, 1380660.0 ], [ 555915.0, 1380615.0 ], [ 555907.0, 1380599.0 ], [ 555815.0, 1380584.0 ], [ 555688.0, 1380583.0 ], [ 555689.0, 1380374.0 ], [ 555581.64, 1380382.1 ], [ 555581.62, 1380546.87 ], [ 555581.59, 1380816.0 ], [ 556073.0, 1380816.0 ], [ 556073.0, 1380794.96 ] ] ] ] } },
{ "type": "Feature", "properties": { "Stt": 327.0, "Malo_cty": "5.15TK.N3.11.072", "Ten_lo": "AC 22 - KV 3", "Dien_tich": "24.3", "Ma_cay": "CAO_SU", "Nam_trong": "2011", "QGIA": "Cambodia", "TINH": "Kampong Thom", "HUYEN": "Santuk", "XA": "Kraya", "Ten_NT": "NT 3", "To": 3.0, "Giong": "RRIV 1" }, "geometry": { "type": "MultiPolygon", "coordinates": [ [ [ [ 555582.47, 1381816.17 ], [ 556073.0, 1381816.1 ], [ 556073.0, 1381535.98 ], [ 556072.14, 1381535.46 ], [ 556073.0, 1381534.73 ], [ 556073.0, 1381325.91 ], [ 556077.0, 1381325.91 ], [ 555582.53, 1381325.84 ], [ 555582.47, 1381816.17 ] ] ] ] } },
{ "type": "Feature", "properties": { "Stt": 326.0, "Malo_cty": "5.15TK.N3.11.071", "Ten_lo": "AC 21.2 - KV 3", "Dien_tich": "15", "Ma_cay": "CAO_SU", "Nam_trong": "2011", "QGIA": "Cambodia", "TINH": "Kampong Thom", "HUYEN": "Santuk", "XA": "Kraya", "Ten_NT": "NT 3", "To": 3.0, "Giong": "RRIV 107" }, "geometry": { "type": "MultiPolygon", "coordinates": [ [ [ [ 556073.0, 1382010.91 ], [ 555582.46, 1382011.0 ], [ 555582.42, 1382315.0 ], [ 556073.0, 1382315.0 ], [ 556073.0, 1382010.91 ] ] ] ] } },
{ "type": "Feature", "properties": { "Stt": 325.0, "Malo_cty": "5.15TK.N3.11.070", "Ten_lo": "AC 21.1 - KV 3", "Dien_tich": "9.3", "Ma_cay": "CAO_SU", "Nam_trong": "2011", "QGIA": "Cambodia", "TINH": "Kampong Thom", "HUYEN": "Santuk", "XA": "Kraya", "Ten_NT": "NT 3", "To": 3.0, "Giong": "RRIV 106" }, "geometry": { "type": "MultiPolygon", "coordinates": [ [ [ [ 555582.46, 1382011.0 ], [ 556073.0, 1382010.91 ], [ 556073.0, 1381824.09 ], [ 555582.47, 1381824.16 ], [ 555582.46, 1382011.0 ] ] ] ] } },
{ "type": "Feature", "properties": { "Stt": 500.0, "Malo_cty": "Song, suoi, trung", "Ten_lo": null, "Dien_tich": null, "Ma_cay": "CAO_SU", "Nam_trong": null, "QGIA": "Cambodia", "TINH": "Kampong Thom", "HUYEN": "Santuk", "XA": "Kraya", "Ten_NT": null, "To": 0.0, "Giong": null }, "geometry": { "type": "MultiPolygon", "coordinates": [ [ [ [ 555081.65, 1380316.0 ], [ 555081.65, 1380258.78 ], [ 555082.0, 1380259.0 ], [ 555149.0, 1380292.0 ], [ 555148.0, 1380316.0 ], [ 555257.27, 1380316.0 ], [ 555257.92, 1380324.0 ], [ 555258.0, 1380325.0 ], [ 555321.0, 1380374.0 ], [ 555407.0, 1380390.0 ], [ 555497.29, 1380375.4 ], [ 555573.64, 1380363.06 ], [ 555581.64, 1380382.1 ], [ 555689.0, 1380374.0 ], [ 555664.0, 1380278.0 ], [ 555571.0, 1380278.0 ], [ 555566.0, 1380276.0 ], [ 555537.0, 1380293.0 ], [ 555376.0, 1380308.0 ], [ 555299.0, 1380308.0 ], [ 555250.0, 1380296.0 ], [ 555157.0, 1380286.0 ], [ 555145.0, 1380279.0 ], [ 555142.0, 1380269.0 ], [ 555112.0, 1380251.0 ], [ 555092.0, 1380252.0 ], [ 555087.0, 1380244.0 ], [ 555082.0, 1380240.0 ], [ 555081.92, 1380224.76 ], [ 555081.65, 1380224.77 ], [ 555081.65, 1380316.0 ] ], [ [ 555081.65, 1380324.0 ], [ 555081.65, 1380324.7 ], [ 555081.65, 1380325.79 ], [ 555081.65, 1380324.0 ] ] ] ] } },
{ "type": "Feature", "properties": { "Stt": 342.0, "Malo_cty": "5.15TK.N3.10.041", "Ten_lo": "Z 24.1 - KV 3", "Dien_tich": "23.1", "Ma_cay": "CAO_SU", "Nam_trong": "2010", "QGIA": "Cambodia", "TINH": "Kampong Thom", "HUYEN": "Santuk", "XA": "Kraya", "Ten_NT": "NT 3", "To": 3.0, "Giong": "PB 255" }, "geometry": { "type": "MultiPolygon", "coordinates": [ [ [ [ 554549.23, 1380816.0 ], [ 554549.45, 1380325.0 ], [ 554081.0, 1380325.0 ], [ 554081.0, 1380816.0 ], [ 554549.23, 1380816.0 ] ] ] ] } },
{ "type": "Feature", "properties": { "Stt": 323.0, "Malo_cty": "5.15TK.N3.11.062", "Ten_lo": "AB 24.2 - KV 3", "Dien_tich": "20", "Ma_cay": "CAO_SU", "Nam_trong": "2011", "QGIA": "Cambodia", "TINH": "Kampong Thom", "HUYEN": "Santuk", "XA": "Kraya", "Ten_NT": "NT 3", "To": 3.0, "Giong": "PB 260" }, "geometry": { "type": "MultiPolygon", "coordinates": [ [ [ [ 555497.0, 1380816.0 ], [ 555497.29, 1380375.4 ], [ 555407.0, 1380390.0 ], [ 555321.0, 1380374.0 ], [ 555258.0, 1380325.0 ], [ 555257.92, 1380324.0 ], [ 555081.65, 1380324.0 ], [ 555081.65, 1380324.7 ], [ 555081.59, 1380816.0 ], [ 555497.0, 1380816.0 ] ] ] ] } },
{ "type": "Feature", "properties": { "Stt": 324.0, "Malo_cty": "5.15TK.N3.11.063", "Ten_lo": "AB 25 - KV 3", "Dien_tich": "11.7", "Ma_cay": "CAO_SU", "Nam_trong": "2011", "QGIA": "Cambodia", "TINH": "Kampong Thom", "HUYEN": "Santuk", "XA": "Kraya", "Ten_NT": "NT 3", "To": 3.0, "Giong": "PB 260" }, "geometry": { "type": "MultiPolygon", "coordinates": [ [ [ [ 555081.0, 1380053.0 ], [ 555081.66, 1380176.33 ], [ 555081.66, 1380176.63 ], [ 555082.0, 1380240.0 ], [ 555087.0, 1380244.0 ], [ 555092.0, 1380252.0 ], [ 555112.0, 1380251.0 ], [ 555142.0, 1380269.0 ], [ 555145.0, 1380279.0 ], [ 555157.0, 1380286.0 ], [ 555250.0, 1380296.0 ], [ 555299.0, 1380308.0 ], [ 555376.0, 1380308.0 ], [ 555537.0, 1380293.0 ], [ 555566.0, 1380276.0 ], [ 555567.0, 1380120.0 ], [ 555562.0, 1380115.0 ], [ 555544.0, 1380124.0 ], [ 555435.0, 1380149.0 ], [ 555429.0, 1380127.0 ], [ 555375.0, 1380045.0 ], [ 555364.0, 1380019.0 ], [ 555334.0, 1379962.0 ], [ 555311.0, 1379969.0 ], [ 555278.0, 1379999.0 ], [ 555232.0, 1380033.0 ], [ 555159.0, 1380062.0 ], [ 555081.67, 1380053.08 ], [ 555081.0, 1380053.0 ] ] ], [ [ [ 555081.65, 1380316.0 ], [ 555148.0, 1380316.0 ], [ 555149.0, 1380292.0 ], [ 555082.0, 1380259.0 ], [ 555081.65, 1380258.78 ], [ 555081.65, 1380316.0 ] ] ] ] } },
{ "type": "Feature", "properties": { "Stt": 322.0, "Malo_cty": "5.15TK.N3.11.061", "Ten_lo": "AB 24.1 - KV 3", "Dien_tich": "3.4", "Ma_cay": "CAO_SU", "Nam_trong": "2011", "QGIA": "Cambodia", "TINH": "Kampong Thom", "HUYEN": "Santuk", "XA": "Kraya", "Ten_NT": "NT 3", "To": 3.0, "Giong": "IRCA 130" }, "geometry": { "type": "MultiPolygon", "coordinates": [ [ [ [ 555497.0, 1380816.0 ], [ 555573.59, 1380816.0 ], [ 555573.64, 1380363.06 ], [ 555497.29, 1380375.4 ], [ 555497.0, 1380816.0 ] ] ] ] } },
{ "type": "Feature", "properties": { "Stt": 318.0, "Malo_cty": "5.15TK.N3.11.047", "Ten_lo": "AA 24 - KV 3", "Dien_tich": "24.3", "Ma_cay": "CAO_SU", "Nam_trong": "2011", "QGIA": "Cambodia", "TINH": "Kampong Thom", "HUYEN": "Santuk", "XA": "Kraya", "Ten_NT": "NT 3", "To": 3.0, "Giong": "RRIV 3" }, "geometry": { "type": "MultiPolygon", "coordinates": [ [ [ [ 554582.63, 1380324.0 ], [ 554582.62, 1380324.01 ], [ 554582.57, 1380816.0 ], [ 555073.59, 1380816.0 ], [ 555073.65, 1380324.0 ], [ 554582.63, 1380324.0 ] ] ] ] } },
{ "type": "Feature", "properties": { "Stt": 330.0, "Malo_cty": "5.15TK.N3.12.150", "Ten_lo": "AC 25 - KV 3", "Dien_tich": "1.32", "Ma_cay": "CAO_SU", "Nam_trong": "2012", "QGIA": "Cambodia", "TINH": "Kampong Thom", "HUYEN": "Santuk", "XA": "Kraya", "Ten_NT": "NT 3", "To": 3.0, "Giong": "RRIV 1" }, "geometry": { "type": "MultiPolygon", "coordinates": [ [ [ [ 555571.0, 1380278.0 ], [ 555664.0, 1380278.0 ], [ 555664.0, 1380211.0 ], [ 555627.0, 1380131.0 ], [ 555609.0, 1380103.0 ], [ 555571.0, 1380115.0 ], [ 555571.0, 1380278.0 ] ] ] ] } },
{ "type": "Feature", "properties": { "Stt": 343.0, "Malo_cty": "5.15TK.N3.11.141", "Ten_lo": "Z 24.2 - KV 3", "Dien_tich": "1.2", "Ma_cay": "CAO_SU", "Nam_trong": "2011", "QGIA": "Cambodia", "TINH": "Kampong Thom", "HUYEN": "Santuk", "XA": "Kraya", "Ten_NT": "NT 3", "To": 3.0, "Giong": "RRIV 1" }, "geometry": { "type": "MultiPolygon", "coordinates": [ [ [ [ 554549.23, 1380816.0 ], [ 554572.58, 1380816.0 ], [ 554572.58, 1380821.54 ], [ 554572.63, 1380325.0 ], [ 554549.45, 1380325.0 ], [ 554549.23, 1380816.0 ] ] ] ] } },
{ "type": "Feature", "properties": { "Stt": 319.0, "Malo_cty": "5.15TK.N3.11.048", "Ten_lo": "AA 25 - KV 3", "Dien_tich": "24.2", "Ma_cay": "CAO_SU", "Nam_trong": "2011", "QGIA": "Cambodia", "TINH": "Kampong Thom", "HUYEN": "Santuk", "XA": "Kraya", "Ten_NT": "NT 3", "To": 3.0, "Giong": "PB 260" }, "geometry": { "type": "MultiPolygon", "coordinates": [ [ [ [ 554582.63, 1380316.0 ], [ 555071.21, 1380316.0 ], [ 555073.65, 1380316.0 ], [ 555073.68, 1379982.65 ], [ 555067.0, 1379952.0 ], [ 555064.0, 1379917.0 ], [ 555060.0, 1379863.0 ], [ 555061.0, 1379825.0 ], [ 555060.78, 1379822.76 ], [ 554582.68, 1379822.99 ], [ 554582.68, 1379818.96 ], [ 554582.63, 1380316.0 ] ] ] ] } },
{ "type": "Feature", "properties": { "Stt": 365.0, "Malo_cty": "5.15TK.N3.10.042", "Ten_lo": "Z 25.1 - KV 4", "Dien_tich": "24", "Ma_cay": "CAO_SU", "Nam_trong": "2010", "QGIA": "Cambodia", "TINH": "Kampong Thom", "HUYEN": "Santuk", "XA": "Kraya", "Ten_NT": "NT 3", "To": 4.0, "Giong": "PB 260" }, "geometry": { "type": "MultiPolygon", "coordinates": [ [ [ [ 554081.0, 1380315.0 ], [ 554567.0, 1380315.0 ], [ 554567.31, 1379822.99 ], [ 554081.0, 1379823.22 ], [ 554081.0, 1380315.0 ] ] ] ] } },
{ "type": "Feature", "properties": { "Stt": 367.0, "Malo_cty": "5.15TK.N3.11.143", "Ten_lo": "Z 26 - KV 4", "Dien_tich": "24.3", "Ma_cay": "CAO_SU", "Nam_trong": "2011", "QGIA": "Cambodia", "TINH": "Kampong Thom", "HUYEN": "Santuk", "XA": "Kraya", "Ten_NT": "NT 3", "To": 4.0, "Giong": "PB 255" }, "geometry": { "type": "MultiPolygon", "coordinates": [ [ [ [ 554572.69, 1379818.96 ], [ 554572.74, 1379325.0 ], [ 554081.0, 1379325.0 ], [ 554081.0, 1379815.22 ], [ 554572.69, 1379814.99 ], [ 554572.69, 1379818.96 ] ] ] ] } },
{ "type": "Feature", "properties": { "Stt": 344.0, "Malo_cty": "5.15TK.N3.11.049", "Ten_lo": "AA 26 - KV 4", "Dien_tich": "24.9", "Ma_cay": "CAO_SU", "Nam_trong": "2011", "QGIA": "Cambodia", "TINH": "Kampong Thom", "HUYEN": "Santuk", "XA": "Kraya", "Ten_NT": "NT 3", "To": 4.0, "Giong": "PB 260" }, "geometry": { "type": "MultiPolygon", "coordinates": [ [ [ [ 554582.68, 1379814.99 ], [ 555060.0, 1379814.76 ], [ 555059.0, 1379635.0 ], [ 555053.0, 1379605.0 ], [ 555051.0, 1379572.0 ], [ 555046.0, 1379566.0 ], [ 555047.0, 1379537.0 ], [ 555046.0, 1379510.0 ], [ 555049.0, 1379506.0 ], [ 555060.0, 1379498.0 ], [ 555060.0, 1379489.0 ], [ 555078.0, 1379485.0 ], [ 555077.0, 1379437.0 ], [ 555089.0, 1379430.0 ], [ 555093.0, 1379445.0 ], [ 555103.0, 1379454.0 ], [ 555114.0, 1379453.0 ], [ 555122.0, 1379465.0 ], [ 555129.0, 1379468.0 ], [ 555147.0, 1379465.0 ], [ 555150.0, 1379345.0 ], [ 555145.0, 1379325.0 ], [ 554582.73, 1379325.0 ], [ 554582.68, 1379814.99 ] ] ] ] } },
{ "type": "Feature", "properties": { "Stt": 345.0, "Malo_cty": "5.15TK.N3.11.050", "Ten_lo": "AA 27 - KV 4", "Dien_tich": "18", "Ma_cay": "CAO_SU", "Nam_trong": "2011", "QGIA": "Cambodia", "TINH": "Kampong Thom", "HUYEN": "Santuk", "XA": "Kraya", "Ten_NT": "NT 3", "To": 4.0, "Giong": "PB 260" }, "geometry": { "type": "MultiPolygon", "coordinates": [ [ [ [ 554683.63, 1379259.07 ], [ 554683.42, 1379315.0 ], [ 555133.45, 1379315.0 ], [ 555144.37, 1379315.0 ], [ 555147.65, 1379315.0 ], [ 555146.0, 1379206.0 ], [ 554960.82, 1379198.27 ], [ 554914.0, 1379140.0 ], [ 554864.87, 1378973.85 ], [ 554826.29, 1378823.99 ], [ 554812.17, 1378823.99 ], [ 554615.86, 1378823.99 ], [ 554582.79, 1378823.99 ], [ 554582.79, 1378816.0 ], [ 554582.74, 1379258.96 ], [ 554683.63, 1379259.07 ] ] ] ] } },
{ "type": "Feature", "properties": { "Stt": 502.0, "Malo_cty": "Song, suoi, trung", "Ten_lo": null, "Dien_tich": null, "Ma_cay": "CAO_SU", "Nam_trong": null, "QGIA": "Cambodia", "TINH": "Kampong Thom", "HUYEN": "Santuk", "XA": "Kraya", "Ten_NT": null, "To": 0.0, "Giong": null }, "geometry": { "type": "MultiPolygon", "coordinates": [ [ [ [ 554440.3, 1376850.89 ], [ 554325.93, 1376930.44 ], [ 554340.0, 1376937.0 ], [ 554363.0, 1376939.0 ], [ 554378.0, 1376938.0 ], [ 554378.0, 1376927.0 ], [ 554389.0, 1376916.0 ], [ 554405.0, 1376907.0 ], [ 554481.0, 1376879.0 ], [ 554441.0, 1376851.0 ], [ 554440.3, 1376850.89 ] ] ] ] } },
{ "type": "Feature", "properties": { "Stt": 501.0, "Malo_cty": "Song, suoi, trung", "Ten_lo": null, "Dien_tich": null, "Ma_cay": "CAO_SU", "Nam_trong": null, "QGIA": "Cambodia", "TINH": "Kampong Thom", "HUYEN": "Santuk", "XA": "Kraya", "Ten_NT": null, "To": 0.0, "Giong": null }, "geometry": { "type": "MultiPolygon", "coordinates": [ [ [ [ 554584.19, 1376913.79 ], [ 554524.45, 1376872.95 ], [ 554527.0, 1376884.0 ], [ 554506.0, 1376937.0 ], [ 554521.0, 1376944.0 ], [ 554538.0, 1376968.0 ], [ 554564.0, 1376981.0 ], [ 554582.0, 1376999.0 ], [ 554585.0, 1377007.0 ], [ 554585.0, 1377036.0 ], [ 554582.0, 1377048.0 ], [ 554595.0, 1377069.0 ], [ 554602.0, 1377070.0 ], [ 554605.0, 1377015.0 ], [ 554590.0, 1376938.0 ], [ 554584.19, 1376913.79 ] ] ] ] } },
{ "type": "Feature", "properties": { "Stt": 504.0, "Malo_cty": "Trong cay lau nam", "Ten_lo": null, "Dien_tich": "25.5", "Ma_cay": "CAO_SU", "Nam_trong": null, "QGIA": "Cambodia", "TINH": "Kampong Thom", "HUYEN": "Santuk", "XA": "Kraya", "Ten_NT": null, "To": 0.0, "Giong": null }, "geometry": { "type": "MultiPolygon", "coordinates": [ [ [ [ 554503.98, 1377351.09 ], [ 554572.95, 1377351.09 ], [ 554572.96, 1377351.09 ], [ 554582.95, 1377351.09 ], [ 554582.95, 1377351.09 ], [ 554823.0, 1377351.09 ], [ 554825.82, 1377359.09 ], [ 554824.7, 1377359.09 ], [ 554826.57, 1377377.03 ], [ 554828.05, 1377411.03 ], [ 554827.89, 1377412.04 ], [ 554816.53, 1377461.05 ], [ 554818.53, 1377490.41 ], [ 554823.48, 1377500.04 ], [ 554823.68, 1377503.03 ], [ 554824.19, 1377512.57 ], [ 554825.55, 1377534.44 ], [ 554826.58, 1377552.29 ], [ 554827.51, 1377568.1 ], [ 554826.9, 1377572.9 ], [ 554825.58, 1377588.28 ], [ 554833.48, 1377611.01 ], [ 554845.57, 1377626.45 ], [ 554856.95, 1377627.55 ], [ 554864.39, 1377632.96 ], [ 554864.98, 1377634.42 ], [ 554871.43, 1377652.79 ], [ 554871.88, 1377655.11 ], [ 554873.49, 1377671.37 ], [ 554873.81, 1377699.55 ], [ 554873.94, 1377733.08 ], [ 554874.2, 1377752.75 ], [ 554874.2, 1377772.58 ], [ 554874.45, 1377810.98 ], [ 554874.53, 1377816.0 ], [ 554943.27, 1377816.0 ], [ 554943.31, 1377815.77 ], [ 554964.0, 1377816.0 ], [ 554971.0, 1377788.0 ], [ 554981.0, 1377740.0 ], [ 555005.0, 1377623.0 ], [ 555013.0, 1377581.0 ], [ 555031.0, 1377498.0 ], [ 555032.0, 1377474.0 ], [ 555044.0, 1377445.0 ], [ 555055.0, 1377370.0 ], [ 554934.0, 1377361.0 ], [ 554944.0, 1377329.0 ], [ 554924.0, 1377304.0 ], [ 554880.0, 1377250.0 ], [ 554868.0, 1377162.0 ], [ 554855.0, 1377141.0 ], [ 554835.0, 1377089.0 ], [ 554816.0, 1377065.0 ], [ 554780.0, 1377050.0 ], [ 554684.0, 1376977.0 ], [ 554649.0, 1376957.0 ], [ 554584.19, 1376913.79 ], [ 554590.0, 1376938.0 ], [ 554605.0, 1377015.0 ], [ 554602.0, 1377070.0 ], [ 554595.0, 1377069.0 ], [ 554582.0, 1377048.0 ], [ 554585.0, 1377036.0 ], [ 554585.0, 1377007.0 ], [ 554582.0, 1376999.0 ], [ 554564.0, 1376981.0 ], [ 554538.0, 1376968.0 ], [ 554521.0, 1376944.0 ], [ 554506.0, 1376937.0 ], [ 554527.0, 1376884.0 ], [ 554524.45, 1376872.95 ], [ 554466.0, 1376833.0 ], [ 554440.3, 1376850.89 ], [ 554441.0, 1376851.0 ], [ 554481.0, 1376879.0 ], [ 554405.0, 1376907.0 ], [ 554389.0, 1376916.0 ], [ 554378.0, 1376927.0 ], [ 554378.0, 1376938.0 ], [ 554363.0, 1376939.0 ], [ 554340.0, 1376937.0 ], [ 554325.93, 1376930.44 ], [ 554282.64, 1376960.55 ], [ 554283.0, 1376961.0 ], [ 554291.0, 1376972.0 ], [ 554250.0, 1377004.0 ], [ 554230.0, 1377029.0 ], [ 554202.0, 1377097.0 ], [ 554200.0, 1377116.0 ], [ 554200.0, 1377117.0 ], [ 554210.0, 1377124.0 ], [ 554221.0, 1377122.0 ], [ 554251.0, 1377084.0 ], [ 554272.0, 1377082.0 ], [ 554282.0, 1377097.0 ], [ 554317.0, 1377071.0 ], [ 554330.0, 1377040.0 ], [ 554379.0, 1377019.0 ], [ 554421.0, 1376966.0 ], [ 554459.0, 1376967.0 ], [ 554463.0, 1377012.0 ], [ 554448.0, 1377045.0 ], [ 554409.0, 1377071.0 ], [ 554421.0, 1377094.0 ], [ 554444.0, 1377098.0 ], [ 554454.0, 1377086.0 ], [ 554496.0, 1377095.0 ], [ 554499.0, 1377175.0 ], [ 554403.0, 1377270.0 ], [ 554402.0, 1377290.0 ], [ 554412.0, 1377309.0 ], [ 554422.0, 1377302.0 ], [ 554429.0, 1377287.0 ], [ 554488.0, 1377254.0 ], [ 554503.0, 1377254.0 ], [ 554504.0, 1377351.0 ], [ 554503.98, 1377351.09 ] ] ] ] } },
{ "type": "Feature", "properties": { "Stt": 347.0, "Malo_cty": "5.15TK.N3.11.052", "Ten_lo": "AA 29 - KV 4", "Dien_tich": "15.8", "Ma_cay": "CAO_SU", "Nam_trong": "2011", "QGIA": "Cambodia", "TINH": "Kampong Thom", "HUYEN": "Santuk", "XA": "Kraya", "Ten_NT": "NT 3", "To": 4.0, "Giong": "PB 260" }, "geometry": { "type": "MultiPolygon", "coordinates": [ [ [ [ 554582.84, 1378321.41 ], [ 554582.85, 1378321.41 ], [ 554582.85, 1378316.0 ], [ 554832.12, 1378316.0 ], [ 554833.82, 1378316.0 ], [ 554853.0, 1378316.0 ], [ 554853.0, 1378315.0 ], [ 554928.0, 1377973.0 ], [ 554941.0, 1377882.0 ], [ 554942.0, 1377825.0 ], [ 554942.14, 1377824.0 ], [ 554869.13, 1377824.0 ], [ 554715.69, 1377824.0 ], [ 554582.9, 1377824.0 ], [ 554582.84, 1378321.41 ] ] ] ] } },
{ "type": "Feature", "properties": { "Stt": 348.0, "Malo_cty": "5.15TK.N3.11.053", "Ten_lo": "AA 30 - KV 4", "Dien_tich": "12.1", "Ma_cay": "CAO_SU", "Nam_trong": "2011", "QGIA": "Cambodia", "TINH": "Kampong Thom", "HUYEN": "Santuk", "XA": "Kraya", "Ten_NT": "NT 3", "To": 4.0, "Giong": "PB 260" }, "geometry": { "type": "MultiPolygon", "coordinates": [ [ [ [ 554582.9, 1377816.0 ], [ 554867.73, 1377816.0 ], [ 554874.53, 1377816.0 ], [ 554874.45, 1377810.98 ], [ 554874.2, 1377772.58 ], [ 554874.2, 1377752.75 ], [ 554873.94, 1377733.08 ], [ 554873.81, 1377699.55 ], [ 554873.49, 1377671.37 ], [ 554871.88, 1377655.11 ], [ 554871.43, 1377652.79 ], [ 554864.98, 1377634.42 ], [ 554864.39, 1377632.96 ], [ 554856.95, 1377627.55 ], [ 554845.57, 1377626.45 ], [ 554833.48, 1377611.01 ], [ 554825.58, 1377588.28 ], [ 554826.9, 1377572.9 ], [ 554827.51, 1377568.1 ], [ 554826.58, 1377552.29 ], [ 554825.55, 1377534.44 ], [ 554824.19, 1377512.57 ], [ 554823.68, 1377503.03 ], [ 554823.48, 1377500.04 ], [ 554818.53, 1377490.41 ], [ 554816.53, 1377461.05 ], [ 554827.89, 1377412.04 ], [ 554828.05, 1377411.03 ], [ 554826.57, 1377377.03 ], [ 554824.7, 1377359.09 ], [ 554582.95, 1377359.09 ], [ 554582.9, 1377816.0 ] ] ] ] } },
{ "type": "Feature", "properties": { "Stt": 372.0, "Malo_cty": "5.15TK.N3.11.148", "Ten_lo": "Z 30 - KV 4", "Dien_tich": "17.1", "Ma_cay": "CAO_SU", "Nam_trong": "2011", "QGIA": "Cambodia", "TINH": "Kampong Thom", "HUYEN": "Santuk", "XA": "Kraya", "Ten_NT": "NT 3", "To": 4.0, "Giong": "PB 260" }, "geometry": { "type": "MultiPolygon", "coordinates": [ [ [ [ 554251.0, 1377816.0 ], [ 554266.14, 1377816.0 ], [ 554527.75, 1377816.0 ], [ 554572.9, 1377816.0 ], [ 554572.95, 1377359.09 ], [ 554174.82, 1377359.09 ], [ 554175.0, 1377360.0 ], [ 554185.0, 1377418.0 ], [ 554192.0, 1377539.0 ], [ 554206.0, 1377638.0 ], [ 554213.0, 1377690.0 ], [ 554220.0, 1377730.0 ], [ 554231.0, 1377757.0 ], [ 554244.0, 1377779.0 ], [ 554251.0, 1377816.0 ] ] ] ] } },
{ "type": "Feature", "properties": { "Stt": 371.0, "Malo_cty": "5.15TK.N3.11.147", "Ten_lo": "Z 29 - KV 4", "Dien_tich": "14.3", "Ma_cay": "CAO_SU", "Nam_trong": "2011", "QGIA": "Cambodia", "TINH": "Kampong Thom", "HUYEN": "Santuk", "XA": "Kraya", "Ten_NT": "NT 3", "To": 4.0, "Giong": "PB 260" }, "geometry": { "type": "MultiPolygon", "coordinates": [ [ [ [ 554271.0, 1378316.0 ], [ 554289.69, 1378316.0 ], [ 554519.7, 1378316.0 ], [ 554572.84, 1378316.0 ], [ 554572.9, 1377824.0 ], [ 554544.5, 1377824.0 ], [ 554527.75, 1377824.0 ], [ 554499.35, 1377824.0 ], [ 554268.04, 1377824.0 ], [ 554256.11, 1377824.0 ], [ 554242.58, 1377824.0 ], [ 554287.0, 1377998.0 ], [ 554294.0, 1378057.0 ], [ 554296.0, 1378175.0 ], [ 554294.0, 1378191.0 ], [ 554281.0, 1378221.0 ], [ 554271.0, 1378316.0 ] ] ] ] } },
{ "type": "Feature", "properties": { "Stt": 373.0, "Malo_cty": "5.15TK.N3.12.171", "Ten_lo": "Z 31 - KV 4", "Dien_tich": "11.1", "Ma_cay": "CAO_SU", "Nam_trong": "2012", "QGIA": "Cambodia", "TINH": "Kampong Thom", "HUYEN": "Santuk", "XA": "Kraya", "Ten_NT": "NT 3", "To": 4.0, "Giong": "RRIV 1" }, "geometry": { "type": "MultiPolygon", "coordinates": [ [ [ [ 554173.21, 1377351.09 ], [ 554503.98, 1377351.09 ], [ 554504.0, 1377351.0 ], [ 554503.0, 1377254.0 ], [ 554488.0, 1377254.0 ], [ 554429.0, 1377287.0 ], [ 554422.0, 1377302.0 ], [ 554412.0, 1377309.0 ], [ 554402.0, 1377290.0 ], [ 554403.0, 1377270.0 ], [ 554499.0, 1377175.0 ], [ 554496.0, 1377095.0 ], [ 554454.0, 1377086.0 ], [ 554444.0, 1377098.0 ], [ 554421.0, 1377094.0 ], [ 554409.0, 1377071.0 ], [ 554448.0, 1377045.0 ], [ 554463.0, 1377012.0 ], [ 554459.0, 1376967.0 ], [ 554421.0, 1376966.0 ], [ 554379.0, 1377019.0 ], [ 554330.0, 1377040.0 ], [ 554317.0, 1377071.0 ], [ 554282.0, 1377097.0 ], [ 554272.0, 1377082.0 ], [ 554251.0, 1377084.0 ], [ 554221.0, 1377122.0 ], [ 554210.0, 1377124.0 ], [ 554200.0, 1377117.0 ], [ 554200.0, 1377116.0 ], [ 554202.0, 1377097.0 ], [ 554230.0, 1377029.0 ], [ 554250.0, 1377004.0 ], [ 554291.0, 1376972.0 ], [ 554283.0, 1376961.0 ], [ 554282.64, 1376960.55 ], [ 554282.0, 1376961.0 ], [ 554110.0, 1377082.0 ], [ 554108.0, 1377094.0 ], [ 554064.0, 1377128.0 ], [ 554064.0, 1377142.0 ], [ 554108.0, 1377217.0 ], [ 554147.0, 1377286.0 ], [ 554153.0, 1377350.0 ], [ 554173.0, 1377350.0 ], [ 554173.21, 1377351.09 ] ] ] ] } },
{ "type": "Feature", "properties": { "Stt": 370.0, "Malo_cty": "5.15TK.N3.11.146", "Ten_lo": "Z 28.2 - KV 4", "Dien_tich": "4.9", "Ma_cay": "CAO_SU", "Nam_trong": "2011", "QGIA": "Cambodia", "TINH": "Kampong Thom", "HUYEN": "Santuk", "XA": "Kraya", "Ten_NT": "NT 3", "To": 4.0, "Giong": "RRIV 107" }, "geometry": { "type": "MultiPolygon", "coordinates": [ [ [ [ 554081.0, 1378684.33 ], [ 554081.0, 1378690.25 ], [ 554081.0, 1378702.95 ], [ 554081.0, 1378739.18 ], [ 554081.0, 1378816.0 ], [ 554269.0, 1378816.0 ], [ 554269.02, 1378324.0 ], [ 554264.77, 1378324.0 ], [ 554264.0, 1378325.0 ], [ 554238.0, 1378469.0 ], [ 554186.0, 1378533.0 ], [ 554165.0, 1378573.0 ], [ 554108.0, 1378616.0 ], [ 554089.0, 1378649.0 ], [ 554082.0, 1378672.0 ], [ 554081.92, 1378684.14 ], [ 554081.0, 1378684.33 ] ] ] ] } },
{ "type": "Feature", "properties": { "Stt": 499.0, "Malo_cty": "Song, suoi, trung", "Ten_lo": null, "Dien_tich": null, "Ma_cay": "CAO_SU", "Nam_trong": null, "QGIA": "Cambodia", "TINH": "Kampong Thom", "HUYEN": "Santuk", "XA": "Kraya", "Ten_NT": null, "To": 0.0, "Giong": null }, "geometry": { "type": "MultiPolygon", "coordinates": [ [ [ [ 554177.0, 1379238.67 ], [ 554169.0, 1379228.0 ], [ 554152.0, 1379226.0 ], [ 554140.0, 1379230.0 ], [ 554142.0, 1379243.0 ], [ 554127.0, 1379258.0 ], [ 554126.0, 1379279.0 ], [ 554136.0, 1379292.0 ], [ 554150.0, 1379290.0 ], [ 554163.0, 1379276.0 ], [ 554177.0, 1379278.0 ], [ 554177.0, 1379238.67 ] ] ] ] } },
{ "type": "Feature", "properties": { "Stt": 473.0, "Malo_cty": "Nha doi", "Ten_lo": null, "Dien_tich": "0.5", "Ma_cay": "CAO_SU", "Nam_trong": null, "QGIA": "Cambodia", "TINH": "Kampong Thom", "HUYEN": "Santuk", "XA": "Kraya", "Ten_NT": null, "To": 0.0, "Giong": null }, "geometry": { "type": "MultiPolygon", "coordinates": [ [ [ [ 554582.76, 1379258.96 ], [ 554582.77, 1379304.96 ], [ 554582.77, 1379314.96 ], [ 554683.53, 1379314.96 ], [ 554683.53, 1379258.96 ], [ 554582.76, 1379258.96 ] ] ] ] } },
{ "type": "Feature", "properties": { "Stt": 368.0, "Malo_cty": "5.15TK.N3.11.144", "Ten_lo": "Z 27 - KV 4", "Dien_tich": "24.3", "Ma_cay": "CAO_SU", "Nam_trong": "2011", "QGIA": "Cambodia", "TINH": "Kampong Thom", "HUYEN": "Santuk", "XA": "Kraya", "Ten_NT": "NT 3", "To": 4.0, "Giong": "PB 260" }, "geometry": { "type": "MultiPolygon", "coordinates": [ [ [ [ 554081.0, 1379315.0 ], [ 554572.75, 1379315.0 ], [ 554572.8, 1378823.99 ], [ 554081.0, 1378823.99 ], [ 554081.0, 1379315.0 ] ], [ [ 554177.0, 1379238.67 ], [ 554177.0, 1379278.0 ], [ 554163.0, 1379276.0 ], [ 554150.0, 1379290.0 ], [ 554136.0, 1379292.0 ], [ 554126.0, 1379279.0 ], [ 554127.0, 1379258.0 ], [ 554142.0, 1379243.0 ], [ 554140.0, 1379230.0 ], [ 554152.0, 1379226.0 ], [ 554169.0, 1379228.0 ], [ 554177.0, 1379238.67 ] ] ] ] } },
{ "type": "Feature", "properties": { "Stt": 346.0, "Malo_cty": "5.15TK.N3.11.051", "Ten_lo": "AA 28 - KV 4", "Dien_tich": "11.3", "Ma_cay": "CAO_SU", "Nam_trong": "2011", "QGIA": "Cambodia", "TINH": "Kampong Thom", "HUYEN": "Santuk", "XA": "Kraya", "Ten_NT": "NT 3", "To": 4.0, "Giong": "PB 255" }, "geometry": { "type": "MultiPolygon", "coordinates": [ [ [ [ 554615.86, 1378816.0 ], [ 554806.95, 1378816.0 ], [ 554808.0, 1378788.0 ], [ 554794.0, 1378722.0 ], [ 554795.0, 1378572.0 ], [ 554805.0, 1378507.0 ], [ 554828.0, 1378422.0 ], [ 554835.0, 1378373.0 ], [ 554833.0, 1378325.0 ], [ 554833.09, 1378324.0 ], [ 554832.12, 1378324.0 ], [ 554582.85, 1378324.0 ], [ 554582.85, 1378321.41 ], [ 554582.84, 1378321.41 ], [ 554582.79, 1378816.0 ], [ 554615.86, 1378816.0 ] ] ] ] } },
{ "type": "Feature", "properties": { "Stt": 369.0, "Malo_cty": "5.15TK.N3.11.145", "Ten_lo": "Z 28.1 - KV 4", "Dien_tich": "15", "Ma_cay": "CAO_SU", "Nam_trong": "2011", "QGIA": "Cambodia", "TINH": "Kampong Thom", "HUYEN": "Santuk", "XA": "Kraya", "Ten_NT": "NT 3", "To": 4.0, "Giong": "IRCA 130" }, "geometry": { "type": "MultiPolygon", "coordinates": [ [ [ [ 554269.02, 1378324.0 ], [ 554269.0, 1378816.0 ], [ 554572.8, 1378816.0 ], [ 554572.8, 1378816.4 ], [ 554572.84, 1378324.0 ], [ 554519.7, 1378324.0 ], [ 554288.15, 1378324.0 ], [ 554269.02, 1378324.0 ] ] ] ] } },
{ "type": "Feature", "properties": { "Stt": 364.0, "Malo_cty": "5.15TK.N3.11.134", "Ten_lo": "Y 28 - KV 4", "Dien_tich": "7.3", "Ma_cay": "CAO_SU", "Nam_trong": "2011", "QGIA": "Cambodia", "TINH": "Kampong Thom", "HUYEN": "Santuk", "XA": "Kraya", "Ten_NT": "NT 3", "To": 4.0, "Giong": "RRIV 3" }, "geometry": { "type": "MultiPolygon", "coordinates": [ [ [ [ 553581.0, 1378656.9 ], [ 553581.0, 1378660.6 ], [ 553581.0, 1378718.11 ], [ 553581.0, 1378796.87 ], [ 553581.0, 1378816.0 ], [ 554073.0, 1378816.0 ], [ 554073.0, 1378739.18 ], [ 554073.0, 1378702.95 ], [ 554073.0, 1378691.25 ], [ 554073.0, 1378686.0 ], [ 554036.0, 1378686.0 ], [ 553978.0, 1378690.0 ], [ 553926.0, 1378697.0 ], [ 553852.0, 1378698.0 ], [ 553778.0, 1378675.0 ], [ 553642.0, 1378655.0 ], [ 553584.0, 1378657.0 ], [ 553581.0, 1378656.9 ] ] ] ] } },
{ "type": "Feature", "properties": { "Stt": 363.0, "Malo_cty": "5.15TK.N3.11.133", "Ten_lo": "Y 27 - KV 4", "Dien_tich": "24.3", "Ma_cay": "CAO_SU", "Nam_trong": "2011", "QGIA": "Cambodia", "TINH": "Kampong Thom", "HUYEN": "Santuk", "XA": "Kraya", "Ten_NT": "NT 3", "To": 4.0, "Giong": "RRIV 3" }, "geometry": { "type": "MultiPolygon", "coordinates": [ [ [ [ 553581.0, 1379315.0 ], [ 554073.0, 1379315.0 ], [ 554073.0, 1378823.99 ], [ 553581.0, 1378823.99 ], [ 553581.0, 1379315.0 ] ] ] ] } },
{ "type": "Feature", "properties": { "Stt": 366.0, "Malo_cty": "5.15TK.N3.11.142", "Ten_lo": "Z 25.2 - KV 4", "Dien_tich": "0.3", "Ma_cay": "CAO_SU", "Nam_trong": "2011", "QGIA": "Cambodia", "TINH": "Kampong Thom", "HUYEN": "Santuk", "XA": "Kraya", "Ten_NT": "NT 3", "To": 4.0, "Giong": "RRIV 1" }, "geometry": { "type": "MultiPolygon", "coordinates": [ [ [ [ 554567.31, 1379822.99 ], [ 554567.0, 1380315.0 ], [ 554572.64, 1380315.0 ], [ 554572.69, 1379822.99 ], [ 554567.31, 1379822.99 ] ] ] ] } },
{ "type": "Feature", "properties": { "Stt": 338.0, "Malo_cty": "5.15TK.N3.10.129", "Ten_lo": "Y 24 - KV 3", "Dien_tich": "24.3", "Ma_cay": "CAO_SU", "Nam_trong": "2010", "QGIA": "Cambodia", "TINH": "Kampong Thom", "HUYEN": "Santuk", "XA": "Kraya", "Ten_NT": "NT 3", "To": 3.0, "Giong": "PB 260" }, "geometry": { "type": "MultiPolygon", "coordinates": [ [ [ [ 554073.0, 1380325.0 ], [ 553581.0, 1380325.0 ], [ 553581.0, 1380816.0 ], [ 554073.0, 1380816.0 ], [ 554073.0, 1380325.0 ] ] ] ] } },
{ "type": "Feature", "properties": { "Stt": 401.0, "Malo_cty": "5.15TK.N3.11.120", "Ten_lo": "X 24 - KV 5", "Dien_tich": "24.3", "Ma_cay": "CAO_SU", "Nam_trong": "2011", "QGIA": "Cambodia", "TINH": "Kampong Thom", "HUYEN": "Santuk", "XA": "Kraya", "Ten_NT": "NT 3", "To": 5.0, "Giong": "PB 260" }, "geometry": { "type": "MultiPolygon", "coordinates": [ [ [ [ 553567.66, 1380816.0 ], [ 553568.99, 1380816.0 ], [ 553573.0, 1380816.0 ], [ 553573.0, 1380325.0 ], [ 553081.0, 1380325.0 ], [ 553081.0, 1380816.0 ], [ 553567.66, 1380816.0 ] ] ] ] } },
{ "type": "Feature", "properties": { "Stt": 359.0, "Malo_cty": "5.15TK.N3.10.035", "Ten_lo": "Y 25.1 - KV 4", "Dien_tich": "12", "Ma_cay": "CAO_SU", "Nam_trong": "2010", "QGIA": "Cambodia", "TINH": "Kampong Thom", "HUYEN": "Santuk", "XA": "Kraya", "Ten_NT": "NT 3", "To": 4.0, "Giong": "PB 260" }, "geometry": { "type": "MultiPolygon", "coordinates": [ [ [ [ 554073.0, 1380315.0 ], [ 554073.0, 1380039.73 ], [ 554073.0, 1379823.23 ], [ 553836.31, 1379823.34 ], [ 553836.03, 1380017.91 ], [ 553851.98, 1380039.85 ], [ 553855.0, 1380044.0 ], [ 553880.0, 1380130.0 ], [ 553835.0, 1380211.0 ], [ 553815.78, 1380216.54 ], [ 553815.8, 1380315.0 ], [ 554073.0, 1380315.0 ] ] ] ] } },
{ "type": "Feature", "properties": { "Stt": 496.0, "Malo_cty": "Song, suoi, trung", "Ten_lo": null, "Dien_tich": null, "Ma_cay": "CAO_SU", "Nam_trong": null, "QGIA": "Cambodia", "TINH": "Kampong Thom", "HUYEN": "Santuk", "XA": "Kraya", "Ten_NT": null, "To": 0.0, "Giong": null }, "geometry": { "type": "MultiPolygon", "coordinates": [ [ [ [ 553628.0, 1380217.0 ], [ 553717.0, 1380245.0 ], [ 553815.78, 1380216.54 ], [ 553835.0, 1380211.0 ], [ 553880.0, 1380130.0 ], [ 553855.0, 1380044.0 ], [ 553851.98, 1380039.85 ], [ 553836.03, 1380017.91 ], [ 553815.0, 1379989.0 ], [ 553740.0, 1380035.0 ], [ 553733.27, 1380039.92 ], [ 553662.0, 1380092.0 ], [ 553628.0, 1380217.0 ] ] ] ] } },
{ "type": "Feature", "properties": { "Stt": 360.0, "Malo_cty": "5.15TK.N3.11.130", "Ten_lo": "Y 25.2 - KV 4", "Dien_tich": "5.5", "Ma_cay": "CAO_SU", "Nam_trong": "2011", "QGIA": "Cambodia", "TINH": "Kampong Thom", "HUYEN": "Santuk", "XA": "Kraya", "Ten_NT": "NT 3", "To": 4.0, "Giong": "PB 260" }, "geometry": { "type": "MultiPolygon", "coordinates": [ [ [ [ 553581.0, 1379823.46 ], [ 553581.0, 1380040.0 ], [ 553733.27, 1380039.92 ], [ 553740.0, 1380035.0 ], [ 553815.0, 1379989.0 ], [ 553836.03, 1380017.91 ], [ 553836.31, 1379823.34 ], [ 553581.0, 1379823.46 ] ] ] ] } },
{ "type": "Feature", "properties": { "Stt": 353.0, "Malo_cty": "5.15TK.N3.11.121", "Ten_lo": "X 25.1 - KV 4", "Dien_tich": "2.4", "Ma_cay": "CAO_SU", "Nam_trong": "2011", "QGIA": "Cambodia", "TINH": "Kampong Thom", "HUYEN": "Santuk", "XA": "Kraya", "Ten_NT": "NT 3", "To": 4.0, "Giong": "IRCA 130" }, "geometry": { "type": "MultiPolygon", "coordinates": [ [ [ [ 553566.24, 1379819.46 ], [ 553564.58, 1379819.46 ], [ 553564.58, 1379823.46 ], [ 553131.08, 1379823.67 ], [ 553131.0, 1380315.0 ], [ 553573.0, 1380315.0 ], [ 553573.0, 1379823.46 ], [ 553566.25, 1379823.46 ], [ 553566.24, 1379819.46 ] ] ] ] } },
{ "type": "Feature", "properties": { "Stt": 355.0, "Malo_cty": "5.15TK.N3.11.123", "Ten_lo": "X 26 - KV 4", "Dien_tich": "24.3", "Ma_cay": "CAO_SU", "Nam_trong": "2011", "QGIA": "Cambodia", "TINH": "Kampong Thom", "HUYEN": "Santuk", "XA": "Kraya", "Ten_NT": "NT 3", "To": 4.0, "Giong": "PB 260" }, "geometry": { "type": "MultiPolygon", "coordinates": [ [ [ [ 553573.0, 1379815.46 ], [ 553573.0, 1379325.0 ], [ 553131.16, 1379325.0 ], [ 553081.0, 1379325.0 ], [ 553081.0, 1379815.69 ], [ 553131.08, 1379815.67 ], [ 553564.56, 1379815.46 ], [ 553564.58, 1379819.46 ], [ 553566.24, 1379819.46 ], [ 553566.22, 1379815.46 ], [ 553573.0, 1379815.46 ] ] ] ] } },
{ "type": "Feature", "properties": { "Stt": 362.0, "Malo_cty": "5.15TK.N3.11.132", "Ten_lo": "Y 26 - KV 4", "Dien_tich": "24.3", "Ma_cay": "CAO_SU", "Nam_trong": "2011", "QGIA": "Cambodia", "TINH": "Kampong Thom", "HUYEN": "Santuk", "XA": "Kraya", "Ten_NT": "NT 3", "To": 4.0, "Giong": "RRIV 3" }, "geometry": { "type": "MultiPolygon", "coordinates": [ [ [ [ 554073.0, 1379325.0 ], [ 553581.0, 1379325.0 ], [ 553581.0, 1379815.45 ], [ 554073.0, 1379815.22 ], [ 554073.0, 1379325.0 ] ] ] ] } },
{ "type": "Feature", "properties": { "Stt": 361.0, "Malo_cty": "5.15TK.N3.11.131", "Ten_lo": "Y 25.3 - KV 4", "Dien_tich": "6.3", "Ma_cay": "CAO_SU", "Nam_trong": "2011", "QGIA": "Cambodia", "TINH": "Kampong Thom", "HUYEN": "Santuk", "XA": "Kraya", "Ten_NT": "NT 3", "To": 4.0, "Giong": "RRIV 106" }, "geometry": { "type": "MultiPolygon", "coordinates": [ [ [ [ 553815.8, 1380315.0 ], [ 553815.78, 1380216.54 ], [ 553717.0, 1380245.0 ], [ 553628.0, 1380217.0 ], [ 553662.0, 1380092.0 ], [ 553733.27, 1380039.92 ], [ 553581.0, 1380040.0 ], [ 553581.0, 1380315.0 ], [ 553815.8, 1380315.0 ] ] ] ] } },
{ "type": "Feature", "properties": { "Stt": 356.0, "Malo_cty": "5.15TK.N3.11.124", "Ten_lo": "X 27 - KV 4", "Dien_tich": "24.3", "Ma_cay": "CAO_SU", "Nam_trong": "2011", "QGIA": "Cambodia", "TINH": "Kampong Thom", "HUYEN": "Santuk", "XA": "Kraya", "Ten_NT": "NT 3", "To": 4.0, "Giong": "RRIV 1" }, "geometry": { "type": "MultiPolygon", "coordinates": [ [ [ [ 553081.0, 1379315.0 ], [ 553573.0, 1379315.0 ], [ 553573.0, 1378823.99 ], [ 553563.49, 1378823.99 ], [ 553561.49, 1378823.99 ], [ 553081.0, 1378823.99 ], [ 553081.0, 1379315.0 ] ] ] ] } },
{ "type": "Feature", "properties": { "Stt": 352.0, "Malo_cty": "5.15TK.N3.12.168", "Ten_lo": "W 28 - KV 4", "Dien_tich": "19.6", "Ma_cay": "CAO_SU", "Nam_trong": "2012", "QGIA": "Cambodia", "TINH": "Kampong Thom", "HUYEN": "Santuk", "XA": "Kraya", "Ten_NT": "NT 3", "To": 4.0, "Giong": "RRIV 1" }, "geometry": { "type": "MultiPolygon", "coordinates": [ [ [ [ 552582.0, 1378322.0 ], [ 552582.0, 1378816.0 ], [ 553073.0, 1378816.0 ], [ 553073.0, 1378579.38 ], [ 553073.0, 1378538.27 ], [ 553073.0, 1378536.0 ], [ 553024.0, 1378383.0 ], [ 552999.0, 1378377.0 ], [ 552945.0, 1378386.0 ], [ 552850.0, 1378371.0 ], [ 552842.0, 1378365.0 ], [ 552842.0, 1378346.0 ], [ 552827.0, 1378350.0 ], [ 552821.0, 1378362.0 ], [ 552814.0, 1378510.0 ], [ 552803.0, 1378528.0 ], [ 552803.0, 1378581.0 ], [ 552797.0, 1378604.0 ], [ 552788.0, 1378606.0 ], [ 552790.0, 1378569.0 ], [ 552782.0, 1378545.0 ], [ 552759.0, 1378528.0 ], [ 552749.0, 1378536.0 ], [ 552719.0, 1378534.0 ], [ 552711.0, 1378524.0 ], [ 552712.0, 1378466.0 ], [ 552709.0, 1378395.0 ], [ 552702.0, 1378375.0 ], [ 552709.0, 1378368.0 ], [ 552707.0, 1378350.0 ], [ 552699.0, 1378336.0 ], [ 552663.0, 1378337.0 ], [ 552656.0, 1378343.0 ], [ 552655.0, 1378356.0 ], [ 552639.0, 1378378.0 ], [ 552622.0, 1378383.0 ], [ 552603.0, 1378375.0 ], [ 552604.0, 1378361.0 ], [ 552614.0, 1378358.0 ], [ 552620.0, 1378341.0 ], [ 552620.0, 1378322.0 ], [ 552582.0, 1378322.0 ] ] ] ] } },
{ "type": "Feature", "properties": { "Stt": 357.0, "Malo_cty": "5.15TK.N3.12.169", "Ten_lo": "X 28.1 - KV 4", "Dien_tich": "7.6", "Ma_cay": "CAO_SU", "Nam_trong": "2012", "QGIA": "Cambodia", "TINH": "Kampong Thom", "HUYEN": "Santuk", "XA": "Kraya", "Ten_NT": "NT 3", "To": 4.0, "Giong": "IRCA 130" }, "geometry": { "type": "MultiPolygon", "coordinates": [ [ [ [ 553409.73, 1378345.71 ], [ 553410.0, 1378816.0 ], [ 553561.47, 1378816.0 ], [ 553563.46, 1378816.0 ], [ 553573.0, 1378816.0 ], [ 553573.0, 1378796.87 ], [ 553573.0, 1378718.11 ], [ 553573.0, 1378656.62 ], [ 553571.64, 1378656.57 ], [ 553571.0, 1378371.0 ], [ 553565.0, 1378371.0 ], [ 553566.0, 1378343.0 ], [ 553409.73, 1378345.71 ] ] ] ] } },
{ "type": "Feature", "properties": { "Stt": 498.0, "Malo_cty": "Song, suoi, trung", "Ten_lo": null, "Dien_tich": null, "Ma_cay": "CAO_SU", "Nam_trong": null, "QGIA": "Cambodia", "TINH": "Kampong Thom", "HUYEN": "Santuk", "XA": "Kraya", "Ten_NT": null, "To": 0.0, "Giong": null }, "geometry": { "type": "MultiPolygon", "coordinates": [ [ [ [ 552847.34, 1377982.5 ], [ 552763.43, 1378043.87 ], [ 552797.0, 1378068.0 ], [ 552826.0, 1378116.0 ], [ 552866.0, 1378137.0 ], [ 552867.0, 1378137.0 ], [ 552900.0, 1378151.0 ], [ 552900.0, 1378152.0 ], [ 552935.0, 1378181.0 ], [ 552959.0, 1378204.0 ], [ 552960.0, 1378207.0 ], [ 552992.0, 1378241.0 ], [ 552993.0, 1378242.0 ], [ 553005.0, 1378290.0 ], [ 553009.0, 1378293.0 ], [ 553041.0, 1378329.0 ], [ 553042.0, 1378332.0 ], [ 553054.0, 1378371.0 ], [ 553055.0, 1378373.0 ], [ 553060.0, 1378409.0 ], [ 553062.0, 1378410.0 ], [ 553063.0, 1378443.0 ], [ 553063.0, 1378444.0 ], [ 553068.0, 1378475.0 ], [ 553072.0, 1378513.0 ], [ 553080.0, 1378509.0 ], [ 553077.0, 1378481.0 ], [ 553077.0, 1378452.0 ], [ 553084.0, 1378435.0 ], [ 553084.0, 1378434.0 ], [ 553087.0, 1378415.0 ], [ 553087.0, 1378413.0 ], [ 553073.0, 1378388.0 ], [ 553073.0, 1378386.0 ], [ 553070.0, 1378360.0 ], [ 553058.0, 1378328.0 ], [ 553058.0, 1378327.0 ], [ 553043.0, 1378297.0 ], [ 553043.0, 1378296.0 ], [ 553017.0, 1378271.0 ], [ 553003.0, 1378243.0 ], [ 553003.0, 1378242.0 ], [ 552993.0, 1378222.0 ], [ 552993.0, 1378221.0 ], [ 552998.0, 1378204.0 ], [ 553028.0, 1378196.0 ], [ 553028.0, 1378195.0 ], [ 553062.0, 1378205.0 ], [ 553096.0, 1378221.0 ], [ 553137.0, 1378253.0 ], [ 553145.0, 1378260.0 ], [ 553149.0, 1378257.0 ], [ 553141.0, 1378245.0 ], [ 553127.0, 1378233.0 ], [ 553127.0, 1378232.0 ], [ 553108.0, 1378219.0 ], [ 553108.0, 1378218.0 ], [ 553091.0, 1378208.0 ], [ 553076.0, 1378200.0 ], [ 553059.0, 1378194.0 ], [ 553030.0, 1378183.0 ], [ 553017.0, 1378184.0 ], [ 553000.0, 1378190.0 ], [ 553000.0, 1378191.0 ], [ 552983.0, 1378197.0 ], [ 552981.0, 1378197.0 ], [ 552969.0, 1378192.0 ], [ 552966.0, 1378189.0 ], [ 552964.0, 1378188.0 ], [ 552952.0, 1378176.0 ], [ 552950.0, 1378175.0 ], [ 552938.0, 1378162.0 ], [ 552937.0, 1378161.0 ], [ 552895.0, 1378134.0 ], [ 552863.0, 1378112.0 ], [ 552841.0, 1378071.0 ], [ 552834.0, 1378048.0 ], [ 552845.0, 1377993.0 ], [ 552847.34, 1377982.5 ] ] ] ] } },
{ "type": "Feature", "properties": { "Stt": 503.0, "Malo_cty": "Trong cay lau nam", "Ten_lo": null, "Dien_tich": "31", "Ma_cay": "CAO_SU", "Nam_trong": null, "QGIA": "Cambodia", "TINH": "Kampong Thom", "HUYEN": "Santuk", "XA": "Kraya", "Ten_NT": null, "To": 0.0, "Giong": null }, "geometry": { "type": "MultiPolygon", "coordinates": [ [ [ [ 552582.0, 1378322.0 ], [ 552620.0, 1378322.0 ], [ 552620.0, 1378341.0 ], [ 552614.0, 1378358.0 ], [ 552604.0, 1378361.0 ], [ 552603.0, 1378375.0 ], [ 552622.0, 1378383.0 ], [ 552639.0, 1378378.0 ], [ 552655.0, 1378356.0 ], [ 552656.0, 1378343.0 ], [ 552663.0, 1378337.0 ], [ 552699.0, 1378336.0 ], [ 552707.0, 1378350.0 ], [ 552709.0, 1378368.0 ], [ 552702.0, 1378375.0 ], [ 552709.0, 1378395.0 ], [ 552712.0, 1378466.0 ], [ 552711.0, 1378524.0 ], [ 552719.0, 1378534.0 ], [ 552749.0, 1378536.0 ], [ 552759.0, 1378528.0 ], [ 552782.0, 1378545.0 ], [ 552790.0, 1378569.0 ], [ 552788.0, 1378606.0 ], [ 552797.0, 1378604.0 ], [ 552803.0, 1378581.0 ], [ 552803.0, 1378528.0 ], [ 552814.0, 1378510.0 ], [ 552821.0, 1378362.0 ], [ 552827.0, 1378350.0 ], [ 552842.0, 1378346.0 ], [ 552842.0, 1378365.0 ], [ 552850.0, 1378371.0 ], [ 552945.0, 1378386.0 ], [ 552999.0, 1378377.0 ], [ 553024.0, 1378383.0 ], [ 553073.0, 1378536.0 ], [ 553073.0, 1378538.27 ], [ 553073.0, 1378579.38 ], [ 553081.0, 1378579.0 ], [ 553089.0, 1378580.0 ], [ 553093.59, 1378584.29 ], [ 553107.2, 1378590.0 ], [ 553112.0, 1378584.0 ], [ 553099.0, 1378565.0 ], [ 553099.0, 1378522.0 ], [ 553117.0, 1378515.0 ], [ 553128.0, 1378519.0 ], [ 553132.0, 1378506.0 ], [ 553169.0, 1378517.0 ], [ 553169.0, 1378502.0 ], [ 553155.0, 1378494.0 ], [ 553142.0, 1378468.0 ], [ 553141.0, 1378425.0 ], [ 553161.0, 1378418.0 ], [ 553169.0, 1378349.0 ], [ 553205.0, 1378345.0 ], [ 553237.0, 1378352.0 ], [ 553230.0, 1378367.0 ], [ 553235.0, 1378374.0 ], [ 553245.0, 1378368.0 ], [ 553251.0, 1378358.0 ], [ 553267.0, 1378356.0 ], [ 553326.0, 1378367.0 ], [ 553217.0, 1377899.0 ], [ 553205.0, 1377729.0 ], [ 552847.34, 1377982.5 ], [ 552845.0, 1377993.0 ], [ 552834.0, 1378048.0 ], [ 552841.0, 1378071.0 ], [ 552863.0, 1378112.0 ], [ 552895.0, 1378134.0 ], [ 552937.0, 1378161.0 ], [ 552938.0, 1378162.0 ], [ 552950.0, 1378175.0 ], [ 552952.0, 1378176.0 ], [ 552964.0, 1378188.0 ], [ 552966.0, 1378189.0 ], [ 552969.0, 1378192.0 ], [ 552981.0, 1378197.0 ], [ 552983.0, 1378197.0 ], [ 553000.0, 1378191.0 ], [ 553000.0, 1378190.0 ], [ 553017.0, 1378184.0 ], [ 553030.0, 1378183.0 ], [ 553059.0, 1378194.0 ], [ 553076.0, 1378200.0 ], [ 553091.0, 1378208.0 ], [ 553108.0, 1378218.0 ], [ 553108.0, 1378219.0 ], [ 553127.0, 1378232.0 ], [ 553127.0, 1378233.0 ], [ 553141.0, 1378245.0 ], [ 553149.0, 1378257.0 ], [ 553145.0, 1378260.0 ], [ 553137.0, 1378253.0 ], [ 553096.0, 1378221.0 ], [ 553062.0, 1378205.0 ], [ 553028.0, 1378195.0 ], [ 553028.0, 1378196.0 ], [ 552998.0, 1378204.0 ], [ 552993.0, 1378221.0 ], [ 552993.0, 1378222.0 ], [ 553003.0, 1378242.0 ], [ 553003.0, 1378243.0 ], [ 553017.0, 1378271.0 ], [ 553043.0, 1378296.0 ], [ 553043.0, 1378297.0 ], [ 553058.0, 1378327.0 ], [ 553058.0, 1378328.0 ], [ 553070.0, 1378360.0 ], [ 553073.0, 1378386.0 ], [ 553073.0, 1378388.0 ], [ 553087.0, 1378413.0 ], [ 553087.0, 1378415.0 ], [ 553084.0, 1378434.0 ], [ 553084.0, 1378435.0 ], [ 553077.0, 1378452.0 ], [ 553077.0, 1378481.0 ], [ 553080.0, 1378509.0 ], [ 553072.0, 1378513.0 ], [ 553068.0, 1378475.0 ], [ 553063.0, 1378444.0 ], [ 553063.0, 1378443.0 ], [ 553062.0, 1378410.0 ], [ 553060.0, 1378409.0 ], [ 553055.0, 1378373.0 ], [ 553054.0, 1378371.0 ], [ 553042.0, 1378332.0 ], [ 553041.0, 1378329.0 ], [ 553009.0, 1378293.0 ], [ 553005.0, 1378290.0 ], [ 552993.0, 1378242.0 ], [ 552992.0, 1378241.0 ], [ 552960.0, 1378207.0 ], [ 552959.0, 1378204.0 ], [ 552935.0, 1378181.0 ], [ 552900.0, 1378152.0 ], [ 552900.0, 1378151.0 ], [ 552867.0, 1378137.0 ], [ 552866.0, 1378137.0 ], [ 552826.0, 1378116.0 ], [ 552797.0, 1378068.0 ], [ 552763.43, 1378043.87 ], [ 552581.0, 1378174.0 ], [ 552582.0, 1378322.0 ] ] ] ] } },
{ "type": "Feature", "properties": { "Stt": 351.0, "Malo_cty": "5.15TK.N3.11.117", "Ten_lo": "W 27 - KV 4", "Dien_tich": "24.3", "Ma_cay": "CAO_SU", "Nam_trong": "2011", "QGIA": "Cambodia", "TINH": "Kampong Thom", "HUYEN": "Santuk", "XA": "Kraya", "Ten_NT": "NT 3", "To": 4.0, "Giong": "PB 255" }, "geometry": { "type": "MultiPolygon", "coordinates": [ [ [ [ 552582.0, 1378823.99 ], [ 552582.0, 1379315.0 ], [ 553073.0, 1379315.0 ], [ 553073.0, 1378823.99 ], [ 552582.0, 1378823.99 ] ] ] ] } },
{ "type": "Feature", "properties": { "Stt": 358.0, "Malo_cty": "5.15TK.N3.12.170", "Ten_lo": "X 28.2 - KV 4", "Dien_tich": "13.9", "Ma_cay": "CAO_SU", "Nam_trong": "2012", "QGIA": "Cambodia", "TINH": "Kampong Thom", "HUYEN": "Santuk", "XA": "Kraya", "Ten_NT": "NT 3", "To": 4.0, "Giong": "RRIV 1" }, "geometry": { "type": "MultiPolygon", "coordinates": [ [ [ [ 553081.0, 1378579.0 ], [ 553081.0, 1378816.0 ], [ 553410.0, 1378816.0 ], [ 553409.73, 1378345.71 ], [ 553335.0, 1378347.0 ], [ 553326.0, 1378367.0 ], [ 553267.0, 1378356.0 ], [ 553251.0, 1378358.0 ], [ 553245.0, 1378368.0 ], [ 553235.0, 1378374.0 ], [ 553230.0, 1378367.0 ], [ 553237.0, 1378352.0 ], [ 553205.0, 1378345.0 ], [ 553169.0, 1378349.0 ], [ 553161.0, 1378418.0 ], [ 553141.0, 1378425.0 ], [ 553142.0, 1378468.0 ], [ 553155.0, 1378494.0 ], [ 553169.0, 1378502.0 ], [ 553169.0, 1378517.0 ], [ 553132.0, 1378506.0 ], [ 553128.0, 1378519.0 ], [ 553117.0, 1378515.0 ], [ 553099.0, 1378522.0 ], [ 553099.0, 1378565.0 ], [ 553112.0, 1378584.0 ], [ 553107.2, 1378590.0 ], [ 553093.59, 1378584.29 ], [ 553089.0, 1378580.0 ], [ 553081.0, 1378579.0 ] ] ] ] } },
{ "type": "Feature", "properties": { "Stt": 497.0, "Malo_cty": "Song, suoi, trung", "Ten_lo": null, "Dien_tich": null, "Ma_cay": "CAO_SU", "Nam_trong": null, "QGIA": "Cambodia", "TINH": "Kampong Thom", "HUYEN": "Santuk", "XA": "Kraya", "Ten_NT": null, "To": 0.0, "Giong": null }, "geometry": { "type": "MultiPolygon", "coordinates": [ [ [ [ 552216.0, 1378443.0 ], [ 552081.0, 1378543.0 ], [ 552197.0, 1378540.0 ], [ 552233.0, 1378547.0 ], [ 552236.0, 1378557.0 ], [ 552249.0, 1378565.0 ], [ 552259.0, 1378623.0 ], [ 552262.0, 1378626.0 ], [ 552269.0, 1378624.0 ], [ 552274.0, 1378606.0 ], [ 552300.0, 1378605.0 ], [ 552310.0, 1378612.0 ], [ 552314.0, 1378627.0 ], [ 552317.0, 1378633.0 ], [ 552348.0, 1378633.0 ], [ 552356.0, 1378640.0 ], [ 552362.0, 1378624.0 ], [ 552287.0, 1378562.0 ], [ 552282.0, 1378554.0 ], [ 552279.0, 1378542.0 ], [ 552305.0, 1378543.0 ], [ 552318.0, 1378548.0 ], [ 552346.0, 1378568.0 ], [ 552357.0, 1378563.0 ], [ 552355.0, 1378556.0 ], [ 552350.0, 1378554.0 ], [ 552324.0, 1378520.0 ], [ 552302.0, 1378515.0 ], [ 552274.0, 1378514.0 ], [ 552255.0, 1378507.0 ], [ 552253.0, 1378484.0 ], [ 552265.0, 1378471.0 ], [ 552263.0, 1378464.0 ], [ 552224.0, 1378453.0 ], [ 552216.0, 1378443.0 ] ] ] ] } },
{ "type": "Feature", "properties": { "Stt": 398.0, "Malo_cty": "5.15TK.N3.11.110", "Ten_lo": "V 28.2 - KV 5", "Dien_tich": "8.2", "Ma_cay": "CAO_SU", "Nam_trong": "2011", "QGIA": "Cambodia", "TINH": "Kampong Thom", "HUYEN": "Santuk", "XA": "Kraya", "Ten_NT": "NT 3", "To": 5.0, "Giong": "PB 255" }, "geometry": { "type": "MultiPolygon", "coordinates": [ [ [ [ 552572.01, 1378647.92 ], [ 552081.0, 1378648.0 ], [ 552081.0, 1378721.69 ], [ 552081.0, 1378782.07 ], [ 552081.0, 1378816.0 ], [ 552572.01, 1378816.0 ], [ 552572.01, 1378647.92 ] ] ] ] } },
{ "type": "Feature", "properties": { "Stt": 396.0, "Malo_cty": "5.15TK.N3.11.108", "Ten_lo": "V 27 - KV 5", "Dien_tich": "24.3", "Ma_cay": "CAO_SU", "Nam_trong": "2011", "QGIA": "Cambodia", "TINH": "Kampong Thom", "HUYEN": "Santuk", "XA": "Kraya", "Ten_NT": "NT 3", "To": 5.0, "Giong": "PB 255" }, "geometry": { "type": "MultiPolygon", "coordinates": [ [ [ [ 552081.0, 1378869.9 ], [ 552082.0, 1378870.0 ], [ 552122.0, 1378885.0 ], [ 552131.0, 1378917.0 ], [ 552147.0, 1378944.0 ], [ 552143.0, 1378956.0 ], [ 552146.0, 1378968.0 ], [ 552151.0, 1378973.0 ], [ 552147.0, 1378987.0 ], [ 552137.0, 1378978.0 ], [ 552131.0, 1378955.0 ], [ 552111.0, 1378943.0 ], [ 552082.0, 1378951.0 ], [ 552081.0, 1378948.01 ], [ 552081.0, 1379315.0 ], [ 552572.01, 1379315.0 ], [ 552572.01, 1378823.99 ], [ 552081.0, 1378823.99 ], [ 552081.0, 1378869.9 ] ] ] ] } },
{ "type": "Feature", "properties": { "Stt": 397.0, "Malo_cty": "5.15TK.N3.11.109", "Ten_lo": "V 28.1 - KV 5", "Dien_tich": "13.2", "Ma_cay": "CAO_SU", "Nam_trong": "2011", "QGIA": "Cambodia", "TINH": "Kampong Thom", "HUYEN": "Santuk", "XA": "Kraya", "Ten_NT": "NT 3", "To": 5.0, "Giong": "IRCA 130" }, "geometry": { "type": "MultiPolygon", "coordinates": [ [ [ [ 552081.0, 1378543.0 ], [ 552081.0, 1378563.32 ], [ 552081.0, 1378648.0 ], [ 552572.01, 1378647.92 ], [ 552572.01, 1378199.72 ], [ 552531.0, 1378194.0 ], [ 552491.0, 1378221.0 ], [ 552463.0, 1378253.0 ], [ 552427.0, 1378277.0 ], [ 552402.0, 1378303.0 ], [ 552277.0, 1378390.0 ], [ 552216.0, 1378443.0 ], [ 552224.0, 1378453.0 ], [ 552263.0, 1378464.0 ], [ 552265.0, 1378471.0 ], [ 552253.0, 1378484.0 ], [ 552255.0, 1378507.0 ], [ 552274.0, 1378514.0 ], [ 552302.0, 1378515.0 ], [ 552324.0, 1378520.0 ], [ 552350.0, 1378554.0 ], [ 552355.0, 1378556.0 ], [ 552357.0, 1378563.0 ], [ 552346.0, 1378568.0 ], [ 552318.0, 1378548.0 ], [ 552305.0, 1378543.0 ], [ 552279.0, 1378542.0 ], [ 552282.0, 1378554.0 ], [ 552287.0, 1378562.0 ], [ 552362.0, 1378624.0 ], [ 552356.0, 1378640.0 ], [ 552348.0, 1378633.0 ], [ 552317.0, 1378633.0 ], [ 552314.0, 1378627.0 ], [ 552310.0, 1378612.0 ], [ 552300.0, 1378605.0 ], [ 552274.0, 1378606.0 ], [ 552269.0, 1378624.0 ], [ 552262.0, 1378626.0 ], [ 552259.0, 1378623.0 ], [ 552249.0, 1378565.0 ], [ 552236.0, 1378557.0 ], [ 552233.0, 1378547.0 ], [ 552197.0, 1378540.0 ], [ 552081.0, 1378543.0 ] ] ] ] } },
{ "type": "Feature", "properties": { "Stt": 495.0, "Malo_cty": "Song, suoi, trung", "Ten_lo": null, "Dien_tich": null, "Ma_cay": "CAO_SU", "Nam_trong": null, "QGIA": "Cambodia", "TINH": "Kampong Thom", "HUYEN": "Santuk", "XA": "Kraya", "Ten_NT": null, "To": 0.0, "Giong": null }, "geometry": { "type": "MultiPolygon", "coordinates": [ [ [ [ 552572.01, 1380566.04 ], [ 552572.01, 1380498.14 ], [ 552571.0, 1380498.0 ], [ 552531.0, 1380521.0 ], [ 552531.0, 1380549.0 ], [ 552559.0, 1380558.0 ], [ 552571.0, 1380566.0 ], [ 552572.01, 1380566.04 ] ] ] ] } },
{ "type": "Feature", "properties": { "Stt": 354.0, "Malo_cty": "5.15TK.N3.11.122", "Ten_lo": "X 25.2 - KV 4", "Dien_tich": "21.9", "Ma_cay": "CAO_SU", "Nam_trong": "2011", "QGIA": "Cambodia", "TINH": "Kampong Thom", "HUYEN": "Santuk", "XA": "Kraya", "Ten_NT": "NT 3", "To": 4.0, "Giong": "PB 260" }, "geometry": { "type": "MultiPolygon", "coordinates": [ [ [ [ 553081.0, 1380315.0 ], [ 553131.0, 1380315.0 ], [ 553131.08, 1379823.67 ], [ 553081.0, 1379823.69 ], [ 553081.0, 1380315.0 ] ] ] ] } },
{ "type": "Feature", "properties": { "Stt": 400.0, "Malo_cty": "5.15TK.N3.11.114", "Ten_lo": "W 24.2 - KV 5", "Dien_tich": "13.5", "Ma_cay": "CAO_SU", "Nam_trong": "2011", "QGIA": "Cambodia", "TINH": "Kampong Thom", "HUYEN": "Santuk", "XA": "Kraya", "Ten_NT": "NT 3", "To": 5.0, "Giong": "RRIV 5" }, "geometry": { "type": "MultiPolygon", "coordinates": [ [ [ [ 552582.0, 1380575.0 ], [ 552644.0, 1380576.0 ], [ 552674.0, 1380580.0 ], [ 552701.0, 1380596.0 ], [ 552704.18, 1380603.0 ], [ 553073.0, 1380603.05 ], [ 553073.0, 1380325.0 ], [ 552582.0, 1380325.0 ], [ 552582.0, 1380497.84 ], [ 552582.0, 1380575.0 ] ] ] ] } },
{ "type": "Feature", "properties": { "Stt": 393.0, "Malo_cty": "5.15TK.N3.11.105", "Ten_lo": "V 24.2 - KV 5", "Dien_tich": "17", "Ma_cay": "CAO_SU", "Nam_trong": "2011", "QGIA": "Cambodia", "TINH": "Kampong Thom", "HUYEN": "Santuk", "XA": "Kraya", "Ten_NT": "NT 3", "To": 5.0, "Giong": "RRIV 3" }, "geometry": { "type": "MultiPolygon", "coordinates": [ [ [ [ 552572.01, 1380816.0 ], [ 552572.01, 1380726.12 ], [ 552555.0, 1380711.0 ], [ 552526.0, 1380669.0 ], [ 552506.0, 1380649.0 ], [ 552506.0, 1380564.0 ], [ 552531.0, 1380572.0 ], [ 552536.0, 1380585.0 ], [ 552537.0, 1380614.0 ], [ 552550.0, 1380625.0 ], [ 552572.01, 1380639.67 ], [ 552572.01, 1380566.04 ], [ 552571.0, 1380566.0 ], [ 552559.0, 1380558.0 ], [ 552531.0, 1380549.0 ], [ 552531.0, 1380521.0 ], [ 552571.0, 1380498.0 ], [ 552572.01, 1380498.14 ], [ 552572.01, 1380497.99 ], [ 552572.01, 1380325.0 ], [ 552228.69, 1380325.0 ], [ 552229.0, 1380816.0 ], [ 552572.01, 1380816.0 ] ] ] ] } },
{ "type": "Feature", "properties": { "Stt": 349.0, "Malo_cty": "5.15TK.N3.11.115", "Ten_lo": "W 25 - KV 4", "Dien_tich": "24.3", "Ma_cay": "CAO_SU", "Nam_trong": "2011", "QGIA": "Cambodia", "TINH": "Kampong Thom", "HUYEN": "Santuk", "XA": "Kraya", "Ten_NT": "NT 3", "To": 4.0, "Giong": "PB 260" }, "geometry": { "type": "MultiPolygon", "coordinates": [ [ [ [ 552582.0, 1379823.92 ], [ 552582.0, 1380315.0 ], [ 553073.0, 1380315.0 ], [ 553073.0, 1379823.69 ], [ 552582.0, 1379823.92 ] ] ] ] } },
{ "type": "Feature", "properties": { "Stt": 394.0, "Malo_cty": "5.15TK.N3.11.106", "Ten_lo": "V 25 - KV 5", "Dien_tich": "24.3", "Ma_cay": "CAO_SU", "Nam_trong": "2011", "QGIA": "Cambodia", "TINH": "Kampong Thom", "HUYEN": "Santuk", "XA": "Kraya", "Ten_NT": "NT 3", "To": 5.0, "Giong": "PB 260" }, "geometry": { "type": "MultiPolygon", "coordinates": [ [ [ [ 552081.0, 1380315.0 ], [ 552572.01, 1380315.0 ], [ 552572.01, 1379823.92 ], [ 552081.0, 1379824.15 ], [ 552081.0, 1380315.0 ] ] ] ] } },
{ "type": "Feature", "properties": { "Stt": 395.0, "Malo_cty": "5.15TK.N3.11.107", "Ten_lo": "V 26 - KV 5", "Dien_tich": "24.3", "Ma_cay": "CAO_SU", "Nam_trong": "2011", "QGIA": "Cambodia", "TINH": "Kampong Thom", "HUYEN": "Santuk", "XA": "Kraya", "Ten_NT": "NT 3", "To": 5.0, "Giong": "PB 260" }, "geometry": { "type": "MultiPolygon", "coordinates": [ [ [ [ 552572.01, 1379815.92 ], [ 552572.01, 1379325.0 ], [ 552081.0, 1379325.0 ], [ 552081.0, 1379816.15 ], [ 552572.01, 1379815.92 ] ] ] ] } },
{ "type": "Feature", "properties": { "Stt": 350.0, "Malo_cty": "5.15TK.N3.11.116", "Ten_lo": "W 26 - KV 4", "Dien_tich": "24.3", "Ma_cay": "CAO_SU", "Nam_trong": "2011", "QGIA": "Cambodia", "TINH": "Kampong Thom", "HUYEN": "Santuk", "XA": "Kraya", "Ten_NT": "NT 3", "To": 4.0, "Giong": "RRIV 107" }, "geometry": { "type": "MultiPolygon", "coordinates": [ [ [ [ 553073.0, 1379325.0 ], [ 552582.0, 1379325.0 ], [ 552582.0, 1379815.92 ], [ 553073.0, 1379815.69 ], [ 553073.0, 1379325.0 ] ] ] ] } },
{ "type": "Feature", "properties": { "Stt": 391.0, "Malo_cty": "5.15TK.N3.11.103", "Ten_lo": "U 28 - KV 5", "Dien_tich": "4.3", "Ma_cay": "CAO_SU", "Nam_trong": "2011", "QGIA": "Cambodia", "TINH": "Kampong Thom", "HUYEN": "Santuk", "XA": "Kraya", "Ten_NT": "NT 3", "To": 5.0, "Giong": "RRIV 3" }, "geometry": { "type": "MultiPolygon", "coordinates": [ [ [ [ 552073.0, 1378816.0 ], [ 552073.0, 1378566.43 ], [ 552073.0, 1378566.43 ], [ 552073.0, 1378539.0 ], [ 552060.0, 1378538.0 ], [ 551935.0, 1378632.0 ], [ 551838.0, 1378717.0 ], [ 551838.0, 1378815.0 ], [ 551838.0, 1378816.0 ], [ 551882.44, 1378816.0 ], [ 551884.4, 1378816.0 ], [ 551890.56, 1378816.0 ], [ 552069.44, 1378816.0 ], [ 552073.0, 1378816.0 ] ] ] ] } },
{ "type": "Feature", "properties": { "Stt": 385.0, "Malo_cty": "5.15TK.N3.11.097", "Ten_lo": "U 24.1 - KV 5", "Dien_tich": "3.1", "Ma_cay": "CAO_SU", "Nam_trong": "2011", "QGIA": "Cambodia", "TINH": "Kampong Thom", "HUYEN": "Santuk", "XA": "Kraya", "Ten_NT": "NT 3", "To": 5.0, "Giong": "IRCA 130" }, "geometry": { "type": "MultiPolygon", "coordinates": [ [ [ [ 552009.93, 1380325.0 ], [ 552010.0, 1380816.0 ], [ 552073.0, 1380816.0 ], [ 552073.0, 1380325.0 ], [ 552009.93, 1380325.0 ] ] ] ] } },
{ "type": "Feature", "properties": { "Stt": 386.0, "Malo_cty": "5.15TK.N3.11.098", "Ten_lo": "U 24.2 - KV 5", "Dien_tich": "21.2", "Ma_cay": "CAO_SU", "Nam_trong": "2011", "QGIA": "Cambodia", "TINH": "Kampong Thom", "HUYEN": "Santuk", "XA": "Kraya", "Ten_NT": "NT 3", "To": 5.0, "Giong": "PB 255" }, "geometry": { "type": "MultiPolygon", "coordinates": [ [ [ [ 552010.0, 1380816.0 ], [ 552009.93, 1380325.0 ], [ 551581.99, 1380325.0 ], [ 551581.99, 1380816.0 ], [ 552010.0, 1380816.0 ] ] ] ] } },
{ "type": "Feature", "properties": { "Stt": 392.0, "Malo_cty": "5.15TK.N3.11.104", "Ten_lo": "V 24.1 - KV 5", "Dien_tich": "7.3", "Ma_cay": "CAO_SU", "Nam_trong": "2011", "QGIA": "Cambodia", "TINH": "Kampong Thom", "HUYEN": "Santuk", "XA": "Kraya", "Ten_NT": "NT 3", "To": 5.0, "Giong": "IRCA 130" }, "geometry": { "type": "MultiPolygon", "coordinates": [ [ [ [ 552229.0, 1380816.0 ], [ 552228.69, 1380325.0 ], [ 552081.0, 1380325.0 ], [ 552081.0, 1380816.0 ], [ 552229.0, 1380816.0 ] ] ] ] } },
{ "type": "Feature", "properties": { "Stt": 389.0, "Malo_cty": "5.15TK.N3.11.101", "Ten_lo": "U 26 - KV 5", "Dien_tich": "24.3", "Ma_cay": "CAO_SU", "Nam_trong": "2011", "QGIA": "Cambodia", "TINH": "Kampong Thom", "HUYEN": "Santuk", "XA": "Kraya", "Ten_NT": "NT 3", "To": 5.0, "Giong": "PB 255" }, "geometry": { "type": "MultiPolygon", "coordinates": [ [ [ [ 552073.0, 1379325.0 ], [ 551854.27, 1379325.0 ], [ 551854.0, 1379326.0 ], [ 551855.0, 1379338.0 ], [ 551866.0, 1379359.0 ], [ 551890.0, 1379381.0 ], [ 551896.0, 1379402.0 ], [ 551908.0, 1379424.0 ], [ 551913.0, 1379427.0 ], [ 551916.0, 1379461.0 ], [ 551910.0, 1379463.0 ], [ 551885.0, 1379390.0 ], [ 551873.0, 1379377.0 ], [ 551853.0, 1379366.0 ], [ 551833.0, 1379344.0 ], [ 551829.0, 1379326.0 ], [ 551828.36, 1379325.0 ], [ 551581.99, 1379325.0 ], [ 551581.99, 1379816.39 ], [ 552073.0, 1379816.16 ], [ 552073.0, 1379325.0 ] ] ] ] } },
{ "type": "Feature", "properties": { "Stt": 387.0, "Malo_cty": "5.15TK.N3.11.099", "Ten_lo": "U 25.1 - KV 5", "Dien_tich": "3.1", "Ma_cay": "CAO_SU", "Nam_trong": "2011", "QGIA": "Cambodia", "TINH": "Kampong Thom", "HUYEN": "Santuk", "XA": "Kraya", "Ten_NT": "NT 3", "To": 5.0, "Giong": "IRCA 130" }, "geometry": { "type": "MultiPolygon", "coordinates": [ [ [ [ 552009.85, 1379824.19 ], [ 552009.93, 1380315.0 ], [ 552073.0, 1380315.0 ], [ 552073.0, 1379824.16 ], [ 552009.85, 1379824.19 ] ] ] ] } },
{ "type": "Feature", "properties": { "Stt": 388.0, "Malo_cty": "5.15TK.N3.11.100", "Ten_lo": "U 25.2 - KV 5", "Dien_tich": "21.2", "Ma_cay": "CAO_SU", "Nam_trong": "2011", "QGIA": "Cambodia", "TINH": "Kampong Thom", "HUYEN": "Santuk", "XA": "Kraya", "Ten_NT": "NT 3", "To": 5.0, "Giong": "RRIV 1" }, "geometry": { "type": "MultiPolygon", "coordinates": [ [ [ [ 551581.99, 1379824.39 ], [ 551581.99, 1380315.0 ], [ 552009.93, 1380315.0 ], [ 552009.85, 1379824.19 ], [ 551581.99, 1379824.39 ] ] ] ] } },
{ "type": "Feature", "properties": { "Stt": 492.0, "Malo_cty": "Song, suoi, trung", "Ten_lo": null, "Dien_tich": null, "Ma_cay": "CAO_SU", "Nam_trong": null, "QGIA": "Cambodia", "TINH": "Kampong Thom", "HUYEN": "Santuk", "XA": "Kraya", "Ten_NT": null, "To": 0.0, "Giong": null }, "geometry": { "type": "MultiPolygon", "coordinates": [ [ [ [ 551581.0, 1378885.03 ], [ 551581.0, 1378980.0 ], [ 551656.0, 1378973.0 ], [ 551692.0, 1379087.0 ], [ 551740.0, 1379097.0 ], [ 551743.0, 1379129.0 ], [ 551768.0, 1379136.0 ], [ 551780.0, 1379198.0 ], [ 551814.0, 1379268.0 ], [ 551822.0, 1379315.0 ], [ 551857.0, 1379315.0 ], [ 551855.0, 1379292.0 ], [ 551877.0, 1379294.0 ], [ 551876.0, 1379287.0 ], [ 551831.0, 1379272.0 ], [ 551825.0, 1379065.0 ], [ 551845.0, 1379066.0 ], [ 551845.0, 1379045.0 ], [ 551805.0, 1379037.0 ], [ 551800.0, 1379006.0 ], [ 551812.0, 1379004.0 ], [ 551811.0, 1378989.0 ], [ 551783.0, 1378987.0 ], [ 551772.0, 1378969.0 ], [ 551768.0, 1378833.0 ], [ 551833.0, 1378825.0 ], [ 551864.42, 1378836.93 ], [ 551891.1, 1378857.97 ], [ 551910.63, 1378868.12 ], [ 551952.0, 1378875.0 ], [ 551971.0, 1378903.0 ], [ 551981.0, 1378906.0 ], [ 551994.02, 1378901.55 ], [ 552009.05, 1378898.92 ], [ 552073.0, 1378924.0 ], [ 552073.0, 1379009.74 ], [ 552081.0, 1379011.0 ], [ 552081.0, 1378948.01 ], [ 552082.0, 1378951.0 ], [ 552111.0, 1378943.0 ], [ 552131.0, 1378955.0 ], [ 552137.0, 1378978.0 ], [ 552147.0, 1378987.0 ], [ 552151.0, 1378973.0 ], [ 552146.0, 1378968.0 ], [ 552143.0, 1378956.0 ], [ 552147.0, 1378944.0 ], [ 552131.0, 1378917.0 ], [ 552122.0, 1378885.0 ], [ 552082.0, 1378870.0 ], [ 552081.0, 1378869.9 ], [ 552081.0, 1378854.19 ], [ 552073.0, 1378852.91 ], [ 552073.0, 1378896.7 ], [ 551962.01, 1378863.01 ], [ 551962.01, 1378823.99 ], [ 552006.99, 1378823.99 ], [ 551998.87, 1378816.0 ], [ 551890.56, 1378816.0 ], [ 551884.4, 1378816.0 ], [ 551882.44, 1378816.0 ], [ 551838.0, 1378816.0 ], [ 551838.0, 1378815.0 ], [ 551838.0, 1378717.0 ], [ 551581.0, 1378885.03 ] ] ], [ [ [ 551854.27, 1379325.0 ], [ 551828.36, 1379325.0 ], [ 551829.0, 1379326.0 ], [ 551833.0, 1379344.0 ], [ 551853.0, 1379366.0 ], [ 551873.0, 1379377.0 ], [ 551885.0, 1379390.0 ], [ 551910.0, 1379463.0 ], [ 551916.0, 1379461.0 ], [ 551913.0, 1379427.0 ], [ 551908.0, 1379424.0 ], [ 551896.0, 1379402.0 ], [ 551890.0, 1379381.0 ], [ 551866.0, 1379359.0 ], [ 551855.0, 1379338.0 ], [ 551854.0, 1379326.0 ], [ 551854.27, 1379325.0 ] ] ] ] } },
{ "type": "Feature", "properties": { "Stt": 390.0, "Malo_cty": "5.15TK.N3.11.102", "Ten_lo": "U 27 - KV 5", "Dien_tich": "17.9", "Ma_cay": "CAO_SU", "Nam_trong": "2011", "QGIA": "Cambodia", "TINH": "Kampong Thom", "HUYEN": "Santuk", "XA": "Kraya", "Ten_NT": "NT 3", "To": 5.0, "Giong": "PB 255" }, "geometry": { "type": "MultiPolygon", "coordinates": [ [ [ [ 552073.0, 1379315.0 ], [ 552073.0, 1378924.0 ], [ 552009.05, 1378898.92 ], [ 551994.02, 1378901.55 ], [ 551981.0, 1378906.0 ], [ 551971.0, 1378903.0 ], [ 551952.0, 1378875.0 ], [ 551910.63, 1378868.12 ], [ 551891.1, 1378857.97 ], [ 551864.42, 1378836.93 ], [ 551833.0, 1378825.0 ], [ 551768.0, 1378833.0 ], [ 551772.0, 1378969.0 ], [ 551783.0, 1378987.0 ], [ 551811.0, 1378989.0 ], [ 551812.0, 1379004.0 ], [ 551800.0, 1379006.0 ], [ 551805.0, 1379037.0 ], [ 551845.0, 1379045.0 ], [ 551845.0, 1379066.0 ], [ 551825.0, 1379065.0 ], [ 551831.0, 1379272.0 ], [ 551876.0, 1379287.0 ], [ 551877.0, 1379294.0 ], [ 551855.0, 1379292.0 ], [ 551857.0, 1379315.0 ], [ 552073.0, 1379315.0 ] ] ], [ [ [ 551581.0, 1378980.0 ], [ 551581.0, 1379137.99 ], [ 551581.0, 1379315.0 ], [ 551822.0, 1379315.0 ], [ 551814.0, 1379268.0 ], [ 551780.0, 1379198.0 ], [ 551768.0, 1379136.0 ], [ 551743.0, 1379129.0 ], [ 551740.0, 1379097.0 ], [ 551692.0, 1379087.0 ], [ 551656.0, 1378973.0 ], [ 551581.0, 1378980.0 ] ] ], [ [ [ 552073.0, 1378896.7 ], [ 552073.0, 1378823.99 ], [ 551962.01, 1378823.99 ], [ 551962.01, 1378863.01 ], [ 552073.0, 1378896.7 ] ] ] ] } },
{ "type": "Feature", "properties": { "Stt": 491.0, "Malo_cty": "Song, suoi, trung", "Ten_lo": null, "Dien_tich": null, "Ma_cay": "CAO_SU", "Nam_trong": null, "QGIA": "Cambodia", "TINH": "Kampong Thom", "HUYEN": "Santuk", "XA": "Kraya", "Ten_NT": null, "To": 0.0, "Giong": null }, "geometry": { "type": "MultiPolygon", "coordinates": [ [ [ [ 550573.01, 1379718.01 ], [ 550581.01, 1379718.29 ], [ 550726.03, 1379719.75 ], [ 550789.4, 1379816.75 ], [ 550581.01, 1379816.85 ], [ 551074.0, 1379816.62 ], [ 551074.0, 1379752.97 ], [ 550936.77, 1379748.68 ], [ 550876.67, 1379700.59 ], [ 550864.65, 1379637.48 ], [ 550821.07, 1379629.22 ], [ 550764.72, 1379605.93 ], [ 550765.0, 1379590.0 ], [ 550791.77, 1379590.9 ], [ 550787.0, 1379506.0 ], [ 550717.39, 1379502.25 ], [ 550416.0, 1379719.0 ], [ 550573.01, 1379718.01 ] ] ], [ [ [ 550073.0, 1380009.18 ], [ 550081.0, 1380019.32 ], [ 550081.03, 1380316.0 ], [ 550081.02, 1380214.05 ], [ 550088.0, 1380236.0 ], [ 550099.0, 1380228.0 ], [ 550103.0, 1380213.0 ], [ 550148.0, 1380215.0 ], [ 550163.0, 1380262.0 ], [ 550165.0, 1380293.0 ], [ 550202.0, 1380290.0 ], [ 550203.0, 1380181.0 ], [ 550210.0, 1380170.0 ], [ 550232.0, 1380183.0 ], [ 550249.0, 1380199.0 ], [ 550276.0, 1380245.0 ], [ 550310.0, 1380282.0 ], [ 550323.0, 1380288.0 ], [ 550323.0, 1380316.0 ], [ 550435.81, 1380316.0 ], [ 550423.0, 1380315.0 ], [ 550366.0, 1380294.0 ], [ 550332.0, 1380269.0 ], [ 550309.0, 1380239.0 ], [ 550275.0, 1380141.0 ], [ 550197.0, 1380052.0 ], [ 550171.0, 1380056.0 ], [ 550135.0, 1379977.0 ], [ 550128.0, 1379919.0 ], [ 550018.0, 1379996.0 ], [ 550058.0, 1379992.0 ], [ 550073.0, 1380009.0 ], [ 550073.0, 1380009.18 ] ] ], [ [ [ 550227.93, 1379847.85 ], [ 550158.06, 1379898.93 ], [ 550171.0, 1379914.0 ], [ 550178.0, 1379943.0 ], [ 550203.0, 1379951.0 ], [ 550215.0, 1379999.0 ], [ 550247.0, 1380024.0 ], [ 550257.0, 1380024.0 ], [ 550281.0, 1379960.0 ], [ 550265.0, 1379957.0 ], [ 550264.0, 1379909.0 ], [ 550240.0, 1379903.0 ], [ 550230.0, 1379878.0 ], [ 550227.93, 1379847.85 ] ] ], [ [ [ 551082.0, 1379755.23 ], [ 551082.0, 1379816.62 ], [ 551167.79, 1379816.58 ], [ 551144.15, 1379816.59 ], [ 551144.0, 1379815.0 ], [ 551149.0, 1379803.0 ], [ 551203.0, 1379798.0 ], [ 551394.19, 1379792.46 ], [ 551410.0, 1379792.0 ], [ 551389.0, 1379779.0 ], [ 551306.0, 1379778.0 ], [ 551125.0, 1379765.0 ], [ 551082.0, 1379755.23 ] ] ], [ [ [ 550572.08, 1380535.53 ], [ 550572.07, 1380402.56 ], [ 550512.0, 1380389.0 ], [ 550469.0, 1380356.0 ], [ 550459.0, 1380325.0 ], [ 550458.57, 1380324.0 ], [ 550359.47, 1380324.0 ], [ 550360.0, 1380325.0 ], [ 550451.0, 1380360.0 ], [ 550492.0, 1380397.0 ], [ 550572.07, 1380437.53 ], [ 550572.08, 1380535.53 ] ] ], [ [ [ 550582.05, 1380325.0 ], [ 550582.05, 1380330.45 ], [ 550582.06, 1380437.04 ], [ 550597.0, 1380447.0 ], [ 550619.0, 1380448.0 ], [ 550629.0, 1380434.0 ], [ 550634.0, 1380431.0 ], [ 550638.0, 1380433.0 ], [ 550643.0, 1380421.0 ], [ 550634.0, 1380407.0 ], [ 550616.0, 1380412.0 ], [ 550598.0, 1380414.0 ], [ 550585.0, 1380408.0 ], [ 550594.0, 1380406.0 ], [ 550610.0, 1380394.0 ], [ 550621.0, 1380377.0 ], [ 550634.0, 1380367.0 ], [ 550654.0, 1380362.0 ], [ 550689.0, 1380362.0 ], [ 550713.0, 1380361.0 ], [ 550714.0, 1380356.0 ], [ 550705.0, 1380352.0 ], [ 550655.0, 1380345.0 ], [ 550625.0, 1380351.0 ], [ 550606.0, 1380358.0 ], [ 550595.0, 1380376.0 ], [ 550582.06, 1380382.97 ], [ 550582.05, 1380325.0 ] ] ], [ [ [ 550957.27, 1379824.67 ], [ 550581.01, 1379824.85 ], [ 550904.28, 1379824.7 ], [ 550905.0, 1379826.0 ], [ 550936.0, 1379896.0 ], [ 550959.0, 1379911.0 ], [ 550977.0, 1379939.0 ], [ 550984.0, 1379935.0 ], [ 550967.0, 1379905.0 ], [ 550963.0, 1379860.0 ], [ 550966.0, 1379841.0 ], [ 550958.0, 1379826.0 ], [ 550957.27, 1379824.67 ] ] ] ] } },
{ "type": "Feature", "properties": { "Stt": 382.0, "Malo_cty": "5.15TK.N3.11.089", "Ten_lo": "T 24.2 - KV 5", "Dien_tich": "10", "Ma_cay": "CAO_SU", "Nam_trong": "2011", "QGIA": "Cambodia", "TINH": "Kampong Thom", "HUYEN": "Santuk", "XA": "Kraya", "Ten_NT": "NT 3", "To": 5.0, "Giong": "RRIV 107" }, "geometry": { "type": "MultiPolygon", "coordinates": [ [ [ [ 551283.0, 1380816.0 ], [ 551283.59, 1380325.0 ], [ 551082.0, 1380325.0 ], [ 551082.0, 1380816.0 ], [ 551283.0, 1380816.0 ] ] ] ] } },
{ "type": "Feature", "properties": { "Stt": 474.0, "Malo_cty": "Nha doi", "Ten_lo": null, "Dien_tich": "0.5", "Ma_cay": "CAO_SU", "Nam_trong": null, "QGIA": "Cambodia", "TINH": "Kampong Thom", "HUYEN": "Santuk", "XA": "Kraya", "Ten_NT": null, "To": 0.0, "Giong": null }, "geometry": { "type": "MultiPolygon", "coordinates": [ [ [ [ 551446.66, 1379824.45 ], [ 551446.46, 1379883.36 ], [ 551571.89, 1379884.04 ], [ 551572.0, 1379824.39 ], [ 551446.66, 1379824.45 ] ] ] ] } },
{ "type": "Feature", "properties": { "Stt": 477.0, "Malo_cty": "Khu dan cu", "Ten_lo": null, "Dien_tich": "12.34", "Ma_cay": "CAO_SU", "Nam_trong": null, "QGIA": "Cambodia", "TINH": "Kampong Thom", "HUYEN": "Santuk", "XA": "Kraya", "Ten_NT": null, "To": 0.0, "Giong": null }, "geometry": { "type": "MultiPolygon", "coordinates": [ [ [ [ 551081.46, 1379241.0 ], [ 551082.0, 1379243.0 ], [ 551082.0, 1379316.0 ], [ 551573.0, 1379316.0 ], [ 551573.0, 1379137.99 ], [ 551573.0, 1379036.58 ], [ 551573.0, 1378980.71 ], [ 551573.0, 1378890.88 ], [ 551081.46, 1379241.0 ] ] ] ] } },
{ "type": "Feature", "properties": { "Stt": 383.0, "Malo_cty": "5.15TK.N3.11.090", "Ten_lo": "T 25 - KV 5", "Dien_tich": "23.7", "Ma_cay": "CAO_SU", "Nam_trong": "2011", "QGIA": "Cambodia", "TINH": "Kampong Thom", "HUYEN": "Santuk", "XA": "Kraya", "Ten_NT": "NT 3", "To": 5.0, "Giong": "RRIC 121" }, "geometry": { "type": "MultiPolygon", "coordinates": [ [ [ [ 551082.0, 1379824.62 ], [ 551082.0, 1380315.0 ], [ 551572.0, 1380315.0 ], [ 551571.89, 1379884.04 ], [ 551446.46, 1379883.36 ], [ 551446.66, 1379824.45 ], [ 551144.89, 1379824.59 ], [ 551082.0, 1379824.62 ] ] ] ] } },
{ "type": "Feature", "properties": { "Stt": 384.0, "Malo_cty": "5.15TK.N3.11.091", "Ten_lo": "T 26 - KV 5", "Dien_tich": "23.8", "Ma_cay": "CAO_SU", "Nam_trong": "2011", "QGIA": "Cambodia", "TINH": "Kampong Thom", "HUYEN": "Santuk", "XA": "Kraya", "Ten_NT": "NT 3", "To": 5.0, "Giong": "PB 255" }, "geometry": { "type": "MultiPolygon", "coordinates": [ [ [ [ 551082.0, 1379755.23 ], [ 551125.0, 1379765.0 ], [ 551306.0, 1379778.0 ], [ 551389.0, 1379779.0 ], [ 551410.0, 1379792.0 ], [ 551394.19, 1379792.46 ], [ 551203.0, 1379798.0 ], [ 551149.0, 1379803.0 ], [ 551144.0, 1379815.0 ], [ 551144.15, 1379816.59 ], [ 551572.0, 1379816.39 ], [ 551572.0, 1379324.0 ], [ 551082.0, 1379324.0 ], [ 551082.0, 1379755.23 ] ] ] ] } },
{ "type": "Feature", "properties": { "Stt": 380.0, "Malo_cty": "5.15TK.N3.12.162", "Ten_lo": "S 26-27 - KV 5", "Dien_tich": "12.5", "Ma_cay": "CAO_SU", "Nam_trong": "2012", "QGIA": "Cambodia", "TINH": "Kampong Thom", "HUYEN": "Santuk", "XA": "Kraya", "Ten_NT": "NT 3", "To": 5.0, "Giong": "PB 255" }, "geometry": { "type": "MultiPolygon", "coordinates": [ [ [ [ 551074.0, 1379752.97 ], [ 551074.0, 1379324.0 ], [ 551074.0, 1379316.0 ], [ 551074.0, 1379244.78 ], [ 550717.39, 1379502.25 ], [ 550787.0, 1379506.0 ], [ 550791.77, 1379590.9 ], [ 550765.0, 1379590.0 ], [ 550764.72, 1379605.93 ], [ 550821.07, 1379629.22 ], [ 550864.65, 1379637.48 ], [ 550876.67, 1379700.59 ], [ 550936.77, 1379748.68 ], [ 551074.0, 1379752.97 ] ] ], [ [ [ 550789.4, 1379816.75 ], [ 550726.03, 1379719.75 ], [ 550581.01, 1379718.29 ], [ 550581.01, 1379816.85 ], [ 550789.4, 1379816.75 ] ] ] ] } },
{ "type": "Feature", "properties": { "Stt": 379.0, "Malo_cty": "5.15TK.N3.12.161", "Ten_lo": "S 25 - KV 5", "Dien_tich": "24.1", "Ma_cay": "CAO_SU", "Nam_trong": "2012", "QGIA": "Cambodia", "TINH": "Kampong Thom", "HUYEN": "Santuk", "XA": "Kraya", "Ten_NT": "NT 3", "To": 5.0, "Giong": "IRCA 130" }, "geometry": { "type": "MultiPolygon", "coordinates": [ [ [ [ 550581.06, 1380315.0 ], [ 551074.0, 1380315.0 ], [ 551074.0, 1379824.62 ], [ 550957.27, 1379824.67 ], [ 550958.0, 1379826.0 ], [ 550966.0, 1379841.0 ], [ 550963.0, 1379860.0 ], [ 550967.0, 1379905.0 ], [ 550984.0, 1379935.0 ], [ 550977.0, 1379939.0 ], [ 550959.0, 1379911.0 ], [ 550936.0, 1379896.0 ], [ 550905.0, 1379826.0 ], [ 550904.28, 1379824.7 ], [ 550581.01, 1379824.85 ], [ 550581.06, 1380315.0 ] ] ] ] } },
{ "type": "Feature", "properties": { "Stt": 381.0, "Malo_cty": "5.15TK.N3.11.088", "Ten_lo": "T 24.1 - KV 5", "Dien_tich": "14.3", "Ma_cay": "CAO_SU", "Nam_trong": "2011", "QGIA": "Cambodia", "TINH": "Kampong Thom", "HUYEN": "Santuk", "XA": "Kraya", "Ten_NT": "NT 3", "To": 5.0, "Giong": "RRIV 1" }, "geometry": { "type": "MultiPolygon", "coordinates": [ [ [ [ 551283.0, 1380816.0 ], [ 551572.0, 1380816.0 ], [ 551572.0, 1380325.0 ], [ 551283.59, 1380325.0 ], [ 551283.0, 1380816.0 ] ] ] ] } },
{ "type": "Feature", "properties": { "Stt": 378.0, "Malo_cty": "5.15TK.N3.12.160", "Ten_lo": "S 24 - KV 5", "Dien_tich": "24.3", "Ma_cay": "CAO_SU", "Nam_trong": "2012", "QGIA": "Cambodia", "TINH": "Kampong Thom", "HUYEN": "Santuk", "XA": "Kraya", "Ten_NT": "NT 3", "To": 5.0, "Giong": "RRIV 107" }, "geometry": { "type": "MultiPolygon", "coordinates": [ [ [ [ 550582.05, 1380325.0 ], [ 550582.06, 1380382.97 ], [ 550595.0, 1380376.0 ], [ 550606.0, 1380358.0 ], [ 550625.0, 1380351.0 ], [ 550655.0, 1380345.0 ], [ 550705.0, 1380352.0 ], [ 550714.0, 1380356.0 ], [ 550713.0, 1380361.0 ], [ 550689.0, 1380362.0 ], [ 550654.0, 1380362.0 ], [ 550634.0, 1380367.0 ], [ 550621.0, 1380377.0 ], [ 550610.0, 1380394.0 ], [ 550594.0, 1380406.0 ], [ 550585.0, 1380408.0 ], [ 550598.0, 1380414.0 ], [ 550616.0, 1380412.0 ], [ 550634.0, 1380407.0 ], [ 550643.0, 1380421.0 ], [ 550638.0, 1380433.0 ], [ 550634.0, 1380431.0 ], [ 550629.0, 1380434.0 ], [ 550619.0, 1380448.0 ], [ 550597.0, 1380447.0 ], [ 550582.06, 1380437.04 ], [ 550582.09, 1380816.0 ], [ 551074.0, 1380816.0 ], [ 551074.0, 1380325.0 ], [ 550582.05, 1380325.0 ] ] ] ] } },
{ "type": "Feature", "properties": { "Stt": 376.0, "Malo_cty": "5.15TK.N3.12.156", "Ten_lo": "R 24 - KV 5", "Dien_tich": "24.1", "Ma_cay": "CAO_SU", "Nam_trong": "2012", "QGIA": "Cambodia", "TINH": "Kampong Thom", "HUYEN": "Santuk", "XA": "Kraya", "Ten_NT": "NT 3", "To": 5.0, "Giong": "RRIV 1" }, "geometry": { "type": "MultiPolygon", "coordinates": [ [ [ [ 550572.09, 1380816.0 ], [ 550572.07, 1380437.53 ], [ 550492.0, 1380397.0 ], [ 550451.0, 1380360.0 ], [ 550360.0, 1380325.0 ], [ 550359.47, 1380324.0 ], [ 550081.03, 1380324.0 ], [ 550081.07, 1380816.0 ], [ 550572.09, 1380816.0 ] ] ], [ [ [ 550572.07, 1380402.56 ], [ 550572.06, 1380320.0 ], [ 550572.06, 1380324.0 ], [ 550458.57, 1380324.0 ], [ 550459.0, 1380325.0 ], [ 550469.0, 1380356.0 ], [ 550512.0, 1380389.0 ], [ 550572.07, 1380402.56 ] ] ], [ [ [ 550572.09, 1380819.99 ], [ 550572.09, 1380816.0 ], [ 550572.09, 1380816.0 ], [ 550572.09, 1380819.99 ] ] ] ] } },
{ "type": "Feature", "properties": { "Stt": 375.0, "Malo_cty": "5.15TK.N3.12.152", "Ten_lo": "Q 25 - KV 5", "Dien_tich": "9.4", "Ma_cay": "CAO_SU", "Nam_trong": "2012", "QGIA": "Cambodia", "TINH": "Kampong Thom", "HUYEN": "Santuk", "XA": "Kraya", "Ten_NT": "NT 3", "To": 5.0, "Giong": "RRIV 1" }, "geometry": { "type": "MultiPolygon", "coordinates": [ [ [ [ 549592.2, 1380316.0 ], [ 550073.02, 1380316.0 ], [ 550073.0, 1380009.18 ], [ 550073.0, 1380009.0 ], [ 550058.0, 1379992.0 ], [ 550018.0, 1379996.0 ], [ 549595.0, 1380299.0 ], [ 549593.0, 1380315.0 ], [ 549592.2, 1380316.0 ] ] ] ] } },
{ "type": "Feature", "properties": { "Stt": 377.0, "Malo_cty": "5.15TK.N3.12.157", "Ten_lo": "R 25-26 - KV 5", "Dien_tich": "20.7", "Ma_cay": "CAO_SU", "Nam_trong": "2012", "QGIA": "Cambodia", "TINH": "Kampong Thom", "HUYEN": "Santuk", "XA": "Kraya", "Ten_NT": "NT 3", "To": 5.0, "Giong": "RRIV 1" }, "geometry": { "type": "MultiPolygon", "coordinates": [ [ [ [ 550573.06, 1380316.0 ], [ 550573.02, 1379824.86 ], [ 550573.02, 1379816.86 ], [ 550573.01, 1379718.01 ], [ 550416.0, 1379719.0 ], [ 550227.93, 1379847.85 ], [ 550230.0, 1379878.0 ], [ 550240.0, 1379903.0 ], [ 550264.0, 1379909.0 ], [ 550265.0, 1379957.0 ], [ 550281.0, 1379960.0 ], [ 550257.0, 1380024.0 ], [ 550247.0, 1380024.0 ], [ 550215.0, 1379999.0 ], [ 550203.0, 1379951.0 ], [ 550178.0, 1379943.0 ], [ 550171.0, 1379914.0 ], [ 550158.06, 1379898.93 ], [ 550128.0, 1379919.0 ], [ 550135.0, 1379977.0 ], [ 550171.0, 1380056.0 ], [ 550197.0, 1380052.0 ], [ 550275.0, 1380141.0 ], [ 550309.0, 1380239.0 ], [ 550332.0, 1380269.0 ], [ 550366.0, 1380294.0 ], [ 550423.0, 1380315.0 ], [ 550435.81, 1380316.0 ], [ 550573.06, 1380316.0 ] ] ], [ [ [ 550323.0, 1380316.0 ], [ 550323.0, 1380288.0 ], [ 550310.0, 1380282.0 ], [ 550276.0, 1380245.0 ], [ 550249.0, 1380199.0 ], [ 550232.0, 1380183.0 ], [ 550210.0, 1380170.0 ], [ 550203.0, 1380181.0 ], [ 550202.0, 1380290.0 ], [ 550165.0, 1380293.0 ], [ 550163.0, 1380262.0 ], [ 550148.0, 1380215.0 ], [ 550103.0, 1380213.0 ], [ 550099.0, 1380228.0 ], [ 550088.0, 1380236.0 ], [ 550081.02, 1380214.05 ], [ 550081.03, 1380316.0 ], [ 550323.0, 1380316.0 ] ] ] ] } },
{ "type": "Feature", "properties": { "Stt": 374.0, "Malo_cty": "5.15TK.N3.12.151", "Ten_lo": "Q 24 - KV 5", "Dien_tich": "23.8", "Ma_cay": "CAO_SU", "Nam_trong": "2012", "QGIA": "Cambodia", "TINH": "Kampong Thom", "HUYEN": "Santuk", "XA": "Kraya", "Ten_NT": "NT 3", "To": 5.0, "Giong": "RRIV 1" }, "geometry": { "type": "MultiPolygon", "coordinates": [ [ [ [ 549821.15, 1380816.04 ], [ 549821.1, 1380816.0 ], [ 550073.06, 1380816.0 ], [ 550073.03, 1380324.0 ], [ 549585.8, 1380324.0 ], [ 549585.0, 1380325.0 ], [ 549577.0, 1380397.0 ], [ 549577.0, 1380731.0 ], [ 549600.0, 1380735.0 ], [ 549607.0, 1380741.0 ], [ 549635.0, 1380748.0 ], [ 549677.0, 1380764.0 ], [ 549724.0, 1380770.0 ], [ 549742.0, 1380776.0 ], [ 549769.0, 1380789.0 ], [ 549792.0, 1380803.0 ], [ 549821.0, 1380816.0 ], [ 549821.15, 1380816.04 ] ] ] ] } },
{ "type": "Feature", "properties": { "Stt": 86.0, "Malo_cty": "5.15TK.N1.10.073", "Ten_lo": "T 14 - KV 3", "Dien_tich": "24.3", "Ma_cay": "CAO_SU", "Nam_trong": "2010", "QGIA": "Cambodia", "TINH": "Kampong Thom", "HUYEN": "Santuk", "XA": "Kraya", "Ten_NT": "NT 1", "To": 3.0, "Giong": "IRCA 130" }, "geometry": { "type": "MultiPolygon", "coordinates": [ [ [ [ 551082.0, 1385815.0 ], [ 551572.0, 1385815.0 ], [ 551572.0, 1385324.0 ], [ 551082.0, 1385324.0 ], [ 551082.0, 1385815.0 ] ] ] ] } },
{ "type": "Feature", "properties": { "Stt": 88.0, "Malo_cty": "5.15TK.N1.10.074", "Ten_lo": "U 13.1 - KV 3", "Dien_tich": "12", "Ma_cay": "CAO_SU", "Nam_trong": "2010", "QGIA": "Cambodia", "TINH": "Kampong Thom", "HUYEN": "Santuk", "XA": "Kraya", "Ten_NT": "NT 1", "To": 3.0, "Giong": "IRCA 130" }, "geometry": { "type": "MultiPolygon", "coordinates": [ [ [ [ 551769.68, 1385825.0 ], [ 551770.0, 1386220.0 ], [ 552041.0, 1386220.0 ], [ 552049.0, 1386215.0 ], [ 552073.0, 1386215.0 ], [ 552073.0, 1385825.0 ], [ 551769.68, 1385825.0 ] ] ] ] } },
{ "type": "Feature", "properties": { "Stt": 90.0, "Malo_cty": "5.15TK.N1.10.109", "Ten_lo": "U 14 - KV 3", "Dien_tich": "24.3", "Ma_cay": "CAO_SU", "Nam_trong": "2010", "QGIA": "Cambodia", "TINH": "Kampong Thom", "HUYEN": "Santuk", "XA": "Kraya", "Ten_NT": "NT 1", "To": 3.0, "Giong": "IRCA 130" }, "geometry": { "type": "MultiPolygon", "coordinates": [ [ [ [ 551581.99, 1385324.0 ], [ 551581.99, 1385815.0 ], [ 552073.0, 1385815.0 ], [ 552073.0, 1385543.28 ], [ 552073.0, 1385543.07 ], [ 552073.0, 1385324.0 ], [ 551581.99, 1385324.0 ] ] ] ] } },
{ "type": "Feature", "properties": { "Stt": 93.0, "Malo_cty": "5.15TK.N1.10.077", "Ten_lo": "V 14.1 - KV 3", "Dien_tich": "23.6", "Ma_cay": "CAO_SU", "Nam_trong": "2010", "QGIA": "Cambodia", "TINH": "Kampong Thom", "HUYEN": "Santuk", "XA": "Kraya", "Ten_NT": "NT 1", "To": 3.0, "Giong": "IRCA 130" }, "geometry": { "type": "MultiPolygon", "coordinates": [ [ [ [ 552081.0, 1385546.59 ], [ 552081.0, 1385546.8 ], [ 552081.0, 1385815.0 ], [ 552572.01, 1385815.0 ], [ 552572.01, 1385324.0 ], [ 552081.0, 1385324.0 ], [ 552081.0, 1385546.59 ] ], [ [ 552255.0, 1385681.0 ], [ 552296.0, 1385681.0 ], [ 552326.0, 1385729.0 ], [ 552325.0, 1385785.0 ], [ 552254.0, 1385785.0 ], [ 552255.0, 1385681.0 ] ] ] ] } },
{ "type": "Feature", "properties": { "Stt": 89.0, "Malo_cty": "5.15TK.N1.10.075", "Ten_lo": "U 13.2 - KV 3", "Dien_tich": "6.44", "Ma_cay": "CAO_SU", "Nam_trong": "2010", "QGIA": "Cambodia", "TINH": "Kampong Thom", "HUYEN": "Santuk", "XA": "Kraya", "Ten_NT": "NT 1", "To": 3.0, "Giong": "PB 260" }, "geometry": { "type": "MultiPolygon", "coordinates": [ [ [ [ 551581.99, 1386548.18 ], [ 551638.0, 1386558.0 ], [ 551678.0, 1386573.0 ], [ 551693.0, 1386572.0 ], [ 551700.0, 1386566.0 ], [ 551700.0, 1386220.0 ], [ 551770.0, 1386220.0 ], [ 551769.68, 1385825.0 ], [ 551581.99, 1385825.0 ], [ 551581.99, 1386055.35 ], [ 551581.99, 1386320.0 ], [ 551581.99, 1386525.27 ], [ 551581.99, 1386535.83 ], [ 551581.99, 1386548.18 ] ] ] ] } },
{ "type": "Feature", "properties": { "Stt": 92.0, "Malo_cty": "5.15TK.N1.10.076", "Ten_lo": "V 13 - KV 3", "Dien_tich": "19.3", "Ma_cay": "CAO_SU", "Nam_trong": "2010", "QGIA": "Cambodia", "TINH": "Kampong Thom", "HUYEN": "Santuk", "XA": "Kraya", "Ten_NT": "NT 1", "To": 3.0, "Giong": "RRIV 1" }, "geometry": { "type": "MultiPolygon", "coordinates": [ [ [ [ 552081.0, 1385825.0 ], [ 552081.0, 1386214.0 ], [ 552572.01, 1386212.01 ], [ 552572.01, 1385825.0 ], [ 552081.0, 1385825.0 ] ] ] ] } },
{ "type": "Feature", "properties": { "Stt": 85.0, "Malo_cty": "5.15TK.N1.10.107", "Ten_lo": "T 13 - KV 3", "Dien_tich": "19.1", "Ma_cay": "CAO_SU", "Nam_trong": "2010", "QGIA": "Cambodia", "TINH": "Kampong Thom", "HUYEN": "Santuk", "XA": "Kraya", "Ten_NT": "NT 1", "To": 3.0, "Giong": "PB 260" }, "geometry": { "type": "MultiPolygon", "coordinates": [ [ [ [ 551082.0, 1386208.11 ], [ 551572.0, 1386208.22 ], [ 551572.0, 1386055.35 ], [ 551572.0, 1385825.0 ], [ 551082.0, 1385825.0 ], [ 551082.0, 1386208.11 ] ] ] ] } },
{ "type": "Feature", "properties": { "Stt": 84.0, "Malo_cty": "5.15TK.N1.10.106", "Ten_lo": "T 12 - KV 3", "Dien_tich": "13.6", "Ma_cay": "CAO_SU", "Nam_trong": "2010", "QGIA": "Cambodia", "TINH": "Kampong Thom", "HUYEN": "Santuk", "XA": "Kraya", "Ten_NT": "NT 1", "To": 3.0, "Giong": "PB 260" }, "geometry": { "type": "MultiPolygon", "coordinates": [ [ [ [ 551082.0, 1386433.33 ], [ 551186.0, 1386468.0 ], [ 551336.0, 1386482.0 ], [ 551351.0, 1386493.0 ], [ 551372.0, 1386520.0 ], [ 551417.0, 1386549.0 ], [ 551442.0, 1386552.0 ], [ 551521.0, 1386550.0 ], [ 551572.0, 1386554.9 ], [ 551572.0, 1386550.35 ], [ 551572.0, 1386536.06 ], [ 551572.0, 1386525.5 ], [ 551572.0, 1386320.0 ], [ 551572.0, 1386218.04 ], [ 551082.0, 1386218.02 ], [ 551082.0, 1386316.0 ], [ 551082.0, 1386324.0 ], [ 551082.0, 1386433.33 ] ] ] ] } },
{ "type": "Feature", "properties": { "Stt": 78.0, "Malo_cty": "5.15TK.N1.10.069", "Ten_lo": "S 13 - KV 3", "Dien_tich": "19.2", "Ma_cay": "CAO_SU", "Nam_trong": "2010", "QGIA": "Cambodia", "TINH": "Kampong Thom", "HUYEN": "Santuk", "XA": "Kraya", "Ten_NT": "NT 1", "To": 3.0, "Giong": "PB 260" }, "geometry": { "type": "MultiPolygon", "coordinates": [ [ [ [ 550581.52, 1386208.0 ], [ 551074.0, 1386208.11 ], [ 551074.0, 1385825.0 ], [ 550581.48, 1385825.0 ], [ 550581.49, 1385932.1 ], [ 550581.52, 1386208.0 ] ] ] ] } },
{ "type": "Feature", "properties": { "Stt": 77.0, "Malo_cty": "5.15TK.N1.10.068", "Ten_lo": "S 12 - KV 3", "Dien_tich": "7.1", "Ma_cay": "CAO_SU", "Nam_trong": "2010", "QGIA": "Cambodia", "TINH": "Kampong Thom", "HUYEN": "Santuk", "XA": "Kraya", "Ten_NT": "NT 1", "To": 3.0, "Giong": "PB 260" }, "geometry": { "type": "MultiPolygon", "coordinates": [ [ [ [ 550581.51, 1386249.57 ], [ 550582.0, 1386250.0 ], [ 550615.0, 1386267.0 ], [ 550708.0, 1386306.0 ], [ 550791.0, 1386355.0 ], [ 550845.0, 1386375.0 ], [ 550983.0, 1386436.0 ], [ 551050.0, 1386431.0 ], [ 551074.0, 1386432.0 ], [ 551074.0, 1386324.0 ], [ 551074.0, 1386316.0 ], [ 551074.0, 1386218.02 ], [ 550581.52, 1386218.0 ], [ 550581.52, 1386243.89 ], [ 550581.51, 1386243.89 ], [ 550581.51, 1386249.57 ] ] ] ] } },
{ "type": "Feature", "properties": { "Stt": 79.0, "Malo_cty": "5.15TK.N1.10.070", "Ten_lo": "S 14 - KV 3", "Dien_tich": "24.3", "Ma_cay": "CAO_SU", "Nam_trong": "2010", "QGIA": "Cambodia", "TINH": "Kampong Thom", "HUYEN": "Santuk", "XA": "Kraya", "Ten_NT": "NT 1", "To": 3.0, "Giong": "IRCA 130" }, "geometry": { "type": "MultiPolygon", "coordinates": [ [ [ [ 550581.48, 1385815.0 ], [ 551074.0, 1385815.0 ], [ 551074.0, 1385324.0 ], [ 550581.45, 1385324.0 ], [ 550581.48, 1385815.0 ] ] ] ] } },
{ "type": "Feature", "properties": { "Stt": 25.0, "Malo_cty": "5.15TK.N1.09.065", "Ten_lo": "S 4 - KV 1", "Dien_tich": "8.1", "Ma_cay": "CAO_SU", "Nam_trong": "2009", "QGIA": "Cambodia", "TINH": "Kampong Thom", "HUYEN": "Santuk", "XA": "Kraya", "Ten_NT": "NT 1", "To": 1.0, "Giong": "RRIV 2" }, "geometry": { "type": "MultiPolygon", "coordinates": [ [ [ [ 550581.77, 1390489.98 ], [ 550582.0, 1390490.0 ], [ 551073.0, 1390490.0 ], [ 551074.0, 1390490.0 ], [ 551074.0, 1390325.0 ], [ 550581.84, 1390325.0 ], [ 550581.86, 1390489.66 ], [ 550581.77, 1390489.98 ] ] ] ] } },
{ "type": "Feature", "properties": { "Stt": 28.0, "Malo_cty": "5.15TK.N1.09.054", "Ten_lo": "T 4 - KV 1", "Dien_tich": "10", "Ma_cay": "CAO_SU", "Nam_trong": "2009", "QGIA": "Cambodia", "TINH": "Kampong Thom", "HUYEN": "Santuk", "XA": "Kraya", "Ten_NT": "NT 1", "To": 1.0, "Giong": "RRIV 4" }, "geometry": { "type": "MultiPolygon", "coordinates": [ [ [ [ 551082.0, 1390490.0 ], [ 551083.0, 1390490.0 ], [ 551683.0, 1390490.0 ], [ 551682.0, 1390325.0 ], [ 551682.0, 1390324.0 ], [ 551082.0, 1390324.0 ], [ 551082.0, 1390490.0 ] ] ] ] } },
{ "type": "Feature", "properties": { "Stt": 29.0, "Malo_cty": "5.15TK.N1.09.071", "Ten_lo": "T 5 - KV 1", "Dien_tich": "30", "Ma_cay": "CAO_SU", "Nam_trong": "2009", "QGIA": "Cambodia", "TINH": "Kampong Thom", "HUYEN": "Santuk", "XA": "Kraya", "Ten_NT": "NT 1", "To": 1.0, "Giong": "RRIV 4" }, "geometry": { "type": "MultiPolygon", "coordinates": [ [ [ [ 551082.33, 1390317.5 ], [ 551082.73, 1390316.01 ], [ 551682.0, 1390316.01 ], [ 551681.0, 1389825.0 ], [ 551681.0, 1389824.0 ], [ 551082.91, 1389824.0 ], [ 551083.0, 1390315.01 ], [ 551082.33, 1390317.5 ] ] ] ] } },
{ "type": "Feature", "properties": { "Stt": 26.0, "Malo_cty": "5.15TK.N1.09.066", "Ten_lo": "S 5 - KV 1", "Dien_tich": "24.4", "Ma_cay": "CAO_SU", "Nam_trong": "2009", "QGIA": "Cambodia", "TINH": "Kampong Thom", "HUYEN": "Santuk", "XA": "Kraya", "Ten_NT": "NT 1", "To": 1.0, "Giong": "RRIV 2" }, "geometry": { "type": "MultiPolygon", "coordinates": [ [ [ [ 550581.81, 1389824.0 ], [ 550581.84, 1390315.01 ], [ 551073.0, 1390315.01 ], [ 551072.92, 1389824.0 ], [ 550581.81, 1389824.0 ] ] ] ] } },
{ "type": "Feature", "properties": { "Stt": 27.0, "Malo_cty": "5.15TK.N1.09.067", "Ten_lo": "S 6-7 - KV 1", "Dien_tich": "19.8", "Ma_cay": "CAO_SU", "Nam_trong": "2009", "QGIA": "Cambodia", "TINH": "Kampong Thom", "HUYEN": "Santuk", "XA": "Kraya", "Ten_NT": "NT 1", "To": 1.0, "Giong": "RRIV 4" }, "geometry": { "type": "MultiPolygon", "coordinates": [ [ [ [ 550581.58, 1389665.87 ], [ 550581.79, 1389666.63 ], [ 550581.8, 1389816.0 ], [ 551072.91, 1389816.0 ], [ 551072.83, 1389318.83 ], [ 551073.5, 1389316.33 ], [ 551074.0, 1389315.83 ], [ 551074.0, 1389154.4 ], [ 551072.0, 1389156.0 ], [ 551065.0, 1389151.0 ], [ 550977.0, 1389193.0 ], [ 550880.0, 1389278.0 ], [ 550860.0, 1389277.0 ], [ 550798.0, 1389349.0 ], [ 550798.0, 1389371.0 ], [ 550745.0, 1389456.0 ], [ 550720.0, 1389489.0 ], [ 550707.0, 1389523.0 ], [ 550670.0, 1389558.0 ], [ 550660.0, 1389579.0 ], [ 550658.0, 1389594.0 ], [ 550582.0, 1389665.0 ], [ 550581.58, 1389665.87 ] ] ] ] } },
{ "type": "Feature", "properties": { "Stt": 31.0, "Malo_cty": "5.15TK.N1.09.055", "Ten_lo": "T 7 - KV 1", "Dien_tich": "24.1", "Ma_cay": "CAO_SU", "Nam_trong": "2009", "QGIA": "Cambodia", "TINH": "Kampong Thom", "HUYEN": "Santuk", "XA": "Kraya", "Ten_NT": "NT 1", "To": 1.0, "Giong": "RRIV 4" }, "geometry": { "type": "MultiPolygon", "coordinates": [ [ [ [ 551082.0, 1389148.0 ], [ 551082.0, 1389316.0 ], [ 551678.0, 1389316.0 ], [ 551679.0, 1388728.0 ], [ 551595.0, 1388730.0 ], [ 551574.0, 1388741.0 ], [ 551520.0, 1388806.0 ], [ 551404.0, 1388883.0 ], [ 551376.0, 1388922.0 ], [ 551348.0, 1388940.0 ], [ 551292.0, 1388975.0 ], [ 551257.0, 1389006.0 ], [ 551227.0, 1389036.0 ], [ 551195.0, 1389063.0 ], [ 551162.0, 1389081.0 ], [ 551137.0, 1389098.0 ], [ 551082.0, 1389148.0 ] ] ] ] } },
{ "type": "Feature", "properties": { "Stt": 30.0, "Malo_cty": "5.15TK.N1.09.072", "Ten_lo": "T 6 - KV 1", "Dien_tich": "30", "Ma_cay": "CAO_SU", "Nam_trong": "2009", "QGIA": "Cambodia", "TINH": "Kampong Thom", "HUYEN": "Santuk", "XA": "Kraya", "Ten_NT": "NT 1", "To": 1.0, "Giong": "RRIV 4" }, "geometry": { "type": "MultiPolygon", "coordinates": [ [ [ [ 551082.82, 1389324.0 ], [ 551082.91, 1389816.0 ], [ 551681.0, 1389816.0 ], [ 551680.0, 1389324.0 ], [ 551082.82, 1389324.0 ] ] ] ] } },
{ "type": "Feature", "properties": { "Stt": 64.0, "Malo_cty": "5.15TK.N1.09.053", "Ten_lo": "S 10 - KV 2", "Dien_tich": "20.4", "Ma_cay": "CAO_SU", "Nam_trong": "2009", "QGIA": "Cambodia", "TINH": "Kampong Thom", "HUYEN": "Santuk", "XA": "Kraya", "Ten_NT": "NT 1", "To": 2.0, "Giong": "RRIV 1" }, "geometry": { "type": "MultiPolygon", "coordinates": [ [ [ [ 551074.0, 1387590.53 ], [ 551074.0, 1387494.26 ], [ 551074.0, 1387478.22 ], [ 551073.0, 1387478.0 ], [ 551040.0, 1387466.0 ], [ 550969.0, 1387458.0 ], [ 550890.0, 1387411.0 ], [ 550837.0, 1387397.0 ], [ 550791.0, 1387392.0 ], [ 550774.0, 1387380.0 ], [ 550711.0, 1387356.0 ], [ 550676.0, 1387351.0 ], [ 550635.0, 1387337.0 ], [ 550594.0, 1387340.0 ], [ 550582.0, 1387334.0 ], [ 550581.63, 1387334.12 ], [ 550581.63, 1387484.24 ], [ 550581.62, 1387484.23 ], [ 550581.64, 1387816.0 ], [ 551073.0, 1387816.0 ], [ 551074.0, 1387815.9 ], [ 551074.0, 1387590.53 ] ] ] ] } },
{ "type": "Feature", "properties": { "Stt": 63.0, "Malo_cty": "5.15TK.N1.09.050", "Ten_lo": "R 9 - KV 2", "Dien_tich": "24", "Ma_cay": "CAO_SU", "Nam_trong": "2009", "QGIA": "Cambodia", "TINH": "Kampong Thom", "HUYEN": "Santuk", "XA": "Kraya", "Ten_NT": "NT 1", "To": 2.0, "Giong": "RRIV 4" }, "geometry": { "type": "MultiPolygon", "coordinates": [ [ [ [ 550082.63, 1387825.0 ], [ 550082.67, 1388316.0 ], [ 550398.07, 1388316.0 ], [ 550469.51, 1388316.0 ], [ 550469.44, 1388317.0 ], [ 550472.0, 1388317.0 ], [ 550499.0, 1388307.0 ], [ 550557.0, 1388256.0 ], [ 550573.0, 1388251.0 ], [ 550573.68, 1388250.6 ], [ 550573.64, 1387824.0 ], [ 550266.2, 1387824.0 ], [ 550266.37, 1387825.0 ], [ 550221.13, 1387825.0 ], [ 550082.63, 1387825.0 ] ] ] ] } },
{ "type": "Feature", "properties": { "Stt": 66.0, "Malo_cty": "5.15TK.N1.09.056", "Ten_lo": "T 10 - KV 2", "Dien_tich": "6.2", "Ma_cay": "CAO_SU", "Nam_trong": "2009", "QGIA": "Cambodia", "TINH": "Kampong Thom", "HUYEN": "Santuk", "XA": "Kraya", "Ten_NT": "NT 1", "To": 2.0, "Giong": "RRIV 4" }, "geometry": { "type": "MultiPolygon", "coordinates": [ [ [ [ 551082.0, 1387480.0 ], [ 551082.0, 1387496.34 ], [ 551082.0, 1387593.41 ], [ 551082.0, 1387815.1 ], [ 551083.0, 1387815.0 ], [ 551155.0, 1387794.0 ], [ 551222.0, 1387737.0 ], [ 551262.0, 1387708.0 ], [ 551314.0, 1387657.0 ], [ 551367.0, 1387611.0 ], [ 551390.0, 1387586.0 ], [ 551390.0, 1387578.0 ], [ 551353.0, 1387561.0 ], [ 551327.0, 1387542.0 ], [ 551263.0, 1387506.0 ], [ 551234.0, 1387501.0 ], [ 551145.0, 1387493.0 ], [ 551082.0, 1387480.0 ] ] ] ] } },
{ "type": "Feature", "properties": { "Stt": 62.0, "Malo_cty": "5.15TK.N1.09.049", "Ten_lo": "R 8 - KV 2", "Dien_tich": "6.2", "Ma_cay": "CAO_SU", "Nam_trong": "2009", "QGIA": "Cambodia", "TINH": "Kampong Thom", "HUYEN": "Santuk", "XA": "Kraya", "Ten_NT": "NT 1", "To": 2.0, "Giong": "RRIV 4" }, "geometry": { "type": "MultiPolygon", "coordinates": [ [ [ [ 550082.67, 1388324.0 ], [ 550082.69, 1388652.21 ], [ 550083.0, 1388652.0 ], [ 550114.0, 1388623.0 ], [ 550138.51, 1388591.96 ], [ 550147.17, 1388582.96 ], [ 550175.0, 1388565.0 ], [ 550188.0, 1388546.0 ], [ 550221.0, 1388523.0 ], [ 550241.0, 1388502.0 ], [ 550296.0, 1388465.0 ], [ 550301.0, 1388455.0 ], [ 550332.0, 1388437.0 ], [ 550335.0, 1388426.0 ], [ 550361.0, 1388411.0 ], [ 550398.0, 1388385.0 ], [ 550468.0, 1388334.0 ], [ 550468.0, 1388324.0 ], [ 550397.51, 1388324.0 ], [ 550082.67, 1388324.0 ] ] ] ] } },
{ "type": "Feature", "properties": { "Stt": 65.0, "Malo_cty": "5.15TK.N1.09.052", "Ten_lo": "S 9 - KV 2", "Dien_tich": "10.6", "Ma_cay": "CAO_SU", "Nam_trong": "2009", "QGIA": "Cambodia", "TINH": "Kampong Thom", "HUYEN": "Santuk", "XA": "Kraya", "Ten_NT": "NT 1", "To": 2.0, "Giong": "RRIV 4" }, "geometry": { "type": "MultiPolygon", "coordinates": [ [ [ [ 550581.67, 1388245.8 ], [ 550583.0, 1388245.0 ], [ 550583.31, 1388243.95 ], [ 550801.0, 1388068.0 ], [ 550820.0, 1388063.0 ], [ 550825.0, 1388023.0 ], [ 550865.0, 1388019.0 ], [ 550889.0, 1388009.0 ], [ 550966.0, 1387928.0 ], [ 550986.0, 1387912.0 ], [ 551008.0, 1387871.0 ], [ 551074.0, 1387831.0 ], [ 551074.0, 1387830.94 ], [ 551074.0, 1387824.0 ], [ 550581.64, 1387824.0 ], [ 550581.67, 1388245.8 ] ] ] ] } },
{ "type": "Feature", "properties": { "Stt": 61.0, "Malo_cty": "5.15TK.N1.09.051", "Ten_lo": "R 10-11 - KV 2", "Dien_tich": "28.9", "Ma_cay": "CAO_SU", "Nam_trong": "2009", "QGIA": "Cambodia", "TINH": "Kampong Thom", "HUYEN": "Santuk", "XA": "Kraya", "Ten_NT": "NT 1", "To": 2.0, "Giong": "RRIV 1" }, "geometry": { "type": "MultiPolygon", "coordinates": [ [ [ [ 550573.64, 1387816.0 ], [ 550573.6, 1387363.93 ], [ 550573.63, 1387363.94 ], [ 550573.63, 1387336.79 ], [ 550573.0, 1387337.0 ], [ 550535.93, 1387319.95 ], [ 550523.0, 1387314.0 ], [ 550504.25, 1387311.82 ], [ 550455.0, 1387276.0 ], [ 550397.0, 1387241.0 ], [ 550333.0, 1387217.0 ], [ 550294.0, 1387210.0 ], [ 550215.0, 1387181.0 ], [ 550181.0, 1387159.0 ], [ 550122.0, 1387136.0 ], [ 550082.0, 1387115.0 ], [ 550081.59, 1387114.63 ], [ 550081.59, 1387168.61 ], [ 550081.58, 1387168.61 ], [ 550081.6, 1387316.0 ], [ 550081.6, 1387323.99 ], [ 550081.63, 1387740.19 ], [ 550081.56, 1387815.0 ], [ 550221.02, 1387815.0 ], [ 550266.06, 1387815.0 ], [ 550266.1, 1387816.0 ], [ 550573.64, 1387816.0 ] ] ] ] } },
{ "type": "Feature", "properties": { "Stt": 445.0, "Malo_cty": "Song, suoi, trung", "Ten_lo": null, "Dien_tich": null, "Ma_cay": "CAO_SU", "Nam_trong": null, "QGIA": "Cambodia", "TINH": "Kampong Thom", "HUYEN": "Santuk", "XA": "Kraya", "Ten_NT": null, "To": 0.0, "Giong": null }, "geometry": { "type": "MultiPolygon", "coordinates": [ [ [ [ 549596.0, 1390326.0 ], [ 549646.0, 1390325.0 ], [ 549667.0, 1390334.0 ], [ 549674.0, 1390371.0 ], [ 549684.0, 1390389.0 ], [ 549685.0, 1390424.0 ], [ 549711.0, 1390454.0 ], [ 549728.0, 1390506.0 ], [ 549735.26, 1390522.14 ], [ 549737.0, 1390526.0 ], [ 549736.0, 1390565.0 ], [ 549746.0, 1390605.0 ], [ 549752.0, 1390668.0 ], [ 549757.0, 1390677.0 ], [ 549772.0, 1390683.0 ], [ 549789.0, 1390656.0 ], [ 549802.0, 1390619.0 ], [ 549795.0, 1390600.0 ], [ 549800.0, 1390576.0 ], [ 549799.0, 1390525.0 ], [ 549794.0, 1390517.0 ], [ 549797.0, 1390414.0 ], [ 549791.0, 1390369.0 ], [ 549776.0, 1390357.0 ], [ 549764.0, 1390355.0 ], [ 549758.0, 1390324.0 ], [ 549757.0, 1390316.0 ], [ 549734.0, 1390279.0 ], [ 549596.0, 1390326.0 ] ] ] ] } },
{ "type": "Feature", "properties": { "Stt": 23.0, "Malo_cty": "5.15TK.N1.09.122", "Ten_lo": "R 4.2 - KV 1", "Dien_tich": "1.51", "Ma_cay": "CAO_SU", "Nam_trong": "2009", "QGIA": "Cambodia", "TINH": "Kampong Thom", "HUYEN": "Santuk", "XA": "Kraya", "Ten_NT": "NT 1", "To": 1.0, "Giong": "RRIV 4" }, "geometry": { "type": "MultiPolygon", "coordinates": [ [ [ [ 550085.8, 1390823.9 ], [ 550105.0, 1390825.0 ], [ 550123.0, 1390817.0 ], [ 550130.0, 1390809.0 ], [ 550128.0, 1390505.0 ], [ 550085.0, 1390505.0 ], [ 550085.8, 1390823.9 ] ] ] ] } },
{ "type": "Feature", "properties": { "Stt": 22.0, "Malo_cty": "5.15TK.N1.09.062", "Ten_lo": "R 4 - KV 1", "Dien_tich": "8", "Ma_cay": "CAO_SU", "Nam_trong": "2009", "QGIA": "Cambodia", "TINH": "Kampong Thom", "HUYEN": "Santuk", "XA": "Kraya", "Ten_NT": "NT 1", "To": 1.0, "Giong": "RRIV 2" }, "geometry": { "type": "MultiPolygon", "coordinates": [ [ [ [ 550082.83, 1390325.0 ], [ 550082.85, 1390491.01 ], [ 550085.23, 1390491.0 ], [ 550573.0, 1390489.01 ], [ 550573.86, 1390489.1 ], [ 550573.84, 1390325.0 ], [ 550082.83, 1390325.0 ] ] ] ] } },
{ "type": "Feature", "properties": { "Stt": 24.0, "Malo_cty": "5.15TK.N1.09.048", "Ten_lo": "R 5 - KV 1", "Dien_tich": "24.2", "Ma_cay": "CAO_SU", "Nam_trong": "2009", "QGIA": "Cambodia", "TINH": "Kampong Thom", "HUYEN": "Santuk", "XA": "Kraya", "Ten_NT": "NT 1", "To": 1.0, "Giong": "RRIV 2" }, "geometry": { "type": "MultiPolygon", "coordinates": [ [ [ [ 550081.8, 1389937.02 ], [ 550081.84, 1390315.01 ], [ 550573.84, 1390315.01 ], [ 550573.79, 1389682.32 ], [ 550573.0, 1389684.0 ], [ 550558.0, 1389680.0 ], [ 550508.0, 1389721.0 ], [ 550495.0, 1389743.0 ], [ 550470.0, 1389750.0 ], [ 550454.0, 1389774.0 ], [ 550433.0, 1389793.0 ], [ 550370.0, 1389820.0 ], [ 550359.0, 1389829.0 ], [ 550343.0, 1389831.0 ], [ 550328.0, 1389842.0 ], [ 550282.0, 1389860.0 ], [ 550218.0, 1389882.0 ], [ 550201.0, 1389896.0 ], [ 550150.0, 1389908.0 ], [ 550143.0, 1389915.0 ], [ 550082.0, 1389937.0 ], [ 550081.8, 1389937.02 ] ] ] ] } },
{ "type": "Feature", "properties": { "Stt": 444.0, "Malo_cty": "Song, suoi, trung", "Ten_lo": null, "Dien_tich": null, "Ma_cay": "CAO_SU", "Nam_trong": null, "QGIA": "Cambodia", "TINH": "Kampong Thom", "HUYEN": "Santuk", "XA": "Kraya", "Ten_NT": null, "To": 0.0, "Giong": null }, "geometry": { "type": "MultiPolygon", "coordinates": [ [ [ [ 549811.8, 1390971.9 ], [ 549867.0, 1390971.0 ], [ 549885.0, 1390926.0 ], [ 549857.0, 1390894.0 ], [ 549813.0, 1390892.0 ], [ 549785.0, 1390943.0 ], [ 549811.8, 1390971.9 ] ] ] ] } },
{ "type": "Feature", "properties": { "Stt": 21.0, "Malo_cty": "5.15TK.N1.09.043", "Ten_lo": "Q 5 - KV 1", "Dien_tich": "11", "Ma_cay": "CAO_SU", "Nam_trong": "2009", "QGIA": "Cambodia", "TINH": "Kampong Thom", "HUYEN": "Santuk", "XA": "Kraya", "Ten_NT": "NT 1", "To": 1.0, "Giong": "RRIV 2" }, "geometry": { "type": "MultiPolygon", "coordinates": [ [ [ [ 549757.0, 1390316.0 ], [ 550029.94, 1390316.01 ], [ 550073.84, 1390316.01 ], [ 550073.8, 1389938.68 ], [ 550077.34, 1389937.52 ], [ 550073.0, 1389938.0 ], [ 549950.0, 1389962.0 ], [ 549870.0, 1389982.0 ], [ 549769.0, 1390078.0 ], [ 549727.0, 1390137.0 ], [ 549726.0, 1390186.0 ], [ 549736.0, 1390187.0 ], [ 549734.0, 1390279.0 ], [ 549757.0, 1390316.0 ] ] ] ] } },
{ "type": "Feature", "properties": { "Stt": 20.0, "Malo_cty": "5.15TK.N1.09.121", "Ten_lo": "Q 4.2 - KV 1", "Dien_tich": "3.86", "Ma_cay": "CAO_SU", "Nam_trong": "2009", "QGIA": "Cambodia", "TINH": "Kampong Thom", "HUYEN": "Santuk", "XA": "Kraya", "Ten_NT": "NT 1", "To": 1.0, "Giong": "RRIV 4" }, "geometry": { "type": "MultiPolygon", "coordinates": [ [ [ [ 549735.26, 1390522.14 ], [ 549735.0, 1390816.0 ], [ 549831.62, 1390816.0 ], [ 549849.55, 1390816.0 ], [ 549849.15, 1390324.0 ], [ 549789.79, 1390324.0 ], [ 549758.0, 1390324.0 ], [ 549764.0, 1390355.0 ], [ 549776.0, 1390357.0 ], [ 549791.0, 1390369.0 ], [ 549797.0, 1390414.0 ], [ 549794.0, 1390517.0 ], [ 549799.0, 1390525.0 ], [ 549800.0, 1390576.0 ], [ 549795.0, 1390600.0 ], [ 549802.0, 1390619.0 ], [ 549789.0, 1390656.0 ], [ 549772.0, 1390683.0 ], [ 549757.0, 1390677.0 ], [ 549752.0, 1390668.0 ], [ 549746.0, 1390605.0 ], [ 549736.0, 1390565.0 ], [ 549737.0, 1390526.0 ], [ 549735.26, 1390522.14 ] ] ] ] } },
{ "type": "Feature", "properties": { "Stt": 18.0, "Malo_cty": "5.15TK.N1.08.041", "Ten_lo": "Q 3 - KV 1", "Dien_tich": "23.7", "Ma_cay": "CAO_SU", "Nam_trong": "2008", "QGIA": "Cambodia", "TINH": "Kampong Thom", "HUYEN": "Santuk", "XA": "Kraya", "Ten_NT": "NT 1", "To": 1.0, "Giong": "RRIV 4" }, "geometry": { "type": "MultiPolygon", "coordinates": [ [ [ [ 549581.9, 1391315.0 ], [ 550072.92, 1391315.0 ], [ 550072.88, 1390824.0 ], [ 549867.08, 1390824.0 ], [ 549829.89, 1390824.0 ], [ 549612.19, 1390824.0 ], [ 549581.85, 1390824.0 ], [ 549581.9, 1391315.0 ] ], [ [ 549811.8, 1390971.9 ], [ 549785.0, 1390943.0 ], [ 549813.0, 1390892.0 ], [ 549857.0, 1390894.0 ], [ 549885.0, 1390926.0 ], [ 549867.0, 1390971.0 ], [ 549811.8, 1390971.9 ] ] ] ] } },
{ "type": "Feature", "properties": { "Stt": 19.0, "Malo_cty": "5.15TK.N1.08.042", "Ten_lo": "Q 4 - KV 1", "Dien_tich": "17.86", "Ma_cay": "CAO_SU", "Nam_trong": "2008", "QGIA": "Cambodia", "TINH": "Kampong Thom", "HUYEN": "Santuk", "XA": "Kraya", "Ten_NT": "NT 1", "To": 1.0, "Giong": "RRIV 4" }, "geometry": { "type": "MultiPolygon", "coordinates": [ [ [ [ 550072.88, 1390816.0 ], [ 550072.84, 1390324.0 ], [ 550029.38, 1390324.0 ], [ 549849.15, 1390324.0 ], [ 549849.55, 1390816.0 ], [ 549867.63, 1390816.0 ], [ 550072.88, 1390816.0 ] ] ], [ [ [ 549735.26, 1390522.14 ], [ 549728.0, 1390506.0 ], [ 549711.0, 1390454.0 ], [ 549685.0, 1390424.0 ], [ 549684.0, 1390389.0 ], [ 549674.0, 1390371.0 ], [ 549667.0, 1390334.0 ], [ 549646.0, 1390325.0 ], [ 549596.0, 1390326.0 ], [ 549582.0, 1390333.0 ], [ 549577.8, 1390336.27 ], [ 549577.8, 1390341.42 ], [ 549581.8, 1390339.23 ], [ 549581.85, 1390816.0 ], [ 549613.92, 1390816.0 ], [ 549735.0, 1390816.0 ], [ 549735.26, 1390522.14 ] ] ] ] } },
{ "type": "Feature", "properties": { "Stt": 60.0, "Malo_cty": "5.15TK.N1.09.046", "Ten_lo": "Q 9 - KV 2", "Dien_tich": "24.4", "Ma_cay": "CAO_SU", "Nam_trong": "2009", "QGIA": "Cambodia", "TINH": "Kampong Thom", "HUYEN": "Santuk", "XA": "Kraya", "Ten_NT": "NT 1", "To": 2.0, "Giong": "RRIV 4" }, "geometry": { "type": "MultiPolygon", "coordinates": [ [ [ [ 549581.55, 1387825.0 ], [ 549581.6, 1388316.0 ], [ 549634.73, 1388316.0 ], [ 549991.53, 1388316.0 ], [ 550041.27, 1388316.0 ], [ 550062.97, 1388316.0 ], [ 550072.68, 1388316.0 ], [ 550072.63, 1387825.0 ], [ 550031.08, 1387825.0 ], [ 549581.55, 1387825.0 ] ] ] ] } },
{ "type": "Feature", "properties": { "Stt": 54.0, "Malo_cty": "5.15TK.N1.09.037", "Ten_lo": "P 8.2 - KV 2", "Dien_tich": "7.7", "Ma_cay": "CAO_SU", "Nam_trong": "2009", "QGIA": "Cambodia", "TINH": "Kampong Thom", "HUYEN": "Santuk", "XA": "Kraya", "Ten_NT": "NT 1", "To": 2.0, "Giong": "RRIV 4" }, "geometry": { "type": "MultiPolygon", "coordinates": [ [ [ [ 549417.0, 1388324.0 ], [ 549417.07, 1388815.0 ], [ 549573.65, 1388815.0 ], [ 549573.6, 1388324.0 ], [ 549417.0, 1388324.0 ] ] ] ] } },
{ "type": "Feature", "properties": { "Stt": 55.0, "Malo_cty": "5.15TK.N1.09.038", "Ten_lo": "P 9 - KV 2", "Dien_tich": "24.5", "Ma_cay": "CAO_SU", "Nam_trong": "2009", "QGIA": "Cambodia", "TINH": "Kampong Thom", "HUYEN": "Santuk", "XA": "Kraya", "Ten_NT": "NT 1", "To": 2.0, "Giong": "RRIV 3" }, "geometry": { "type": "MultiPolygon", "coordinates": [ [ [ [ 549573.55, 1387825.0 ], [ 549219.79, 1387825.0 ], [ 549174.72, 1387825.0 ], [ 549081.99, 1387825.0 ], [ 549081.99, 1388316.0 ], [ 549573.6, 1388316.0 ], [ 549573.55, 1387825.0 ] ] ] ] } },
{ "type": "Feature", "properties": { "Stt": 59.0, "Malo_cty": "5.15TK.N1.09.045", "Ten_lo": "Q 8 - KV 2", "Dien_tich": "23.5", "Ma_cay": "CAO_SU", "Nam_trong": "2009", "QGIA": "Cambodia", "TINH": "Kampong Thom", "HUYEN": "Santuk", "XA": "Kraya", "Ten_NT": "NT 1", "To": 2.0, "Giong": "RRIV 4" }, "geometry": { "type": "MultiPolygon", "coordinates": [ [ [ [ 549581.65, 1388815.0 ], [ 549974.0, 1388815.0 ], [ 549973.0, 1388820.0 ], [ 549974.0, 1388816.0 ], [ 549989.0, 1388802.0 ], [ 550023.0, 1388744.0 ], [ 550028.0, 1388726.0 ], [ 550060.0, 1388674.0 ], [ 550072.7, 1388659.34 ], [ 550072.68, 1388324.0 ], [ 550062.97, 1388324.0 ], [ 550040.71, 1388324.0 ], [ 549991.53, 1388324.0 ], [ 549634.73, 1388324.0 ], [ 549581.6, 1388324.0 ], [ 549581.65, 1388815.0 ] ] ] ] } },
{ "type": "Feature", "properties": { "Stt": 58.0, "Malo_cty": "5.15TK.N1.09.044", "Ten_lo": "Q 7 - KV 2", "Dien_tich": "5.3", "Ma_cay": "CAO_SU", "Nam_trong": "2009", "QGIA": "Cambodia", "TINH": "Kampong Thom", "HUYEN": "Santuk", "XA": "Kraya", "Ten_NT": "NT 1", "To": 2.0, "Giong": "RRIV 4" }, "geometry": { "type": "MultiPolygon", "coordinates": [ [ [ [ 549581.65, 1388825.0 ], [ 549581.67, 1389002.87 ], [ 549582.0, 1389003.0 ], [ 549597.0, 1389000.0 ], [ 549609.0, 1388988.0 ], [ 549634.0, 1388984.0 ], [ 549648.0, 1388975.0 ], [ 549673.0, 1388974.0 ], [ 549693.0, 1388967.0 ], [ 549722.0, 1388968.0 ], [ 549882.0, 1388953.0 ], [ 549908.0, 1388934.0 ], [ 549932.0, 1388901.0 ], [ 549935.0, 1388888.0 ], [ 549952.0, 1388868.0 ], [ 549964.0, 1388842.0 ], [ 549974.0, 1388831.0 ], [ 549972.12, 1388824.41 ], [ 549972.0, 1388825.0 ], [ 549581.65, 1388825.0 ] ] ] ] } },
{ "type": "Feature", "properties": { "Stt": 53.0, "Malo_cty": "5.15TK.N1.08.036", "Ten_lo": "P 8.1 - KV 2", "Dien_tich": "16.83", "Ma_cay": "CAO_SU", "Nam_trong": "2008", "QGIA": "Cambodia", "TINH": "Kampong Thom", "HUYEN": "Santuk", "XA": "Kraya", "Ten_NT": "NT 1", "To": 2.0, "Giong": "RRIV 4" }, "geometry": { "type": "MultiPolygon", "coordinates": [ [ [ [ 549417.07, 1388815.0 ], [ 549417.0, 1388324.0 ], [ 549081.99, 1388324.0 ], [ 549081.99, 1388815.0 ], [ 549417.07, 1388815.0 ] ] ] ] } },
{ "type": "Feature", "properties": { "Stt": 52.0, "Malo_cty": "5.15TK.N1.08.010", "Ten_lo": "P 7 - KV 2", "Dien_tich": "14.69", "Ma_cay": "CAO_SU", "Nam_trong": "2008", "QGIA": "Cambodia", "TINH": "Kampong Thom", "HUYEN": "Santuk", "XA": "Kraya", "Ten_NT": "NT 1", "To": 2.0, "Giong": "RRIV 4" }, "geometry": { "type": "MultiPolygon", "coordinates": [ [ [ [ 549075.58, 1389283.57 ], [ 549082.0, 1389275.0 ], [ 549107.0, 1389265.0 ], [ 549188.0, 1389203.0 ], [ 549323.0, 1389120.0 ], [ 549404.0, 1389082.0 ], [ 549423.0, 1389073.0 ], [ 549468.0, 1389053.0 ], [ 549487.0, 1389039.0 ], [ 549565.0, 1388999.0 ], [ 549572.0, 1388999.0 ], [ 549573.68, 1388999.59 ], [ 549573.65, 1388825.0 ], [ 549081.0, 1388825.0 ], [ 549081.0, 1389275.0 ], [ 549075.58, 1389283.57 ] ] ] ] } },
{ "type": "Feature", "properties": { "Stt": 447.0, "Malo_cty": "Song, suoi, trung", "Ten_lo": null, "Dien_tich": null, "Ma_cay": "CAO_SU", "Nam_trong": null, "QGIA": "Cambodia", "TINH": "Kampong Thom", "HUYEN": "Santuk", "XA": "Kraya", "Ten_NT": null, "To": 0.0, "Giong": null }, "geometry": { "type": "MultiPolygon", "coordinates": [ [ [ [ 549798.0, 1387316.0 ], [ 549885.0, 1387316.0 ], [ 549888.0, 1387285.0 ], [ 549893.0, 1387276.0 ], [ 549907.0, 1387274.0 ], [ 549913.0, 1387263.0 ], [ 549915.0, 1387221.0 ], [ 549921.0, 1387209.0 ], [ 549930.0, 1387202.0 ], [ 549931.0, 1387177.0 ], [ 549944.0, 1387173.0 ], [ 549950.0, 1387167.0 ], [ 549960.0, 1387165.0 ], [ 549962.0, 1387149.0 ], [ 549975.0, 1387135.0 ], [ 549985.0, 1387120.0 ], [ 549995.0, 1387118.0 ], [ 550005.0, 1387107.0 ], [ 550027.0, 1387105.0 ], [ 550055.0, 1387112.0 ], [ 550069.0, 1387105.0 ], [ 549871.0, 1387024.0 ], [ 549871.0, 1387172.0 ], [ 549839.0, 1387173.0 ], [ 549836.0, 1387188.0 ], [ 549834.0, 1387267.0 ], [ 549826.0, 1387265.0 ], [ 549798.0, 1387299.0 ], [ 549798.0, 1387316.0 ] ] ] ] } },
{ "type": "Feature", "properties": { "Stt": 56.0, "Malo_cty": "5.15TK.N1.09.058", "Ten_lo": "Q 10 - KV 2", "Dien_tich": "24.4", "Ma_cay": "CAO_SU", "Nam_trong": "2009", "QGIA": "Cambodia", "TINH": "Kampong Thom", "HUYEN": "Santuk", "XA": "Kraya", "Ten_NT": "NT 1", "To": 2.0, "Giong": "PB 255" }, "geometry": { "type": "MultiPolygon", "coordinates": [ [ [ [ 549581.55, 1387815.0 ], [ 550028.97, 1387815.0 ], [ 550073.63, 1387815.0 ], [ 550073.6, 1387323.99 ], [ 549581.5, 1387323.99 ], [ 549581.55, 1387815.0 ] ] ] ] } },
{ "type": "Feature", "properties": { "Stt": 51.0, "Malo_cty": "5.15TK.N1.09.040", "Ten_lo": "P 11 - KV 2", "Dien_tich": "24.4", "Ma_cay": "CAO_SU", "Nam_trong": "2009", "QGIA": "Cambodia", "TINH": "Kampong Thom", "HUYEN": "Santuk", "XA": "Kraya", "Ten_NT": "NT 1", "To": 2.0, "Giong": "RRIV 4" }, "geometry": { "type": "MultiPolygon", "coordinates": [ [ [ [ 549081.0, 1386825.2 ], [ 549081.0, 1386853.08 ], [ 549081.0, 1387168.61 ], [ 549081.0, 1387251.15 ], [ 549081.0, 1387316.0 ], [ 549573.5, 1387316.0 ], [ 549573.49, 1387251.15 ], [ 549573.46, 1386885.21 ], [ 549573.46, 1386885.21 ], [ 549573.46, 1386873.27 ], [ 549572.0, 1386873.0 ], [ 549397.0, 1386783.0 ], [ 549241.0, 1386783.0 ], [ 549082.0, 1386825.0 ], [ 549081.0, 1386825.2 ] ] ] ] } },
{ "type": "Feature", "properties": { "Stt": 57.0, "Malo_cty": "5.15TK.N1.09.047", "Ten_lo": "Q 11 - KV 2", "Dien_tich": "12.2", "Ma_cay": "CAO_SU", "Nam_trong": "2009", "QGIA": "Cambodia", "TINH": "Kampong Thom", "HUYEN": "Santuk", "XA": "Kraya", "Ten_NT": "NT 1", "To": 2.0, "Giong": "RRIV 4" }, "geometry": { "type": "MultiPolygon", "coordinates": [ [ [ [ 549871.0, 1387172.0 ], [ 549871.0, 1387024.0 ], [ 549863.0, 1387017.0 ], [ 549841.0, 1387016.0 ], [ 549809.0, 1387001.0 ], [ 549781.0, 1386991.0 ], [ 549711.0, 1386950.0 ], [ 549633.0, 1386903.0 ], [ 549624.0, 1386893.0 ], [ 549583.0, 1386875.0 ], [ 549581.47, 1386874.72 ], [ 549581.49, 1387168.61 ], [ 549581.49, 1387168.61 ], [ 549581.5, 1387316.0 ], [ 549798.0, 1387316.0 ], [ 549798.0, 1387299.0 ], [ 549826.0, 1387265.0 ], [ 549834.0, 1387267.0 ], [ 549836.0, 1387188.0 ], [ 549839.0, 1387173.0 ], [ 549871.0, 1387172.0 ] ] ], [ [ [ 550073.6, 1387316.0 ], [ 550073.59, 1387251.15 ], [ 550073.58, 1387126.92 ], [ 550073.59, 1387126.92 ], [ 550073.59, 1387107.53 ], [ 550073.0, 1387107.0 ], [ 550069.0, 1387105.0 ], [ 550055.0, 1387112.0 ], [ 550027.0, 1387105.0 ], [ 550005.0, 1387107.0 ], [ 549995.0, 1387118.0 ], [ 549985.0, 1387120.0 ], [ 549975.0, 1387135.0 ], [ 549962.0, 1387149.0 ], [ 549960.0, 1387165.0 ], [ 549950.0, 1387167.0 ], [ 549944.0, 1387173.0 ], [ 549931.0, 1387177.0 ], [ 549930.0, 1387202.0 ], [ 549921.0, 1387209.0 ], [ 549915.0, 1387221.0 ], [ 549913.0, 1387263.0 ], [ 549907.0, 1387274.0 ], [ 549893.0, 1387276.0 ], [ 549888.0, 1387285.0 ], [ 549885.0, 1387316.0 ], [ 550073.6, 1387316.0 ] ] ] ] } },
{ "type": "Feature", "properties": { "Stt": 50.0, "Malo_cty": "5.15TK.N1.09.039", "Ten_lo": "P 10 - KV 2", "Dien_tich": "24.4", "Ma_cay": "CAO_SU", "Nam_trong": "2009", "QGIA": "Cambodia", "TINH": "Kampong Thom", "HUYEN": "Santuk", "XA": "Kraya", "Ten_NT": "NT 1", "To": 2.0, "Giong": "RRIV 3" }, "geometry": { "type": "MultiPolygon", "coordinates": [ [ [ [ 549081.0, 1387815.0 ], [ 549172.61, 1387815.0 ], [ 549217.68, 1387815.0 ], [ 549573.55, 1387815.0 ], [ 549573.5, 1387323.99 ], [ 549081.0, 1387323.99 ], [ 549081.0, 1387815.0 ] ] ] ] } },
{ "type": "Feature", "properties": { "Stt": 45.0, "Malo_cty": "5.15TK.N1.09.033", "Ten_lo": "O 11 - KV 2", "Dien_tich": "19.5", "Ma_cay": "CAO_SU", "Nam_trong": "2009", "QGIA": "Cambodia", "TINH": "Kampong Thom", "HUYEN": "Santuk", "XA": "Kraya", "Ten_NT": "NT 1", "To": 2.0, "Giong": "RRIV 4" }, "geometry": { "type": "MultiPolygon", "coordinates": [ [ [ [ 548671.0, 1387316.0 ], [ 549073.0, 1387316.0 ], [ 549073.0, 1387251.15 ], [ 549073.0, 1387168.61 ], [ 549073.0, 1386855.41 ], [ 549073.0, 1386826.8 ], [ 549072.0, 1386827.0 ], [ 549059.0, 1386829.0 ], [ 549036.0, 1386824.0 ], [ 548990.0, 1386838.0 ], [ 548888.0, 1386833.0 ], [ 548776.0, 1386811.0 ], [ 548694.0, 1386763.0 ], [ 548684.0, 1386769.0 ], [ 548685.0, 1386926.0 ], [ 548670.0, 1386956.0 ], [ 548671.0, 1387316.0 ] ] ] ] } },
{ "type": "Feature", "properties": { "Stt": 446.0, "Malo_cty": "Song, suoi, trung", "Ten_lo": null, "Dien_tich": null, "Ma_cay": "CAO_SU", "Nam_trong": null, "QGIA": "Cambodia", "TINH": "Kampong Thom", "HUYEN": "Santuk", "XA": "Kraya", "Ten_NT": null, "To": 0.0, "Giong": null }, "geometry": { "type": "MultiPolygon", "coordinates": [ [ [ [ 548452.0, 1387323.99 ], [ 548452.0, 1387324.0 ], [ 548452.0, 1387427.0 ], [ 548460.0, 1387427.0 ], [ 548459.0, 1387528.0 ], [ 548467.0, 1387543.0 ], [ 548477.0, 1387557.0 ], [ 548509.0, 1387556.0 ], [ 548511.0, 1387582.0 ], [ 548554.0, 1387631.0 ], [ 548573.0, 1387631.0 ], [ 548573.55, 1387633.14 ], [ 548573.55, 1387666.81 ], [ 548573.54, 1387666.81 ], [ 548581.54, 1387666.99 ], [ 548581.55, 1387731.59 ], [ 548581.55, 1387731.6 ], [ 548581.55, 1387665.18 ], [ 548582.0, 1387667.0 ], [ 548611.0, 1387663.0 ], [ 548615.0, 1387658.0 ], [ 548640.0, 1387657.0 ], [ 548640.0, 1387609.0 ], [ 548657.0, 1387598.0 ], [ 548657.0, 1387515.0 ], [ 548669.0, 1387501.0 ], [ 548671.0, 1387455.0 ], [ 548677.0, 1387436.0 ], [ 548673.0, 1387361.0 ], [ 548673.0, 1387324.0 ], [ 548671.0, 1387316.0 ], [ 548670.0, 1386956.0 ], [ 548685.0, 1386926.0 ], [ 548684.0, 1386769.0 ], [ 548694.0, 1386763.0 ], [ 548478.0, 1386825.0 ], [ 548483.0, 1386839.0 ], [ 548486.0, 1386882.0 ], [ 548514.0, 1386922.0 ], [ 548513.0, 1386933.0 ], [ 548553.0, 1386938.0 ], [ 548561.0, 1387021.0 ], [ 548569.0, 1387024.0 ], [ 548573.0, 1387060.0 ], [ 548573.0, 1387172.0 ], [ 548540.0, 1387173.0 ], [ 548526.0, 1387188.0 ], [ 548522.0, 1387219.0 ], [ 548476.0, 1387228.0 ], [ 548475.0, 1387272.0 ], [ 548471.0, 1387304.0 ], [ 548460.0, 1387316.0 ], [ 548459.61, 1387316.0 ], [ 548452.01, 1387323.99 ], [ 548452.0, 1387323.99 ] ] ] ] } },
{ "type": "Feature", "properties": { "Stt": 44.0, "Malo_cty": "5.15TK.N1.09.032", "Ten_lo": "O 10 - KV 2", "Dien_tich": "21.2", "Ma_cay": "CAO_SU", "Nam_trong": "2009", "QGIA": "Cambodia", "TINH": "Kampong Thom", "HUYEN": "Santuk", "XA": "Kraya", "Ten_NT": "NT 1", "To": 2.0, "Giong": "PB 255" }, "geometry": { "type": "MultiPolygon", "coordinates": [ [ [ [ 548581.55, 1387665.18 ], [ 548581.49, 1387765.09 ], [ 548682.48, 1387765.09 ], [ 548682.48, 1387815.01 ], [ 549073.0, 1387815.0 ], [ 549073.0, 1387323.99 ], [ 548673.0, 1387323.99 ], [ 548671.0, 1387316.0 ], [ 548673.0, 1387324.0 ], [ 548673.0, 1387361.0 ], [ 548677.0, 1387436.0 ], [ 548671.0, 1387455.0 ], [ 548669.0, 1387501.0 ], [ 548657.0, 1387515.0 ], [ 548657.0, 1387598.0 ], [ 548640.0, 1387609.0 ], [ 548640.0, 1387657.0 ], [ 548615.0, 1387658.0 ], [ 548611.0, 1387663.0 ], [ 548582.0, 1387667.0 ], [ 548581.55, 1387665.18 ] ] ] ] } },
{ "type": "Feature", "properties": { "Stt": 427.0, "Malo_cty": "Nha doi", "Ten_lo": null, "Dien_tich": "0.5", "Ma_cay": "CAO_SU", "Nam_trong": null, "QGIA": "Cambodia", "TINH": "Kampong Thom", "HUYEN": "Santuk", "XA": "Kraya", "Ten_NT": null, "To": 0.0, "Giong": null }, "geometry": { "type": "MultiPolygon", "coordinates": [ [ [ [ 548682.52, 1387815.0 ], [ 548682.52, 1387765.0 ], [ 548581.52, 1387765.0 ], [ 548581.52, 1387815.0 ], [ 548682.52, 1387815.0 ] ] ] ] } },
{ "type": "Feature", "properties": { "Stt": 37.0, "Malo_cty": "5.15TK.N1.09.024", "Ten_lo": "N 10.1 - KV 2", "Dien_tich": "11.3", "Ma_cay": "CAO_SU", "Nam_trong": "2009", "QGIA": "Cambodia", "TINH": "Kampong Thom", "HUYEN": "Santuk", "XA": "Kraya", "Ten_NT": "NT 1", "To": 2.0, "Giong": "RRIV 4" }, "geometry": { "type": "MultiPolygon", "coordinates": [ [ [ [ 548287.54, 1387323.99 ], [ 548288.0, 1387815.0 ], [ 548573.56, 1387815.0 ], [ 548573.54, 1387666.81 ], [ 548573.55, 1387666.81 ], [ 548573.55, 1387633.14 ], [ 548573.0, 1387631.0 ], [ 548554.0, 1387631.0 ], [ 548511.0, 1387582.0 ], [ 548509.0, 1387556.0 ], [ 548477.0, 1387557.0 ], [ 548467.0, 1387543.0 ], [ 548459.0, 1387528.0 ], [ 548460.0, 1387427.0 ], [ 548452.0, 1387427.0 ], [ 548452.0, 1387324.0 ], [ 548452.0, 1387323.99 ], [ 548287.54, 1387323.99 ] ] ] ] } },
{ "type": "Feature", "properties": { "Stt": 39.0, "Malo_cty": "5.15TK.N1.09.026", "Ten_lo": "N 11 - KV 2", "Dien_tich": "19.1", "Ma_cay": "CAO_SU", "Nam_trong": "2009", "QGIA": "Cambodia", "TINH": "Kampong Thom", "HUYEN": "Santuk", "XA": "Kraya", "Ten_NT": "NT 1", "To": 2.0, "Giong": "RRIV 4" }, "geometry": { "type": "MultiPolygon", "coordinates": [ [ [ [ 548084.49, 1387316.0 ], [ 548084.49, 1387316.0 ], [ 548157.67, 1387316.0 ], [ 548450.26, 1387316.0 ], [ 548460.0, 1387316.0 ], [ 548471.0, 1387304.0 ], [ 548475.0, 1387272.0 ], [ 548476.0, 1387228.0 ], [ 548522.0, 1387219.0 ], [ 548526.0, 1387188.0 ], [ 548540.0, 1387173.0 ], [ 548573.0, 1387172.0 ], [ 548573.0, 1387060.0 ], [ 548569.0, 1387024.0 ], [ 548561.0, 1387021.0 ], [ 548553.0, 1386938.0 ], [ 548513.0, 1386933.0 ], [ 548514.0, 1386922.0 ], [ 548486.0, 1386882.0 ], [ 548483.0, 1386839.0 ], [ 548478.0, 1386825.0 ], [ 548426.0, 1386820.0 ], [ 548345.0, 1386826.0 ], [ 548345.0, 1386835.0 ], [ 548321.0, 1386840.0 ], [ 548321.0, 1386873.0 ], [ 548302.0, 1386885.0 ], [ 548292.0, 1386911.0 ], [ 548271.0, 1386921.0 ], [ 548252.0, 1386936.0 ], [ 548234.0, 1386933.0 ], [ 548223.0, 1386943.0 ], [ 548192.0, 1386945.0 ], [ 548173.0, 1386957.0 ], [ 548152.0, 1386958.0 ], [ 548144.0, 1386951.0 ], [ 548137.0, 1386952.0 ], [ 548125.0, 1386979.0 ], [ 548099.0, 1386978.0 ], [ 548100.0, 1387022.0 ], [ 548097.0, 1387028.0 ], [ 548089.0, 1387026.0 ], [ 548089.0, 1387075.77 ], [ 548084.51, 1387075.83 ], [ 548084.49, 1387316.0 ] ] ] ] } },
{ "type": "Feature", "properties": { "Stt": 435.0, "Malo_cty": "Chua su dung", "Ten_lo": null, "Dien_tich": "2.1", "Ma_cay": "CAO_SU", "Nam_trong": null, "QGIA": "Cambodia", "TINH": "Kampong Thom", "HUYEN": "Santuk", "XA": "Kraya", "Ten_NT": null, "To": 0.0, "Giong": null }, "geometry": { "type": "MultiPolygon", "coordinates": [ [ [ [ 548084.48, 1387386.62 ], [ 548084.46, 1387570.13 ], [ 548206.0, 1387559.0 ], [ 548206.0, 1387392.0 ], [ 548085.0, 1387386.0 ], [ 548084.48, 1387386.62 ] ] ] ] } },
{ "type": "Feature", "properties": { "Stt": 38.0, "Malo_cty": "5.15TK.N1.09.025", "Ten_lo": "N 10.2 - KV 2", "Dien_tich": "7.7", "Ma_cay": "CAO_SU", "Nam_trong": "2009", "QGIA": "Cambodia", "TINH": "Kampong Thom", "HUYEN": "Santuk", "XA": "Kraya", "Ten_NT": "NT 1", "To": 2.0, "Giong": "RRIV 4" }, "geometry": { "type": "MultiPolygon", "coordinates": [ [ [ [ 548288.0, 1387815.0 ], [ 548287.54, 1387323.99 ], [ 548167.02, 1387323.99 ], [ 548084.49, 1387323.99 ], [ 548084.49, 1387323.99 ], [ 548084.48, 1387386.62 ], [ 548085.0, 1387386.0 ], [ 548206.0, 1387392.0 ], [ 548206.0, 1387559.0 ], [ 548084.46, 1387570.13 ], [ 548084.44, 1387815.0 ], [ 548288.0, 1387815.0 ] ] ] ] } },
{ "type": "Feature", "properties": { "Stt": 42.0, "Malo_cty": "5.15TK.N1.08.016", "Ten_lo": "N 8 - KV 2", "Dien_tich": "24.1", "Ma_cay": "CAO_SU", "Nam_trong": "2008", "QGIA": "Cambodia", "TINH": "Kampong Thom", "HUYEN": "Santuk", "XA": "Kraya", "Ten_NT": "NT 1", "To": 2.0, "Giong": "PB 260" }, "geometry": { "type": "MultiPolygon", "coordinates": [ [ [ [ 548084.34, 1388815.0 ], [ 548192.86, 1388815.0 ], [ 548573.65, 1388815.0 ], [ 548573.61, 1388324.0 ], [ 548084.39, 1388324.0 ], [ 548084.39, 1388323.09 ], [ 548084.34, 1388815.0 ] ] ] ] } },
{ "type": "Feature", "properties": { "Stt": 47.0, "Malo_cty": "5.15TK.N1.08.018", "Ten_lo": "O 7 - KV 2", "Dien_tich": "24.26", "Ma_cay": "CAO_SU", "Nam_trong": "2008", "QGIA": "Cambodia", "TINH": "Kampong Thom", "HUYEN": "Santuk", "XA": "Kraya", "Ten_NT": "NT 1", "To": 2.0, "Giong": "PB 260" }, "geometry": { "type": "MultiPolygon", "coordinates": [ [ [ [ 548581.65, 1388825.0 ], [ 548581.7, 1389315.0 ], [ 548733.94, 1389315.0 ], [ 548733.94, 1389316.0 ], [ 549049.0, 1389316.0 ], [ 549049.79, 1389315.05 ], [ 549073.0, 1389287.0 ], [ 549073.0, 1388825.0 ], [ 548581.65, 1388825.0 ] ] ] ] } },
{ "type": "Feature", "properties": { "Stt": 48.0, "Malo_cty": "5.15TK.N1.08.030", "Ten_lo": "O 8 - KV 2", "Dien_tich": "24.35", "Ma_cay": "CAO_SU", "Nam_trong": "2008", "QGIA": "Cambodia", "TINH": "Kampong Thom", "HUYEN": "Santuk", "XA": "Kraya", "Ten_NT": "NT 1", "To": 2.0, "Giong": "RRIV 4" }, "geometry": { "type": "MultiPolygon", "coordinates": [ [ [ [ 548581.65, 1388815.0 ], [ 549072.0, 1388815.0 ], [ 549072.0, 1388324.0 ], [ 548581.6, 1388324.0 ], [ 548581.65, 1388815.0 ] ] ] ] } },
{ "type": "Feature", "properties": { "Stt": 49.0, "Malo_cty": "5.15TK.N1.08.031", "Ten_lo": "O 9 - KV 2", "Dien_tich": "24.35", "Ma_cay": "CAO_SU", "Nam_trong": "2008", "QGIA": "Cambodia", "TINH": "Kampong Thom", "HUYEN": "Santuk", "XA": "Kraya", "Ten_NT": "NT 1", "To": 2.0, "Giong": "PB 260" }, "geometry": { "type": "MultiPolygon", "coordinates": [ [ [ [ 549072.0, 1388316.0 ], [ 549072.0, 1387825.0 ], [ 548581.55, 1387825.0 ], [ 548581.6, 1388316.0 ], [ 549072.0, 1388316.0 ] ] ] ] } },
{ "type": "Feature", "properties": { "Stt": 46.0, "Malo_cty": "5.15TK.N1.08.009", "Ten_lo": "O 6 - KV 2", "Dien_tich": "7.4", "Ma_cay": "CAO_SU", "Nam_trong": "2008", "QGIA": "Cambodia", "TINH": "Kampong Thom", "HUYEN": "Santuk", "XA": "Kraya", "Ten_NT": "NT 1", "To": 2.0, "Giong": "RRIV 2" }, "geometry": { "type": "MultiPolygon", "coordinates": [ [ [ [ 548734.0, 1389324.0 ], [ 548734.0, 1389527.0 ], [ 548581.73, 1389527.0 ], [ 548581.74, 1389688.75 ], [ 548583.0, 1389689.0 ], [ 548631.0, 1389686.0 ], [ 548652.0, 1389678.0 ], [ 548747.0, 1389624.0 ], [ 548763.0, 1389612.0 ], [ 548900.0, 1389545.0 ], [ 548921.0, 1389533.0 ], [ 548932.0, 1389512.0 ], [ 548961.0, 1389471.0 ], [ 548983.0, 1389434.0 ], [ 548986.0, 1389422.0 ], [ 549018.0, 1389377.0 ], [ 549035.0, 1389368.0 ], [ 549041.0, 1389361.0 ], [ 549049.0, 1389340.0 ], [ 549050.0, 1389324.0 ], [ 548734.0, 1389324.0 ] ] ] ] } },
{ "type": "Feature", "properties": { "Stt": 434.0, "Malo_cty": "Chua su dung", "Ten_lo": null, "Dien_tich": "3.1", "Ma_cay": "CAO_SU", "Nam_trong": null, "QGIA": "Cambodia", "TINH": "Kampong Thom", "HUYEN": "Santuk", "XA": "Kraya", "Ten_NT": null, "To": 0.0, "Giong": null }, "geometry": { "type": "MultiPolygon", "coordinates": [ [ [ [ 548581.7, 1389325.0 ], [ 548581.73, 1389527.0 ], [ 548734.0, 1389527.0 ], [ 548734.0, 1389324.0 ], [ 548733.94, 1389324.0 ], [ 548733.94, 1389325.0 ], [ 548581.7, 1389325.0 ] ] ] ] } },
{ "type": "Feature", "properties": { "Stt": 43.0, "Malo_cty": "5.15TK.N1.08.023", "Ten_lo": "N 9 - KV 2", "Dien_tich": "24.19", "Ma_cay": "CAO_SU", "Nam_trong": "2008", "QGIA": "Cambodia", "TINH": "Kampong Thom", "HUYEN": "Santuk", "XA": "Kraya", "Ten_NT": "NT 1", "To": 2.0, "Giong": "PB 260" }, "geometry": { "type": "MultiPolygon", "coordinates": [ [ [ [ 548573.56, 1387825.0 ], [ 548084.44, 1387825.0 ], [ 548084.39, 1388316.0 ], [ 548573.61, 1388316.0 ], [ 548573.56, 1387825.0 ] ] ] ] } },
{ "type": "Feature", "properties": { "Stt": 41.0, "Malo_cty": "5.15TK.N1.08.015", "Ten_lo": "N 7 - KV 2", "Dien_tich": "24.13", "Ma_cay": "CAO_SU", "Nam_trong": "2008", "QGIA": "Cambodia", "TINH": "Kampong Thom", "HUYEN": "Santuk", "XA": "Kraya", "Ten_NT": "NT 1", "To": 2.0, "Giong": "PB 260" }, "geometry": { "type": "MultiPolygon", "coordinates": [ [ [ [ 548084.29, 1389315.0 ], [ 548225.36, 1389315.0 ], [ 548573.7, 1389315.0 ], [ 548573.65, 1388825.0 ], [ 548176.24, 1388825.0 ], [ 548084.34, 1388825.0 ], [ 548084.29, 1389315.0 ] ] ] ] } },
{ "type": "Feature", "properties": { "Stt": 40.0, "Malo_cty": "5.15TK.N1.08.014", "Ten_lo": "N 6 - KV 2", "Dien_tich": "16.32", "Ma_cay": "CAO_SU", "Nam_trong": "2008", "QGIA": "Cambodia", "TINH": "Kampong Thom", "HUYEN": "Santuk", "XA": "Kraya", "Ten_NT": "NT 1", "To": 2.0, "Giong": "PB 260" }, "geometry": { "type": "MultiPolygon", "coordinates": [ [ [ [ 548219.56, 1389325.0 ], [ 548084.29, 1389325.0 ], [ 548084.26, 1389614.03 ], [ 548120.0, 1389618.0 ], [ 548218.0, 1389622.0 ], [ 548254.0, 1389618.0 ], [ 548261.0, 1389624.0 ], [ 548265.0, 1389666.0 ], [ 548348.0, 1389672.0 ], [ 548433.0, 1389675.0 ], [ 548573.0, 1389687.0 ], [ 548573.75, 1389687.15 ], [ 548573.7, 1389325.0 ], [ 548219.56, 1389325.0 ] ] ] ] } },
{ "type": "Feature", "properties": { "Stt": 433.0, "Malo_cty": "Nong truong ST 1", "Ten_lo": null, "Dien_tich": "1.5", "Ma_cay": "CAO_SU", "Nam_trong": null, "QGIA": "Cambodia", "TINH": "Kampong Thom", "HUYEN": "Santuk", "XA": "Kraya", "Ten_NT": null, "To": 0.0, "Giong": null }, "geometry": { "type": "MultiPolygon", "coordinates": [ [ [ [ 548084.26, 1389614.03 ], [ 548083.97, 1389701.76 ], [ 548265.07, 1389700.51 ], [ 548264.44, 1389695.49 ], [ 548265.0, 1389666.0 ], [ 548261.0, 1389624.0 ], [ 548254.0, 1389618.0 ], [ 548218.0, 1389622.0 ], [ 548120.0, 1389618.0 ], [ 548084.26, 1389614.03 ] ] ] ] } },
{ "type": "Feature", "properties": { "Stt": 442.0, "Malo_cty": "Song, suoi, trung", "Ten_lo": null, "Dien_tich": null, "Ma_cay": "CAO_SU", "Nam_trong": null, "QGIA": "Cambodia", "TINH": "Kampong Thom", "HUYEN": "Santuk", "XA": "Kraya", "Ten_NT": null, "To": 0.0, "Giong": null }, "geometry": { "type": "MultiPolygon", "coordinates": [ [ [ [ 548892.04, 1390824.0 ], [ 548842.9, 1390824.0 ], [ 548843.0, 1390825.0 ], [ 548846.91, 1390846.37 ], [ 548856.0, 1390866.0 ], [ 548857.0, 1390895.0 ], [ 548884.0, 1390890.0 ], [ 548884.0, 1390911.0 ], [ 548889.0, 1390911.0 ], [ 548901.0, 1390906.0 ], [ 548900.0, 1390865.0 ], [ 548892.0, 1390860.0 ], [ 548892.04, 1390824.0 ] ] ] ] } },
{ "type": "Feature", "properties": { "Stt": 443.0, "Malo_cty": "Song, suoi, trung", "Ten_lo": null, "Dien_tich": null, "Ma_cay": "CAO_SU", "Nam_trong": null, "QGIA": "Cambodia", "TINH": "Kampong Thom", "HUYEN": "Santuk", "XA": "Kraya", "Ten_NT": null, "To": 0.0, "Giong": null }, "geometry": { "type": "MultiPolygon", "coordinates": [ [ [ [ 548825.3, 1390816.0 ], [ 548942.29, 1390816.0 ], [ 548950.0, 1390810.0 ], [ 548945.19, 1390780.6 ], [ 548952.0, 1390712.0 ], [ 548941.57, 1390653.43 ], [ 548937.92, 1390643.02 ], [ 548828.0, 1390666.0 ], [ 548827.28, 1390667.92 ], [ 548817.0, 1390707.0 ], [ 548827.31, 1390731.07 ], [ 548825.3, 1390816.0 ] ] ] ] } },
{ "type": "Feature", "properties": { "Stt": 17.0, "Malo_cty": "5.15TK.N1.08.035", "Ten_lo": "P 4.2 - KV 1", "Dien_tich": "10.69", "Ma_cay": "CAO_SU", "Nam_trong": "2008", "QGIA": "Cambodia", "TINH": "Kampong Thom", "HUYEN": "Santuk", "XA": "Kraya", "Ten_NT": "NT 1", "To": 1.0, "Giong": "RRIV 4" }, "geometry": { "type": "MultiPolygon", "coordinates": [ [ [ [ 549577.8, 1390341.42 ], [ 549577.8, 1390336.27 ], [ 549573.0, 1390340.0 ], [ 549555.0, 1390341.0 ], [ 549505.0, 1390373.0 ], [ 549441.0, 1390402.0 ], [ 549356.0, 1390449.0 ], [ 549350.0, 1390463.0 ], [ 549312.19, 1390485.12 ], [ 549312.0, 1390816.0 ], [ 549573.85, 1390816.0 ], [ 549573.8, 1390343.62 ], [ 549577.8, 1390341.42 ] ] ] ] } },
{ "type": "Feature", "properties": { "Stt": 15.0, "Malo_cty": "5.15TK.N1.08.034", "Ten_lo": "P 3 - KV 1", "Dien_tich": "24.35", "Ma_cay": "CAO_SU", "Nam_trong": "2008", "QGIA": "Cambodia", "TINH": "Kampong Thom", "HUYEN": "Santuk", "XA": "Kraya", "Ten_NT": "NT 1", "To": 1.0, "Giong": "RRIV 4" }, "geometry": { "type": "MultiPolygon", "coordinates": [ [ [ [ 549081.0, 1391315.0 ], [ 549573.9, 1391315.0 ], [ 549573.85, 1390824.0 ], [ 549081.0, 1390824.0 ], [ 549081.0, 1391315.0 ] ] ] ] } },
{ "type": "Feature", "properties": { "Stt": 426.0, "Malo_cty": "Nha doi", "Ten_lo": null, "Dien_tich": "0.5", "Ma_cay": "CAO_SU", "Nam_trong": null, "QGIA": "Cambodia", "TINH": "Kampong Thom", "HUYEN": "Santuk", "XA": "Kraya", "Ten_NT": null, "To": 0.0, "Giong": null }, "geometry": { "type": "MultiPolygon", "coordinates": [ [ [ [ 548682.93, 1391315.03 ], [ 548682.93, 1391265.03 ], [ 548581.93, 1391265.03 ], [ 548581.93, 1391315.03 ], [ 548682.93, 1391315.03 ] ] ] ] } },
{ "type": "Feature", "properties": { "Stt": 16.0, "Malo_cty": "5.15TK.N1.08.019", "Ten_lo": "P 4.1 - KV 1", "Dien_tich": "6.18", "Ma_cay": "CAO_SU", "Nam_trong": "2008", "QGIA": "Cambodia", "TINH": "Kampong Thom", "HUYEN": "Santuk", "XA": "Kraya", "Ten_NT": "NT 1", "To": 1.0, "Giong": "RRIV 1" }, "geometry": { "type": "MultiPolygon", "coordinates": [ [ [ [ 549081.0, 1390623.61 ], [ 549081.0, 1390816.0 ], [ 549312.0, 1390816.0 ], [ 549312.19, 1390485.12 ], [ 549268.0, 1390511.0 ], [ 549260.0, 1390528.0 ], [ 549233.0, 1390529.0 ], [ 549147.0, 1390577.0 ], [ 549082.0, 1390622.0 ], [ 549081.0, 1390623.61 ] ] ] ] } },
{ "type": "Feature", "properties": { "Stt": 13.0, "Malo_cty": "5.15TK.N1.08.029", "Ten_lo": "O 3 - KV 1", "Dien_tich": "23.87", "Ma_cay": "CAO_SU", "Nam_trong": "2008", "QGIA": "Cambodia", "TINH": "Kampong Thom", "HUYEN": "Santuk", "XA": "Kraya", "Ten_NT": "NT 1", "To": 1.0, "Giong": "RRIV 4" }, "geometry": { "type": "MultiPolygon", "coordinates": [ [ [ [ 548683.0, 1391265.14 ], [ 548683.0, 1391315.0 ], [ 549073.0, 1391315.0 ], [ 549073.0, 1390824.0 ], [ 548892.04, 1390824.0 ], [ 548892.0, 1390860.0 ], [ 548900.0, 1390865.0 ], [ 548901.0, 1390906.0 ], [ 548889.0, 1390911.0 ], [ 548884.0, 1390911.0 ], [ 548884.0, 1390890.0 ], [ 548857.0, 1390895.0 ], [ 548856.0, 1390866.0 ], [ 548846.91, 1390846.37 ], [ 548843.0, 1390825.0 ], [ 548842.9, 1390824.0 ], [ 548581.85, 1390824.0 ], [ 548581.89, 1391265.03 ], [ 548683.0, 1391265.14 ] ] ] ] } },
{ "type": "Feature", "properties": { "Stt": 14.0, "Malo_cty": "5.15TK.N1.08.017", "Ten_lo": "O 4 - KV 1", "Dien_tich": "6.63", "Ma_cay": "CAO_SU", "Nam_trong": "2008", "QGIA": "Cambodia", "TINH": "Kampong Thom", "HUYEN": "Santuk", "XA": "Kraya", "Ten_NT": "NT 1", "To": 1.0, "Giong": "RRIV 1" }, "geometry": { "type": "MultiPolygon", "coordinates": [ [ [ [ 548827.31, 1390731.07 ], [ 548817.0, 1390707.0 ], [ 548827.28, 1390667.92 ], [ 548825.0, 1390674.0 ], [ 548812.0, 1390683.0 ], [ 548791.0, 1390690.0 ], [ 548711.0, 1390682.0 ], [ 548703.0, 1390671.0 ], [ 548689.0, 1390679.0 ], [ 548660.0, 1390668.0 ], [ 548635.0, 1390663.0 ], [ 548620.0, 1390664.0 ], [ 548617.0, 1390670.0 ], [ 548582.0, 1390668.0 ], [ 548581.83, 1390668.02 ], [ 548581.85, 1390816.0 ], [ 548825.3, 1390816.0 ], [ 548827.31, 1390731.07 ] ] ], [ [ [ 549073.0, 1390816.0 ], [ 549073.0, 1390636.4 ], [ 549072.0, 1390638.0 ], [ 549066.0, 1390635.0 ], [ 549030.0, 1390629.0 ], [ 549009.0, 1390631.0 ], [ 548983.0, 1390636.0 ], [ 548956.0, 1390644.0 ], [ 548942.0, 1390652.0 ], [ 548938.0, 1390643.0 ], [ 548937.92, 1390643.02 ], [ 548941.57, 1390653.43 ], [ 548952.0, 1390712.0 ], [ 548945.19, 1390780.6 ], [ 548950.0, 1390810.0 ], [ 548942.29, 1390816.0 ], [ 549073.0, 1390816.0 ] ] ] ] } },
{ "type": "Feature", "properties": { "Stt": 9.0, "Malo_cty": "5.15TK.N1.08.021", "Ten_lo": "N 3 - KV 1", "Dien_tich": "24.24", "Ma_cay": "CAO_SU", "Nam_trong": "2008", "QGIA": "Cambodia", "TINH": "Kampong Thom", "HUYEN": "Santuk", "XA": "Kraya", "Ten_NT": "NT 1", "To": 1.0, "Giong": "PB 260" }, "geometry": { "type": "MultiPolygon", "coordinates": [ [ [ [ 548084.08, 1391315.0 ], [ 548573.9, 1391315.0 ], [ 548573.85, 1390824.0 ], [ 548084.13, 1390824.0 ], [ 548084.08, 1391315.0 ] ] ] ] } },
{ "type": "Feature", "properties": { "Stt": 10.0, "Malo_cty": "5.15TK.N1.08.022", "Ten_lo": "N 4 - KV 1", "Dien_tich": "6.51", "Ma_cay": "CAO_SU", "Nam_trong": "2008", "QGIA": "Cambodia", "TINH": "Kampong Thom", "HUYEN": "Santuk", "XA": "Kraya", "Ten_NT": "NT 1", "To": 1.0, "Giong": "PB 260" }, "geometry": { "type": "MultiPolygon", "coordinates": [ [ [ [ 548573.84, 1390668.91 ], [ 548573.0, 1390669.0 ], [ 548520.0, 1390668.0 ], [ 548520.0, 1390676.0 ], [ 548480.0, 1390667.0 ], [ 548452.0, 1390675.0 ], [ 548434.0, 1390674.0 ], [ 548418.0, 1390686.0 ], [ 548416.0, 1390704.0 ], [ 548397.0, 1390717.0 ], [ 548374.0, 1390716.0 ], [ 548361.0, 1390720.0 ], [ 548335.0, 1390722.0 ], [ 548332.0, 1390708.0 ], [ 548340.0, 1390703.0 ], [ 548358.0, 1390702.0 ], [ 548374.0, 1390700.0 ], [ 548394.0, 1390679.0 ], [ 548395.0, 1390650.0 ], [ 548385.0, 1390646.0 ], [ 548364.0, 1390652.0 ], [ 548301.0, 1390657.0 ], [ 548248.0, 1390669.0 ], [ 548245.0, 1390713.0 ], [ 548209.0, 1390717.0 ], [ 548207.0, 1390695.0 ], [ 548171.0, 1390701.0 ], [ 548084.15, 1390700.0 ], [ 548084.13, 1390816.0 ], [ 548573.85, 1390816.0 ], [ 548573.84, 1390668.91 ] ] ] ] } },
{ "type": "Feature", "properties": { "Stt": 4.0, "Malo_cty": "5.15TK.N1.08.020", "Ten_lo": "M 3 - KV 1", "Dien_tich": "25.8", "Ma_cay": "CAO_SU", "Nam_trong": "2008", "QGIA": "Cambodia", "TINH": "Kampong Thom", "HUYEN": "Santuk", "XA": "Kraya", "Ten_NT": "NT 1", "To": 1.0, "Giong": "PB 260" }, "geometry": { "type": "MultiPolygon", "coordinates": [ [ [ [ 548070.14, 1390724.12 ], [ 548020.0, 1390731.0 ], [ 547876.0, 1390742.0 ], [ 547806.0, 1390739.0 ], [ 547703.0, 1390752.0 ], [ 547571.0, 1390768.0 ], [ 547573.06, 1390816.0 ], [ 547573.4, 1390824.0 ], [ 547574.0, 1390838.0 ], [ 547599.0, 1390893.0 ], [ 547628.0, 1390895.0 ], [ 547643.0, 1390907.0 ], [ 547641.0, 1390915.0 ], [ 547627.0, 1390917.0 ], [ 547627.0, 1390939.0 ], [ 547632.0, 1390947.0 ], [ 547630.0, 1390961.0 ], [ 547624.0, 1390970.0 ], [ 547618.0, 1390992.0 ], [ 547619.0, 1391263.0 ], [ 547604.0, 1391274.0 ], [ 547590.0, 1391295.0 ], [ 547577.0, 1391297.0 ], [ 547576.0, 1391316.0 ], [ 547860.08, 1391316.0 ], [ 548070.08, 1391316.0 ], [ 548070.09, 1391267.15 ], [ 548070.13, 1390824.0 ], [ 548070.13, 1390816.0 ], [ 548070.14, 1390724.12 ] ] ] ] } },
{ "type": "Feature", "properties": { "Stt": 439.0, "Malo_cty": "Song, suoi, trung", "Ten_lo": null, "Dien_tich": null, "Ma_cay": "CAO_SU", "Nam_trong": null, "QGIA": "Cambodia", "TINH": "Kampong Thom", "HUYEN": "Santuk", "XA": "Kraya", "Ten_NT": null, "To": 0.0, "Giong": null }, "geometry": { "type": "MultiPolygon", "coordinates": [ [ [ [ 548359.0, 1392228.0 ], [ 548437.0, 1392257.0 ], [ 548408.0, 1392241.0 ], [ 548367.0, 1392213.0 ], [ 548364.0, 1392204.0 ], [ 548363.0, 1392159.0 ], [ 548351.0, 1392135.0 ], [ 548331.0, 1392119.0 ], [ 548307.0, 1392108.0 ], [ 548294.0, 1392106.0 ], [ 548291.84, 1392107.72 ], [ 548291.82, 1392107.74 ], [ 548292.0, 1392108.0 ], [ 548291.8, 1392107.76 ], [ 548289.0, 1392110.0 ], [ 548293.0, 1392138.0 ], [ 548308.0, 1392153.0 ], [ 548322.0, 1392157.0 ], [ 548331.39, 1392164.01 ], [ 548335.19, 1392180.59 ], [ 548343.0, 1392181.0 ], [ 548349.0, 1392210.0 ], [ 548359.0, 1392228.0 ] ] ] ] } },
{ "type": "Feature", "properties": { "Stt": 8.0, "Malo_cty": "5.15TK.N1.08.008", "Ten_lo": "N 2.3 - KV 1", "Dien_tich": "7.43", "Ma_cay": "CAO_SU", "Nam_trong": "2008", "QGIA": "Cambodia", "TINH": "Kampong Thom", "HUYEN": "Santuk", "XA": "Kraya", "Ten_NT": "NT 1", "To": 1.0, "Giong": "RRIV 4" }, "geometry": { "type": "MultiPolygon", "coordinates": [ [ [ [ 548409.5, 1391325.0 ], [ 548324.35, 1391325.0 ], [ 548084.08, 1391325.0 ], [ 548084.06, 1391574.01 ], [ 548324.0, 1391574.0 ], [ 548324.27, 1391382.0 ], [ 548405.8, 1391382.03 ], [ 548404.0, 1391373.0 ], [ 548403.0, 1391367.0 ], [ 548400.0, 1391359.0 ], [ 548401.0, 1391347.0 ], [ 548407.0, 1391335.0 ], [ 548409.5, 1391325.0 ] ] ], [ [ [ 548573.91, 1391382.09 ], [ 548573.9, 1391325.0 ], [ 548417.5, 1391325.0 ], [ 548418.0, 1391326.0 ], [ 548430.0, 1391333.0 ], [ 548436.0, 1391340.0 ], [ 548434.0, 1391355.0 ], [ 548428.0, 1391360.0 ], [ 548424.0, 1391371.0 ], [ 548423.0, 1391375.0 ], [ 548419.88, 1391382.03 ], [ 548573.91, 1391382.09 ] ] ] ] } },
{ "type": "Feature", "properties": { "Stt": 441.0, "Malo_cty": "Song, suoi, trung", "Ten_lo": null, "Dien_tich": null, "Ma_cay": "CAO_SU", "Nam_trong": null, "QGIA": "Cambodia", "TINH": "Kampong Thom", "HUYEN": "Santuk", "XA": "Kraya", "Ten_NT": null, "To": 0.0, "Giong": null }, "geometry": { "type": "MultiPolygon", "coordinates": [ [ [ [ 548436.0, 1391340.0 ], [ 548430.0, 1391333.0 ], [ 548418.0, 1391326.0 ], [ 548417.5, 1391325.0 ], [ 548409.5, 1391325.0 ], [ 548407.0, 1391335.0 ], [ 548401.0, 1391347.0 ], [ 548400.0, 1391359.0 ], [ 548403.0, 1391367.0 ], [ 548404.0, 1391373.0 ], [ 548405.8, 1391382.03 ], [ 548406.0, 1391383.0 ], [ 548410.0, 1391387.0 ], [ 548414.0, 1391389.0 ], [ 548419.0, 1391384.0 ], [ 548419.88, 1391382.03 ], [ 548423.0, 1391375.0 ], [ 548424.0, 1391371.0 ], [ 548428.0, 1391360.0 ], [ 548434.0, 1391355.0 ], [ 548436.0, 1391340.0 ] ] ] ] } },
{ "type": "Feature", "properties": { "Stt": 5.0, "Malo_cty": "5.15TK.N1.07.005", "Ten_lo": "N 1 - KV 1", "Dien_tich": "17.77", "Ma_cay": "CAO_SU", "Nam_trong": "2007", "QGIA": "Cambodia", "TINH": "Kampong Thom", "HUYEN": "Santuk", "XA": "Kraya", "Ten_NT": "NT 1", "To": 1.0, "Giong": "RRIV 4" }, "geometry": { "type": "MultiPolygon", "coordinates": [ [ [ [ 548574.0, 1392255.76 ], [ 548573.95, 1391824.0 ], [ 548101.69, 1391824.0 ], [ 548084.03, 1391824.0 ], [ 548084.02, 1391868.48 ], [ 548091.0, 1391867.0 ], [ 548104.0, 1391839.0 ], [ 548107.67, 1391834.59 ], [ 548109.0, 1391833.0 ], [ 548115.0, 1391840.0 ], [ 548133.0, 1391849.0 ], [ 548145.0, 1391863.0 ], [ 548148.0, 1391872.0 ], [ 548137.0, 1391882.0 ], [ 548142.0, 1391890.0 ], [ 548139.82, 1391891.45 ], [ 548139.0, 1391892.0 ], [ 548124.0, 1391881.0 ], [ 548089.0, 1391885.0 ], [ 548084.02, 1391886.13 ], [ 548084.0, 1392151.0 ], [ 548083.55, 1392152.7 ], [ 548083.0, 1392152.55 ], [ 548083.0, 1392158.0 ], [ 548127.0, 1392157.0 ], [ 548156.0, 1392159.0 ], [ 548204.0, 1392185.0 ], [ 548231.0, 1392192.0 ], [ 548325.0, 1392228.0 ], [ 548359.0, 1392228.0 ], [ 548349.0, 1392210.0 ], [ 548343.0, 1392181.0 ], [ 548335.19, 1392180.59 ], [ 548331.39, 1392164.01 ], [ 548322.0, 1392157.0 ], [ 548308.0, 1392153.0 ], [ 548293.0, 1392138.0 ], [ 548289.0, 1392110.0 ], [ 548291.8, 1392107.76 ], [ 548292.0, 1392108.0 ], [ 548291.82, 1392107.74 ], [ 548291.84, 1392107.72 ], [ 548294.0, 1392106.0 ], [ 548307.0, 1392108.0 ], [ 548331.0, 1392119.0 ], [ 548351.0, 1392135.0 ], [ 548363.0, 1392159.0 ], [ 548364.0, 1392204.0 ], [ 548367.0, 1392213.0 ], [ 548408.0, 1392241.0 ], [ 548437.0, 1392257.0 ], [ 548460.0, 1392260.0 ], [ 548546.0, 1392261.0 ], [ 548574.0, 1392255.76 ] ] ] ] } },
{ "type": "Feature", "properties": { "Stt": 11.0, "Malo_cty": "5.15TK.N1.08.027", "Ten_lo": "O 1 - KV 1", "Dien_tich": "23.57", "Ma_cay": "CAO_SU", "Nam_trong": "2008", "QGIA": "Cambodia", "TINH": "Kampong Thom", "HUYEN": "Santuk", "XA": "Kraya", "Ten_NT": "NT 1", "To": 1.0, "Giong": "RRIV 4" }, "geometry": { "type": "MultiPolygon", "coordinates": [ [ [ [ 548581.99, 1392218.93 ], [ 548583.0, 1392219.0 ], [ 548602.0, 1392216.0 ], [ 548617.0, 1392210.0 ], [ 548660.0, 1392210.0 ], [ 548660.0, 1392274.0 ], [ 548671.0, 1392282.0 ], [ 548676.0, 1392308.0 ], [ 548703.0, 1392318.0 ], [ 548936.0, 1392315.0 ], [ 549037.0, 1392311.0 ], [ 549071.0, 1392279.0 ], [ 549070.0, 1391824.0 ], [ 548581.95, 1391824.0 ], [ 548581.99, 1392218.93 ] ] ] ] } },
{ "type": "Feature", "properties": { "Stt": 12.0, "Malo_cty": "5.15TK.N1.08.028", "Ten_lo": "O 2 - KV 1", "Dien_tich": "24.03", "Ma_cay": "CAO_SU", "Nam_trong": "2008", "QGIA": "Cambodia", "TINH": "Kampong Thom", "HUYEN": "Santuk", "XA": "Kraya", "Ten_NT": "NT 1", "To": 1.0, "Giong": "RRIV 4" }, "geometry": { "type": "MultiPolygon", "coordinates": [ [ [ [ 549071.0, 1391816.0 ], [ 549070.0, 1391325.0 ], [ 548581.9, 1391325.0 ], [ 548581.95, 1391816.0 ], [ 549071.0, 1391816.0 ] ] ] ] } },
{ "type": "Feature", "properties": { "Stt": 6.0, "Malo_cty": "5.15TK.N1.07.006", "Ten_lo": "N 2.1 - KV 1", "Dien_tich": "11.38", "Ma_cay": "CAO_SU", "Nam_trong": "2007", "QGIA": "Cambodia", "TINH": "Kampong Thom", "HUYEN": "Santuk", "XA": "Kraya", "Ten_NT": "NT 1", "To": 1.0, "Giong": "RRIV 4" }, "geometry": { "type": "MultiPolygon", "coordinates": [ [ [ [ 548306.48, 1391574.0 ], [ 548307.0, 1391816.0 ], [ 548573.95, 1391816.0 ], [ 548573.93, 1391573.99 ], [ 548573.91, 1391382.09 ], [ 548419.88, 1391382.03 ], [ 548419.0, 1391384.0 ], [ 548414.0, 1391389.0 ], [ 548410.0, 1391387.0 ], [ 548406.0, 1391383.0 ], [ 548405.8, 1391382.03 ], [ 548407.48, 1391382.03 ], [ 548324.27, 1391382.0 ], [ 548324.0, 1391574.0 ], [ 548306.48, 1391574.0 ] ] ] ] } },
{ "type": "Feature", "properties": { "Stt": 3.0, "Malo_cty": "5.15TK.N1.08.003", "Ten_lo": "M 2.2 - KV 1", "Dien_tich": "8.59", "Ma_cay": "CAO_SU", "Nam_trong": "2008", "QGIA": "Cambodia", "TINH": "Kampong Thom", "HUYEN": "Santuk", "XA": "Kraya", "Ten_NT": "NT 1", "To": 1.0, "Giong": "RRIV 4" }, "geometry": { "type": "MultiPolygon", "coordinates": [ [ [ [ 548026.0, 1391816.0 ], [ 548070.03, 1391816.0 ], [ 548070.03, 1391823.2 ], [ 548070.08, 1391324.0 ], [ 547863.0, 1391324.0 ], [ 547864.0, 1391514.0 ], [ 547816.0, 1391567.0 ], [ 547796.0, 1391541.0 ], [ 547749.0, 1391554.0 ], [ 547714.0, 1391557.0 ], [ 547715.0, 1391602.0 ], [ 547799.0, 1391600.0 ], [ 547799.0, 1391640.0 ], [ 547818.0, 1391639.0 ], [ 547819.0, 1391596.0 ], [ 547864.0, 1391569.0 ], [ 547924.0, 1391569.0 ], [ 547923.0, 1391718.0 ], [ 548026.0, 1391718.0 ], [ 548026.0, 1391816.0 ] ] ] ] } },
{ "type": "Feature", "properties": { "Stt": 1.0, "Malo_cty": "5.15TK.N1.07.001", "Ten_lo": "M 1 - KV 1", "Dien_tich": "10.05", "Ma_cay": "CAO_SU", "Nam_trong": "2007", "QGIA": "Cambodia", "TINH": "Kampong Thom", "HUYEN": "Santuk", "XA": "Kraya", "Ten_NT": "NT 1", "To": 1.0, "Giong": "RRIV 4" }, "geometry": { "type": "MultiPolygon", "coordinates": [ [ [ [ 548070.01, 1392104.64 ], [ 548070.03, 1391824.0 ], [ 547578.62, 1391824.0 ], [ 547579.0, 1391825.0 ], [ 547571.0, 1391925.0 ], [ 547578.0, 1391926.0 ], [ 547584.0, 1391942.0 ], [ 547604.0, 1391959.0 ], [ 547618.0, 1391963.0 ], [ 547635.0, 1391962.0 ], [ 547677.0, 1391980.0 ], [ 547709.0, 1392004.0 ], [ 547806.0, 1392047.0 ], [ 547847.0, 1392061.0 ], [ 547889.0, 1392069.0 ], [ 547909.0, 1392061.0 ], [ 548000.0, 1392092.0 ], [ 548070.01, 1392104.64 ] ] ] ] } },
{ "type": "Feature", "properties": { "Stt": 440.0, "Malo_cty": "Song, suoi, trung", "Ten_lo": null, "Dien_tich": null, "Ma_cay": "CAO_SU", "Nam_trong": null, "QGIA": "Cambodia", "TINH": "Kampong Thom", "HUYEN": "Santuk", "XA": "Kraya", "Ten_NT": null, "To": 0.0, "Giong": null }, "geometry": { "type": "MultiPolygon", "coordinates": [ [ [ [ 548148.0, 1391872.0 ], [ 548145.0, 1391863.0 ], [ 548133.0, 1391849.0 ], [ 548115.0, 1391840.0 ], [ 548109.0, 1391833.0 ], [ 548107.67, 1391834.59 ], [ 548104.0, 1391839.0 ], [ 548091.0, 1391867.0 ], [ 548084.02, 1391868.48 ], [ 548084.02, 1391886.13 ], [ 548089.0, 1391885.0 ], [ 548124.0, 1391881.0 ], [ 548139.0, 1391892.0 ], [ 548139.82, 1391891.45 ], [ 548142.0, 1391890.0 ], [ 548137.0, 1391882.0 ], [ 548148.0, 1391872.0 ] ] ] ] } },
{ "type": "Feature", "properties": { "Stt": 7.0, "Malo_cty": "5.15TK.N1.07.007", "Ten_lo": "N 2.2 - KV 1", "Dien_tich": "5.4", "Ma_cay": "CAO_SU", "Nam_trong": "2007", "QGIA": "Cambodia", "TINH": "Kampong Thom", "HUYEN": "Santuk", "XA": "Kraya", "Ten_NT": "NT 1", "To": 1.0, "Giong": "PB 255" }, "geometry": { "type": "MultiPolygon", "coordinates": [ [ [ [ 548084.03, 1391816.0 ], [ 548307.0, 1391816.0 ], [ 548306.48, 1391574.0 ], [ 548084.06, 1391574.01 ], [ 548084.03, 1391816.0 ] ] ] ] } },
{ "type": "Feature", "properties": { "Stt": 2.0, "Malo_cty": "5.15TK.N1.07.002", "Ten_lo": "M 2.1 - KV 1", "Dien_tich": "15.69", "Ma_cay": "CAO_SU", "Nam_trong": "2007", "QGIA": "Cambodia", "TINH": "Kampong Thom", "HUYEN": "Santuk", "XA": "Kraya", "Ten_NT": "NT 1", "To": 1.0, "Giong": "RRIV 4" }, "geometry": { "type": "MultiPolygon", "coordinates": [ [ [ [ 548026.0, 1391816.0 ], [ 548026.0, 1391718.0 ], [ 547923.0, 1391718.0 ], [ 547924.0, 1391569.0 ], [ 547864.0, 1391569.0 ], [ 547819.0, 1391596.0 ], [ 547818.0, 1391639.0 ], [ 547799.0, 1391640.0 ], [ 547799.0, 1391600.0 ], [ 547715.0, 1391602.0 ], [ 547714.0, 1391557.0 ], [ 547749.0, 1391554.0 ], [ 547796.0, 1391541.0 ], [ 547816.0, 1391567.0 ], [ 547864.0, 1391514.0 ], [ 547863.0, 1391324.0 ], [ 547575.0, 1391324.0 ], [ 547576.0, 1391816.0 ], [ 548026.0, 1391816.0 ] ] ] ] } },
{ "type": "Feature", "properties": { "Stt": 155.0, "Malo_cty": "5.15TK.N2.10.108", "Ten_lo": "M 14.2 - KV 1", "Dien_tich": "2", "Ma_cay": "CAO_SU", "Nam_trong": "2010", "QGIA": "Cambodia", "TINH": "Kampong Thom", "HUYEN": "Santuk", "XA": "Kraya", "Ten_NT": "NT 2", "To": 1.0, "Giong": "PB 260" }, "geometry": { "type": "MultiPolygon", "coordinates": [ [ [ [ 547645.0, 1385512.0 ], [ 547712.0, 1385515.0 ], [ 547855.0, 1385489.0 ], [ 547951.0, 1385452.0 ], [ 548070.67, 1385457.93 ], [ 548070.68, 1385388.1 ], [ 547895.0, 1385445.0 ], [ 547775.0, 1385472.0 ], [ 547645.0, 1385512.0 ] ] ] ] } },
{ "type": "Feature", "properties": { "Stt": 457.0, "Malo_cty": "Song, suoi, trung", "Ten_lo": null, "Dien_tich": null, "Ma_cay": "CAO_SU", "Nam_trong": null, "QGIA": "Cambodia", "TINH": "Kampong Thom", "HUYEN": "Santuk", "XA": "Kraya", "Ten_NT": null, "To": 0.0, "Giong": null }, "geometry": { "type": "MultiPolygon", "coordinates": [ [ [ [ 547730.0, 1386587.0 ], [ 547797.0, 1386583.0 ], [ 547866.0, 1386593.0 ], [ 547866.0, 1386808.0 ], [ 547866.0, 1386808.04 ], [ 547947.98, 1386811.41 ], [ 547948.0, 1386811.0 ], [ 547947.0, 1386762.0 ], [ 547964.0, 1386760.0 ], [ 547981.0, 1386743.0 ], [ 547978.0, 1386722.0 ], [ 547985.0, 1386711.0 ], [ 547985.0, 1386665.0 ], [ 548070.55, 1386665.0 ], [ 548070.55, 1386677.69 ], [ 548070.57, 1386566.0 ], [ 547972.0, 1386566.0 ], [ 547972.0, 1386325.0 ], [ 547922.0, 1386325.0 ], [ 547922.0, 1386359.0 ], [ 547845.0, 1386359.0 ], [ 547841.0, 1386367.0 ], [ 547808.0, 1386373.0 ], [ 547807.0, 1386387.0 ], [ 547744.0, 1386386.0 ], [ 547745.0, 1386470.0 ], [ 547733.0, 1386470.92 ], [ 547733.0, 1386471.0 ], [ 547730.0, 1386587.0 ] ], [ [ 547850.0, 1386405.0 ], [ 547851.0, 1386405.0 ], [ 547860.0, 1386404.0 ], [ 547871.0, 1386404.0 ], [ 547878.0, 1386409.0 ], [ 547879.0, 1386409.0 ], [ 547883.0, 1386413.0 ], [ 547893.0, 1386421.0 ], [ 547897.0, 1386423.0 ], [ 547902.0, 1386426.0 ], [ 547905.0, 1386432.0 ], [ 547908.0, 1386438.0 ], [ 547912.0, 1386449.0 ], [ 547916.0, 1386463.0 ], [ 547916.0, 1386464.0 ], [ 547918.0, 1386468.0 ], [ 547921.0, 1386473.0 ], [ 547926.0, 1386482.0 ], [ 547928.0, 1386488.0 ], [ 547927.0, 1386489.0 ], [ 547926.0, 1386499.0 ], [ 547926.0, 1386509.0 ], [ 547924.0, 1386515.0 ], [ 547923.0, 1386520.0 ], [ 547922.0, 1386527.0 ], [ 547921.0, 1386528.0 ], [ 547919.0, 1386529.0 ], [ 547918.0, 1386530.0 ], [ 547915.0, 1386533.0 ], [ 547914.0, 1386539.0 ], [ 547911.0, 1386543.0 ], [ 547909.0, 1386546.0 ], [ 547908.0, 1386546.0 ], [ 547905.0, 1386553.0 ], [ 547906.0, 1386560.0 ], [ 547908.0, 1386562.0 ], [ 547908.0, 1386565.0 ], [ 547908.0, 1386566.0 ], [ 547907.0, 1386572.0 ], [ 547906.0, 1386578.0 ], [ 547903.0, 1386582.0 ], [ 547901.0, 1386582.0 ], [ 547884.0, 1386583.0 ], [ 547872.0, 1386578.0 ], [ 547867.0, 1386576.0 ], [ 547864.0, 1386574.0 ], [ 547862.0, 1386571.0 ], [ 547859.0, 1386571.0 ], [ 547851.0, 1386570.0 ], [ 547845.0, 1386571.0 ], [ 547841.0, 1386572.0 ], [ 547833.0, 1386569.0 ], [ 547828.0, 1386562.0 ], [ 547820.0, 1386554.0 ], [ 547816.0, 1386552.0 ], [ 547813.0, 1386548.0 ], [ 547805.0, 1386540.0 ], [ 547795.0, 1386517.0 ], [ 547795.0, 1386504.0 ], [ 547793.0, 1386487.0 ], [ 547794.0, 1386468.0 ], [ 547797.0, 1386452.0 ], [ 547798.0, 1386439.0 ], [ 547800.0, 1386432.0 ], [ 547803.0, 1386430.0 ], [ 547804.0, 1386429.0 ], [ 547806.0, 1386429.0 ], [ 547807.0, 1386428.0 ], [ 547808.0, 1386427.0 ], [ 547810.0, 1386425.0 ], [ 547811.0, 1386425.0 ], [ 547811.0, 1386424.0 ], [ 547817.0, 1386421.0 ], [ 547821.0, 1386418.0 ], [ 547823.0, 1386415.0 ], [ 547821.0, 1386412.0 ], [ 547822.0, 1386409.0 ], [ 547850.0, 1386405.0 ] ] ] ] } },
{ "type": "Feature", "properties": { "Stt": 509.0, "Malo_cty": "Nha may che bien", "Ten_lo": null, "Dien_tich": null, "Ma_cay": "CAO_SU", "Nam_trong": null, "QGIA": "Cambodia", "TINH": "Kampong Thom", "HUYEN": "Santuk", "XA": "Kraya", "Ten_NT": null, "To": 0.0, "Giong": null }, "geometry": { "type": "MultiPolygon", "coordinates": [ [ [ [ 548085.0, 1385803.0 ], [ 548076.0, 1386468.0 ], [ 548078.0, 1386468.0 ], [ 548078.0, 1386468.0 ], [ 548086.0, 1386467.0 ], [ 548097.0, 1386467.0 ], [ 548102.0, 1386469.0 ], [ 548114.0, 1386469.0 ], [ 548128.0, 1386467.0 ], [ 548140.0, 1386467.0 ], [ 548147.0, 1386467.0 ], [ 548147.0, 1386467.0 ], [ 548149.0, 1386466.0 ], [ 548163.0, 1386468.0 ], [ 548173.0, 1386467.0 ], [ 548180.0, 1386468.0 ], [ 548189.0, 1386468.0 ], [ 548216.0, 1386468.0 ], [ 548237.0, 1386468.0 ], [ 548262.0, 1386469.0 ], [ 548285.0, 1386470.0 ], [ 548294.0, 1386473.0 ], [ 548299.0, 1386475.0 ], [ 548307.0, 1386475.0 ], [ 548308.0, 1386475.0 ], [ 548329.0, 1386478.0 ], [ 548331.0, 1386478.0 ], [ 548335.0, 1386481.0 ], [ 548340.0, 1386482.0 ], [ 548350.0, 1386485.0 ], [ 548367.0, 1386482.0 ], [ 548379.0, 1386483.0 ], [ 548389.0, 1386482.0 ], [ 548392.0, 1386482.0 ], [ 548396.0, 1386481.0 ], [ 548402.0, 1386479.0 ], [ 548403.0, 1386478.0 ], [ 548407.0, 1386477.0 ], [ 548408.0, 1386476.0 ], [ 548413.0, 1386472.0 ], [ 548412.0, 1386466.0 ], [ 548409.0, 1386455.0 ], [ 548406.0, 1386446.0 ], [ 548406.0, 1386428.0 ], [ 548407.0, 1386408.0 ], [ 548407.0, 1386407.0 ], [ 548406.0, 1386395.0 ], [ 548409.0, 1386391.0 ], [ 548413.0, 1386389.0 ], [ 548417.52, 1386387.5 ], [ 548386.0, 1386255.0 ], [ 548416.0, 1386103.0 ], [ 548192.0, 1385879.0 ], [ 548163.57, 1385809.87 ], [ 548159.0, 1385810.0 ], [ 548155.0, 1385808.0 ], [ 548151.0, 1385808.0 ], [ 548135.0, 1385806.0 ], [ 548117.0, 1385806.0 ], [ 548089.0, 1385804.0 ], [ 548085.0, 1385804.0 ], [ 548085.0, 1385803.0 ] ] ] ] } },
{ "type": "Feature", "properties": { "Stt": 150.0, "Malo_cty": "5.15TK.N2.09.075", "Ten_lo": "M 12.1 - KV 1", "Dien_tich": "14", "Ma_cay": "CAO_SU", "Nam_trong": "2009", "QGIA": "Cambodia", "TINH": "Kampong Thom", "HUYEN": "Santuk", "XA": "Kraya", "Ten_NT": "NT 2", "To": 1.0, "Giong": "PB 260" }, "geometry": { "type": "MultiPolygon", "coordinates": [ [ [ [ 547866.0, 1386808.04 ], [ 547866.0, 1386808.0 ], [ 547866.0, 1386593.0 ], [ 547797.0, 1386583.0 ], [ 547730.0, 1386587.0 ], [ 547733.0, 1386471.0 ], [ 547733.0, 1386470.92 ], [ 547732.01, 1386325.0 ], [ 547581.0, 1386325.0 ], [ 547581.0, 1386796.34 ], [ 547866.0, 1386808.04 ] ] ], [ [ [ 548070.59, 1386325.0 ], [ 547972.0, 1386325.0 ], [ 547972.0, 1386566.0 ], [ 548070.57, 1386566.0 ], [ 548070.59, 1386325.0 ] ] ], [ [ [ 548070.55, 1386665.0 ], [ 547985.0, 1386665.0 ], [ 547985.0, 1386711.0 ], [ 547978.0, 1386722.0 ], [ 547981.0, 1386743.0 ], [ 547964.0, 1386760.0 ], [ 547947.0, 1386762.0 ], [ 547948.0, 1386811.0 ], [ 547947.98, 1386811.41 ], [ 548070.53, 1386816.44 ], [ 548070.55, 1386665.0 ] ] ] ] } },
{ "type": "Feature", "properties": { "Stt": 458.0, "Malo_cty": "Song, suoi, trung", "Ten_lo": null, "Dien_tich": null, "Ma_cay": "CAO_SU", "Nam_trong": null, "QGIA": "Cambodia", "TINH": "Kampong Thom", "HUYEN": "Santuk", "XA": "Kraya", "Ten_NT": null, "To": 0.0, "Giong": null }, "geometry": { "type": "MultiPolygon", "coordinates": [ [ [ [ 547793.0, 1386487.0 ], [ 547795.0, 1386504.0 ], [ 547795.0, 1386517.0 ], [ 547805.0, 1386540.0 ], [ 547813.0, 1386548.0 ], [ 547816.0, 1386552.0 ], [ 547820.0, 1386554.0 ], [ 547828.0, 1386562.0 ], [ 547833.0, 1386569.0 ], [ 547841.0, 1386572.0 ], [ 547845.0, 1386571.0 ], [ 547851.0, 1386570.0 ], [ 547859.0, 1386571.0 ], [ 547862.0, 1386571.0 ], [ 547864.0, 1386574.0 ], [ 547867.0, 1386576.0 ], [ 547872.0, 1386578.0 ], [ 547884.0, 1386583.0 ], [ 547901.0, 1386582.0 ], [ 547903.0, 1386582.0 ], [ 547906.0, 1386578.0 ], [ 547907.0, 1386572.0 ], [ 547908.0, 1386566.0 ], [ 547908.0, 1386565.0 ], [ 547908.0, 1386562.0 ], [ 547906.0, 1386560.0 ], [ 547905.0, 1386553.0 ], [ 547908.0, 1386546.0 ], [ 547909.0, 1386546.0 ], [ 547911.0, 1386543.0 ], [ 547914.0, 1386539.0 ], [ 547915.0, 1386533.0 ], [ 547918.0, 1386530.0 ], [ 547919.0, 1386529.0 ], [ 547921.0, 1386528.0 ], [ 547922.0, 1386527.0 ], [ 547923.0, 1386520.0 ], [ 547924.0, 1386515.0 ], [ 547926.0, 1386509.0 ], [ 547926.0, 1386499.0 ], [ 547927.0, 1386489.0 ], [ 547928.0, 1386488.0 ], [ 547926.0, 1386482.0 ], [ 547921.0, 1386473.0 ], [ 547918.0, 1386468.0 ], [ 547916.0, 1386464.0 ], [ 547916.0, 1386463.0 ], [ 547912.0, 1386449.0 ], [ 547908.0, 1386438.0 ], [ 547905.0, 1386432.0 ], [ 547902.0, 1386426.0 ], [ 547897.0, 1386423.0 ], [ 547893.0, 1386421.0 ], [ 547883.0, 1386413.0 ], [ 547879.0, 1386409.0 ], [ 547878.0, 1386409.0 ], [ 547871.0, 1386404.0 ], [ 547860.0, 1386404.0 ], [ 547851.0, 1386405.0 ], [ 547850.0, 1386405.0 ], [ 547822.0, 1386409.0 ], [ 547821.0, 1386412.0 ], [ 547823.0, 1386415.0 ], [ 547821.0, 1386418.0 ], [ 547817.0, 1386421.0 ], [ 547811.0, 1386424.0 ], [ 547811.0, 1386425.0 ], [ 547810.0, 1386425.0 ], [ 547808.0, 1386427.0 ], [ 547807.0, 1386428.0 ], [ 547806.0, 1386429.0 ], [ 547804.0, 1386429.0 ], [ 547803.0, 1386430.0 ], [ 547800.0, 1386432.0 ], [ 547798.0, 1386439.0 ], [ 547797.0, 1386452.0 ], [ 547794.0, 1386468.0 ], [ 547793.0, 1386487.0 ] ] ] ] } },
{ "type": "Feature", "properties": { "Stt": 459.0, "Malo_cty": "Song, suoi, trung", "Ten_lo": null, "Dien_tich": null, "Ma_cay": "CAO_SU", "Nam_trong": null, "QGIA": "Cambodia", "TINH": "Kampong Thom", "HUYEN": "Santuk", "XA": "Kraya", "Ten_NT": null, "To": 0.0, "Giong": null }, "geometry": { "type": "MultiPolygon", "coordinates": [ [ [ [ 548018.0, 1385885.0 ], [ 547995.0, 1385882.0 ], [ 547979.0, 1385892.0 ], [ 547989.0, 1385918.0 ], [ 548013.0, 1385921.0 ], [ 548018.0, 1385885.0 ] ] ] ] } },
{ "type": "Feature", "properties": { "Stt": 151.0, "Malo_cty": "5.15TK.N2.11.106", "Ten_lo": "M 12.2 - KV 1", "Dien_tich": "1", "Ma_cay": "CAO_SU", "Nam_trong": "2011", "QGIA": "Cambodia", "TINH": "Kampong Thom", "HUYEN": "Santuk", "XA": "Kraya", "Ten_NT": "NT 2", "To": 1.0, "Giong": "PB 260" }, "geometry": { "type": "MultiPolygon", "coordinates": [ [ [ [ 547732.01, 1386325.0 ], [ 547733.0, 1386470.92 ], [ 547745.0, 1386470.0 ], [ 547744.0, 1386386.0 ], [ 547807.0, 1386387.0 ], [ 547808.0, 1386373.0 ], [ 547841.0, 1386367.0 ], [ 547845.0, 1386359.0 ], [ 547922.0, 1386359.0 ], [ 547922.0, 1386325.0 ], [ 547732.01, 1386325.0 ] ] ] ] } },
{ "type": "Feature", "properties": { "Stt": 152.0, "Malo_cty": "5.15TK.N2.09.076", "Ten_lo": "M 13.1 - KV 1", "Dien_tich": "15.8", "Ma_cay": "CAO_SU", "Nam_trong": "2009", "QGIA": "Cambodia", "TINH": "Kampong Thom", "HUYEN": "Santuk", "XA": "Kraya", "Ten_NT": "NT 2", "To": 1.0, "Giong": "PB 260" }, "geometry": { "type": "MultiPolygon", "coordinates": [ [ [ [ 547581.0, 1386315.0 ], [ 548070.59, 1386315.0 ], [ 548070.59, 1386276.03 ], [ 548030.0, 1386277.0 ], [ 548030.0, 1386267.0 ], [ 548015.0, 1386267.0 ], [ 547978.0, 1386257.0 ], [ 547965.0, 1386230.0 ], [ 547913.0, 1386212.0 ], [ 547914.0, 1386125.0 ], [ 547864.0, 1386125.0 ], [ 547865.0, 1386070.0 ], [ 547836.0, 1386070.0 ], [ 547836.0, 1386030.0 ], [ 547860.0, 1386031.0 ], [ 547860.0, 1385824.0 ], [ 547581.0, 1385824.0 ], [ 547581.0, 1386315.0 ] ] ] ] } },
{ "type": "Feature", "properties": { "Stt": 154.0, "Malo_cty": "5.15TK.N2.09.077", "Ten_lo": "M 14.1 - KV 1", "Dien_tich": "15", "Ma_cay": "CAO_SU", "Nam_trong": "2009", "QGIA": "Cambodia", "TINH": "Kampong Thom", "HUYEN": "Santuk", "XA": "Kraya", "Ten_NT": "NT 2", "To": 1.0, "Giong": "PB 260" }, "geometry": { "type": "MultiPolygon", "coordinates": [ [ [ [ 548070.67, 1385457.93 ], [ 547951.0, 1385452.0 ], [ 547855.0, 1385489.0 ], [ 547712.0, 1385515.0 ], [ 547645.0, 1385512.0 ], [ 547582.0, 1385528.0 ], [ 547581.0, 1385528.0 ], [ 547581.0, 1385574.29 ], [ 547581.0, 1385725.84 ], [ 547581.0, 1385798.3 ], [ 547581.0, 1385816.0 ], [ 548070.64, 1385816.0 ], [ 548070.64, 1385798.3 ], [ 548070.65, 1385758.04 ], [ 548070.64, 1385749.96 ], [ 548070.67, 1385457.93 ] ] ] ] } },
{ "type": "Feature", "properties": { "Stt": 153.0, "Malo_cty": "5.15TK.N2.10.107", "Ten_lo": "M 13.2 - KV 1", "Dien_tich": "8.5", "Ma_cay": "CAO_SU", "Nam_trong": "2010", "QGIA": "Cambodia", "TINH": "Kampong Thom", "HUYEN": "Santuk", "XA": "Kraya", "Ten_NT": "NT 2", "To": 1.0, "Giong": "PB 260" }, "geometry": { "type": "MultiPolygon", "coordinates": [ [ [ [ 548070.64, 1385824.0 ], [ 547869.0, 1385824.0 ], [ 547860.0, 1385824.07 ], [ 547860.0, 1385831.79 ], [ 547860.0, 1386031.0 ], [ 547836.0, 1386030.0 ], [ 547836.0, 1386070.0 ], [ 547865.0, 1386070.0 ], [ 547864.0, 1386125.0 ], [ 547914.0, 1386125.0 ], [ 547913.0, 1386212.0 ], [ 547965.0, 1386230.0 ], [ 547978.0, 1386257.0 ], [ 548015.0, 1386267.0 ], [ 548030.0, 1386267.0 ], [ 548030.0, 1386277.0 ], [ 548070.59, 1386276.03 ], [ 548070.59, 1386286.75 ], [ 548070.64, 1385824.0 ] ], [ [ 548018.0, 1385885.0 ], [ 548013.0, 1385921.0 ], [ 547989.0, 1385918.0 ], [ 547979.0, 1385892.0 ], [ 547995.0, 1385882.0 ], [ 548018.0, 1385885.0 ] ] ] ] } },
{ "type": "Feature", "properties": { "Stt": 506.0, "Malo_cty": "Van phong Cty", "Ten_lo": null, "Dien_tich": null, "Ma_cay": "CAO_SU", "Nam_trong": null, "QGIA": "Cambodia", "TINH": "Kampong Thom", "HUYEN": "Santuk", "XA": "Kraya", "Ten_NT": null, "To": 0.0, "Giong": null }, "geometry": { "type": "MultiPolygon", "coordinates": [ [ [ [ 547845.51, 1387611.18 ], [ 548070.45, 1387611.01 ], [ 548070.49, 1387324.99 ], [ 547925.53, 1387324.99 ], [ 547845.62, 1387324.99 ], [ 547845.51, 1387611.18 ] ] ] ] } },
{ "type": "Feature", "properties": { "Stt": 456.0, "Malo_cty": "Song, suoi, trung", "Ten_lo": null, "Dien_tich": null, "Ma_cay": "CAO_SU", "Nam_trong": null, "QGIA": "Cambodia", "TINH": "Kampong Thom", "HUYEN": "Santuk", "XA": "Kraya", "Ten_NT": null, "To": 0.0, "Giong": null }, "geometry": { "type": "MultiPolygon", "coordinates": [ [ [ [ 548070.53, 1386910.37 ], [ 548061.0, 1386918.0 ], [ 548060.0, 1386932.0 ], [ 548031.0, 1386983.0 ], [ 548019.0, 1387027.0 ], [ 548008.0, 1387054.0 ], [ 547981.0, 1387069.0 ], [ 547961.0, 1387086.0 ], [ 547955.0, 1387096.0 ], [ 547943.0, 1387102.0 ], [ 547914.0, 1387108.0 ], [ 547903.0, 1387114.0 ], [ 547886.0, 1387115.0 ], [ 547852.0, 1387105.0 ], [ 547822.0, 1387104.0 ], [ 547807.0, 1387100.0 ], [ 547782.0, 1387088.0 ], [ 547756.0, 1387090.0 ], [ 547733.0, 1387085.0 ], [ 547716.0, 1387090.0 ], [ 547691.0, 1387084.0 ], [ 547688.0, 1387095.0 ], [ 547674.0, 1387108.0 ], [ 547667.0, 1387133.0 ], [ 547667.0, 1387158.0 ], [ 547675.0, 1387177.0 ], [ 547679.0, 1387201.0 ], [ 547684.0, 1387211.0 ], [ 547685.0, 1387248.0 ], [ 547697.0, 1387251.0 ], [ 547714.0, 1387250.0 ], [ 547726.0, 1387247.0 ], [ 547781.0, 1387245.0 ], [ 547786.0, 1387259.0 ], [ 547794.0, 1387260.0 ], [ 547801.0, 1387255.0 ], [ 547806.0, 1387244.0 ], [ 547817.0, 1387244.0 ], [ 547818.0, 1387226.0 ], [ 547821.0, 1387213.0 ], [ 547830.0, 1387203.0 ], [ 547847.0, 1387202.0 ], [ 547866.0, 1387183.0 ], [ 547879.0, 1387172.0 ], [ 547885.0, 1387162.0 ], [ 547897.0, 1387150.0 ], [ 547911.0, 1387148.0 ], [ 547932.0, 1387149.0 ], [ 547957.0, 1387143.0 ], [ 548036.0, 1387143.0 ], [ 548049.0, 1387148.0 ], [ 548060.0, 1387147.0 ], [ 548066.0, 1387128.0 ], [ 548065.0, 1387077.0 ], [ 548070.51, 1387076.08 ], [ 548070.53, 1386910.37 ] ] ] ] } },
{ "type": "Feature", "properties": { "Stt": 36.0, "Malo_cty": "5.15TK.N1.09.057", "Ten_lo": "M 9.2 - KV 2", "Dien_tich": "13.2", "Ma_cay": "CAO_SU", "Nam_trong": "2009", "QGIA": "Cambodia", "TINH": "Kampong Thom", "HUYEN": "Santuk", "XA": "Kraya", "Ten_NT": "NT 1", "To": 2.0, "Giong": "RRIV 4" }, "geometry": { "type": "MultiPolygon", "coordinates": [ [ [ [ 547846.0, 1388316.0 ], [ 547846.73, 1387825.0 ], [ 547581.0, 1387825.0 ], [ 547581.0, 1388316.0 ], [ 547846.0, 1388316.0 ] ] ] ] } },
{ "type": "Feature", "properties": { "Stt": 35.0, "Malo_cty": "5.15TK.N1.08.004", "Ten_lo": "M 9.1 - KV 2", "Dien_tich": "11.09", "Ma_cay": "CAO_SU", "Nam_trong": "2008", "QGIA": "Cambodia", "TINH": "Kampong Thom", "HUYEN": "Santuk", "XA": "Kraya", "Ten_NT": "NT 1", "To": 2.0, "Giong": "RRIV 4" }, "geometry": { "type": "MultiPolygon", "coordinates": [ [ [ [ 547846.0, 1388316.0 ], [ 548070.39, 1388316.0 ], [ 548070.39, 1388322.25 ], [ 548070.44, 1387825.0 ], [ 547846.73, 1387825.0 ], [ 547846.0, 1388316.0 ] ] ] ] } },
{ "type": "Feature", "properties": { "Stt": 505.0, "Malo_cty": "Van phong Cty", "Ten_lo": null, "Dien_tich": null, "Ma_cay": "CAO_SU", "Nam_trong": null, "QGIA": "Cambodia", "TINH": "Kampong Thom", "HUYEN": "Santuk", "XA": "Kraya", "Ten_NT": null, "To": 0.0, "Giong": null }, "geometry": { "type": "MultiPolygon", "coordinates": [ [ [ [ 548070.45, 1387611.01 ], [ 547845.51, 1387611.18 ], [ 547845.44, 1387815.0 ], [ 548070.44, 1387815.0 ], [ 548070.45, 1387611.01 ] ] ] ] } },
{ "type": "Feature", "properties": { "Stt": 507.0, "Malo_cty": "Van phong Cty", "Ten_lo": null, "Dien_tich": null, "Ma_cay": "CAO_SU", "Nam_trong": null, "QGIA": "Cambodia", "TINH": "Kampong Thom", "HUYEN": "Santuk", "XA": "Kraya", "Ten_NT": null, "To": 0.0, "Giong": null }, "geometry": { "type": "MultiPolygon", "coordinates": [ [ [ [ 547845.44, 1387815.0 ], [ 547845.51, 1387611.18 ], [ 547845.62, 1387324.99 ], [ 547761.06, 1387324.99 ], [ 547760.99, 1387815.0 ], [ 547845.44, 1387815.0 ] ] ] ] } },
{ "type": "Feature", "properties": { "Stt": 149.0, "Malo_cty": "5.15TK.N2.09.074", "Ten_lo": "M 11 - KV 1", "Dien_tich": "18", "Ma_cay": "CAO_SU", "Nam_trong": "2009", "QGIA": "Cambodia", "TINH": "Kampong Thom", "HUYEN": "Santuk", "XA": "Kraya", "Ten_NT": "NT 2", "To": 1.0, "Giong": "PB 260" }, "geometry": { "type": "MultiPolygon", "coordinates": [ [ [ [ 547581.0, 1387315.0 ], [ 547925.53, 1387315.0 ], [ 548070.49, 1387315.0 ], [ 548070.51, 1387076.08 ], [ 548065.0, 1387077.0 ], [ 548066.0, 1387128.0 ], [ 548060.0, 1387147.0 ], [ 548049.0, 1387148.0 ], [ 548036.0, 1387143.0 ], [ 547957.0, 1387143.0 ], [ 547932.0, 1387149.0 ], [ 547911.0, 1387148.0 ], [ 547897.0, 1387150.0 ], [ 547885.0, 1387162.0 ], [ 547879.0, 1387172.0 ], [ 547866.0, 1387183.0 ], [ 547847.0, 1387202.0 ], [ 547830.0, 1387203.0 ], [ 547821.0, 1387213.0 ], [ 547818.0, 1387226.0 ], [ 547817.0, 1387244.0 ], [ 547806.0, 1387244.0 ], [ 547801.0, 1387255.0 ], [ 547794.0, 1387260.0 ], [ 547786.0, 1387259.0 ], [ 547781.0, 1387245.0 ], [ 547726.0, 1387247.0 ], [ 547714.0, 1387250.0 ], [ 547697.0, 1387251.0 ], [ 547685.0, 1387248.0 ], [ 547684.0, 1387211.0 ], [ 547679.0, 1387201.0 ], [ 547675.0, 1387177.0 ], [ 547667.0, 1387158.0 ], [ 547667.0, 1387133.0 ], [ 547674.0, 1387108.0 ], [ 547688.0, 1387095.0 ], [ 547691.0, 1387084.0 ], [ 547716.0, 1387090.0 ], [ 547733.0, 1387085.0 ], [ 547756.0, 1387090.0 ], [ 547782.0, 1387088.0 ], [ 547807.0, 1387100.0 ], [ 547822.0, 1387104.0 ], [ 547852.0, 1387105.0 ], [ 547886.0, 1387115.0 ], [ 547903.0, 1387114.0 ], [ 547914.0, 1387108.0 ], [ 547943.0, 1387102.0 ], [ 547955.0, 1387096.0 ], [ 547961.0, 1387086.0 ], [ 547981.0, 1387069.0 ], [ 548008.0, 1387054.0 ], [ 548019.0, 1387027.0 ], [ 548031.0, 1386983.0 ], [ 548060.0, 1386932.0 ], [ 548061.0, 1386918.0 ], [ 548070.53, 1386910.37 ], [ 548070.53, 1386824.45 ], [ 547581.0, 1386804.35 ], [ 547581.0, 1386816.0 ], [ 547581.0, 1386824.0 ], [ 547581.0, 1387315.0 ] ] ] ] } },
{ "type": "Feature", "properties": { "Stt": 32.0, "Malo_cty": "5.15TK.N1.08.011", "Ten_lo": "M 6 - KV 2", "Dien_tich": "12", "Ma_cay": "CAO_SU", "Nam_trong": "2008", "QGIA": "Cambodia", "TINH": "Kampong Thom", "HUYEN": "Santuk", "XA": "Kraya", "Ten_NT": "NT 1", "To": 2.0, "Giong": "PB 260" }, "geometry": { "type": "MultiPolygon", "coordinates": [ [ [ [ 547572.0, 1389324.0 ], [ 547572.0, 1389512.0 ], [ 547592.0, 1389502.0 ], [ 547610.0, 1389510.0 ], [ 547625.0, 1389538.0 ], [ 547625.0, 1389550.0 ], [ 547634.0, 1389557.0 ], [ 547652.0, 1389558.0 ], [ 547667.0, 1389569.0 ], [ 548070.26, 1389571.0 ], [ 548070.29, 1389324.0 ], [ 547949.49, 1389324.0 ], [ 547582.07, 1389324.0 ], [ 547572.0, 1389324.0 ] ] ] ] } },
{ "type": "Feature", "properties": { "Stt": 430.0, "Malo_cty": "Khu dan cu", "Ten_lo": null, "Dien_tich": "1", "Ma_cay": "CAO_SU", "Nam_trong": null, "QGIA": "Cambodia", "TINH": "Kampong Thom", "HUYEN": "Santuk", "XA": "Kraya", "Ten_NT": null, "To": 0.0, "Giong": null }, "geometry": { "type": "MultiPolygon", "coordinates": [ [ [ [ 548070.25, 1389700.73 ], [ 548070.26, 1389574.0 ], [ 547667.0, 1389572.0 ], [ 547649.0, 1389562.0 ], [ 547633.0, 1389560.0 ], [ 547622.0, 1389551.0 ], [ 547607.0, 1389513.0 ], [ 547592.0, 1389505.0 ], [ 547572.0, 1389516.0 ], [ 547572.0, 1389755.0 ], [ 547682.0, 1389732.0 ], [ 547929.0, 1389738.0 ], [ 548070.25, 1389700.73 ] ] ] ] } },
{ "type": "Feature", "properties": { "Stt": 34.0, "Malo_cty": "5.15TK.N1.08.013", "Ten_lo": "M 8 - KV 2", "Dien_tich": "24", "Ma_cay": "CAO_SU", "Nam_trong": "2008", "QGIA": "Cambodia", "TINH": "Kampong Thom", "HUYEN": "Santuk", "XA": "Kraya", "Ten_NT": "NT 1", "To": 2.0, "Giong": "PB 260" }, "geometry": { "type": "MultiPolygon", "coordinates": [ [ [ [ 547573.0, 1388816.0 ], [ 547581.0, 1388816.0 ], [ 547949.54, 1388816.0 ], [ 548070.34, 1388816.0 ], [ 548070.39, 1388324.0 ], [ 547577.0, 1388324.0 ], [ 547574.75, 1388324.0 ], [ 547575.0, 1388325.0 ], [ 547573.0, 1388816.0 ] ] ] ] } },
{ "type": "Feature", "properties": { "Stt": 33.0, "Malo_cty": "5.15TK.N1.08.012", "Ten_lo": "M 7 - KV 2", "Dien_tich": "24.43", "Ma_cay": "CAO_SU", "Nam_trong": "2008", "QGIA": "Cambodia", "TINH": "Kampong Thom", "HUYEN": "Santuk", "XA": "Kraya", "Ten_NT": "NT 1", "To": 2.0, "Giong": "PB 260" }, "geometry": { "type": "MultiPolygon", "coordinates": [ [ [ [ 547573.89, 1388824.0 ], [ 547574.0, 1388825.0 ], [ 547576.99, 1389316.0 ], [ 547582.05, 1389316.0 ], [ 547949.49, 1389316.0 ], [ 548070.29, 1389316.0 ], [ 548070.34, 1388824.0 ], [ 547949.54, 1388824.0 ], [ 547581.02, 1388824.0 ], [ 547573.89, 1388824.0 ] ] ] ] } },
{ "type": "Feature", "properties": { "Stt": 136.0, "Malo_cty": "5.15TK.N2.09.066", "Ten_lo": "K 10 - KV 1", "Dien_tich": "24.2", "Ma_cay": "CAO_SU", "Nam_trong": "2009", "QGIA": "Cambodia", "TINH": "Kampong Thom", "HUYEN": "Santuk", "XA": "Kraya", "Ten_NT": "NT 2", "To": 1.0, "Giong": "PB 260" }, "geometry": { "type": "MultiPolygon", "coordinates": [ [ [ [ 547073.0, 1387324.99 ], [ 546582.0, 1387324.99 ], [ 546582.0, 1387816.0 ], [ 547073.0, 1387816.0 ], [ 547073.0, 1387324.99 ] ] ] ] } },
{ "type": "Feature", "properties": { "Stt": 143.0, "Malo_cty": "5.15TK.N2.09.070", "Ten_lo": "L 10 - KV 1", "Dien_tich": "24.4", "Ma_cay": "CAO_SU", "Nam_trong": "2009", "QGIA": "Cambodia", "TINH": "Kampong Thom", "HUYEN": "Santuk", "XA": "Kraya", "Ten_NT": "NT 2", "To": 1.0, "Giong": "PB 260" }, "geometry": { "type": "MultiPolygon", "coordinates": [ [ [ [ 547573.0, 1387324.99 ], [ 547081.0, 1387324.99 ], [ 547081.0, 1387816.0 ], [ 547573.0, 1387816.0 ], [ 547573.0, 1387324.99 ] ] ] ] } },
{ "type": "Feature", "properties": { "Stt": 508.0, "Malo_cty": "Van phong Cty", "Ten_lo": null, "Dien_tich": null, "Ma_cay": "CAO_SU", "Nam_trong": null, "QGIA": "Cambodia", "TINH": "Kampong Thom", "HUYEN": "Santuk", "XA": "Kraya", "Ten_NT": null, "To": 0.0, "Giong": null }, "geometry": { "type": "MultiPolygon", "coordinates": [ [ [ [ 547760.99, 1387815.0 ], [ 547761.06, 1387324.99 ], [ 547581.0, 1387324.99 ], [ 547581.0, 1387815.0 ], [ 547760.99, 1387815.0 ] ] ] ] } },
{ "type": "Feature", "properties": { "Stt": 148.0, "Malo_cty": "5.15TK.N2.09.069", "Ten_lo": "L 9 - KV 1", "Dien_tich": "24.4", "Ma_cay": "CAO_SU", "Nam_trong": "2009", "QGIA": "Cambodia", "TINH": "Kampong Thom", "HUYEN": "Santuk", "XA": "Kraya", "Ten_NT": "NT 2", "To": 1.0, "Giong": "RRIV 4" }, "geometry": { "type": "MultiPolygon", "coordinates": [ [ [ [ 547081.0, 1388318.0 ], [ 547083.0, 1388318.0 ], [ 547568.0, 1388316.0 ], [ 547573.0, 1388316.0 ], [ 547573.0, 1387824.0 ], [ 547081.0, 1387824.0 ], [ 547081.0, 1388318.0 ] ] ] ] } },
{ "type": "Feature", "properties": { "Stt": 144.0, "Malo_cty": "5.15TK.N2.09.071", "Ten_lo": "L 11 - KV 1", "Dien_tich": "24.4", "Ma_cay": "CAO_SU", "Nam_trong": "2009", "QGIA": "Cambodia", "TINH": "Kampong Thom", "HUYEN": "Santuk", "XA": "Kraya", "Ten_NT": "NT 2", "To": 1.0, "Giong": "RRIV 3" }, "geometry": { "type": "MultiPolygon", "coordinates": [ [ [ [ 547082.0, 1386824.0 ], [ 547082.0, 1387315.0 ], [ 547573.0, 1387315.0 ], [ 547573.0, 1386824.0 ], [ 547082.0, 1386824.0 ] ] ] ] } },
{ "type": "Feature", "properties": { "Stt": 141.0, "Malo_cty": "5.15TK.N2.09.064", "Ten_lo": "K 9.1 - KV 1", "Dien_tich": "13.2", "Ma_cay": "CAO_SU", "Nam_trong": "2009", "QGIA": "Cambodia", "TINH": "Kampong Thom", "HUYEN": "Santuk", "XA": "Kraya", "Ten_NT": "NT 2", "To": 1.0, "Giong": "RRIV 4" }, "geometry": { "type": "MultiPolygon", "coordinates": [ [ [ [ 546805.78, 1387824.0 ], [ 546806.0, 1388318.0 ], [ 547073.0, 1388318.0 ], [ 547073.0, 1387824.0 ], [ 546805.78, 1387824.0 ] ] ] ] } },
{ "type": "Feature", "properties": { "Stt": 137.0, "Malo_cty": "5.15TK.N2.09.067", "Ten_lo": "K 11 - KV 1", "Dien_tich": "24.4", "Ma_cay": "CAO_SU", "Nam_trong": "2009", "QGIA": "Cambodia", "TINH": "Kampong Thom", "HUYEN": "Santuk", "XA": "Kraya", "Ten_NT": "NT 2", "To": 1.0, "Giong": "RRIV 3" }, "geometry": { "type": "MultiPolygon", "coordinates": [ [ [ [ 546582.0, 1387315.0 ], [ 547072.0, 1387315.0 ], [ 547072.0, 1386824.0 ], [ 546582.0, 1386824.0 ], [ 546582.0, 1387315.0 ] ] ] ] } },
{ "type": "Feature", "properties": { "Stt": 140.0, "Malo_cty": "5.15TK.N2.10.101", "Ten_lo": "K 13-14 - KV 1", "Dien_tich": "27.7", "Ma_cay": "CAO_SU", "Nam_trong": "2010", "QGIA": "Cambodia", "TINH": "Kampong Thom", "HUYEN": "Santuk", "XA": "Kraya", "Ten_NT": "NT 2", "To": 1.0, "Giong": "PB 260" }, "geometry": { "type": "MultiPolygon", "coordinates": [ [ [ [ 546582.0, 1385835.18 ], [ 546582.0, 1385862.27 ], [ 546582.0, 1386218.38 ], [ 546582.0, 1386315.0 ], [ 547072.0, 1386315.0 ], [ 547073.0, 1386315.0 ], [ 547073.0, 1385824.0 ], [ 547073.0, 1385816.0 ], [ 547073.0, 1385798.3 ], [ 547073.0, 1385725.84 ], [ 547073.0, 1385720.73 ], [ 547073.0, 1385681.0 ], [ 546932.0, 1385725.0 ], [ 546901.0, 1385728.0 ], [ 546835.0, 1385746.0 ], [ 546747.0, 1385781.0 ], [ 546683.0, 1385797.0 ], [ 546661.0, 1385810.0 ], [ 546583.0, 1385835.0 ], [ 546582.0, 1385835.18 ] ] ] ] } },
{ "type": "Feature", "properties": { "Stt": 146.0, "Malo_cty": "5.15TK.N2.09.073", "Ten_lo": "L 13 - KV 1", "Dien_tich": "23.5", "Ma_cay": "CAO_SU", "Nam_trong": "2009", "QGIA": "Cambodia", "TINH": "Kampong Thom", "HUYEN": "Santuk", "XA": "Kraya", "Ten_NT": "NT 2", "To": 1.0, "Giong": "PB 260" }, "geometry": { "type": "MultiPolygon", "coordinates": [ [ [ [ 547081.0, 1386315.0 ], [ 547082.0, 1386315.0 ], [ 547573.0, 1386315.0 ], [ 547573.0, 1385824.0 ], [ 547081.0, 1385824.0 ], [ 547081.0, 1386315.0 ] ] ] ] } },
{ "type": "Feature", "properties": { "Stt": 145.0, "Malo_cty": "5.15TK.N2.09.072", "Ten_lo": "L 12 - KV 1", "Dien_tich": "24.4", "Ma_cay": "CAO_SU", "Nam_trong": "2009", "QGIA": "Cambodia", "TINH": "Kampong Thom", "HUYEN": "Santuk", "XA": "Kraya", "Ten_NT": "NT 2", "To": 1.0, "Giong": "PB 260" }, "geometry": { "type": "MultiPolygon", "coordinates": [ [ [ [ 547573.0, 1386325.0 ], [ 547082.0, 1386325.0 ], [ 547082.0, 1386816.0 ], [ 547573.0, 1386816.0 ], [ 547573.0, 1386325.0 ] ] ] ] } },
{ "type": "Feature", "properties": { "Stt": 147.0, "Malo_cty": "5.15TK.N2.10.102", "Ten_lo": "L 14 - KV 1", "Dien_tich": "10.6", "Ma_cay": "CAO_SU", "Nam_trong": "2010", "QGIA": "Cambodia", "TINH": "Kampong Thom", "HUYEN": "Santuk", "XA": "Kraya", "Ten_NT": "NT 2", "To": 1.0, "Giong": "PB 260" }, "geometry": { "type": "MultiPolygon", "coordinates": [ [ [ [ 547081.0, 1385678.33 ], [ 547081.0, 1385718.42 ], [ 547081.0, 1385725.84 ], [ 547081.0, 1385798.3 ], [ 547081.0, 1385816.0 ], [ 547573.0, 1385816.0 ], [ 547573.0, 1385798.3 ], [ 547573.0, 1385725.84 ], [ 547573.0, 1385576.59 ], [ 547573.0, 1385528.0 ], [ 547572.0, 1385528.0 ], [ 547279.0, 1385600.0 ], [ 547218.0, 1385629.0 ], [ 547082.0, 1385678.0 ], [ 547081.0, 1385678.33 ] ] ] ] } },
{ "type": "Feature", "properties": { "Stt": 139.0, "Malo_cty": "5.15TK.N2.10.100", "Ten_lo": "K 12.2 - KV 1", "Dien_tich": "14.6", "Ma_cay": "CAO_SU", "Nam_trong": "2010", "QGIA": "Cambodia", "TINH": "Kampong Thom", "HUYEN": "Santuk", "XA": "Kraya", "Ten_NT": "NT 2", "To": 1.0, "Giong": "PB 260" }, "geometry": { "type": "MultiPolygon", "coordinates": [ [ [ [ 546582.0, 1386621.75 ], [ 547072.0, 1386621.61 ], [ 547072.0, 1386325.0 ], [ 546582.0, 1386325.0 ], [ 546582.0, 1386621.75 ] ] ] ] } },
{ "type": "Feature", "properties": { "Stt": 138.0, "Malo_cty": "5.15TK.N2.09.068", "Ten_lo": "K 12.1 - KV 1", "Dien_tich": "9.7", "Ma_cay": "CAO_SU", "Nam_trong": "2009", "QGIA": "Cambodia", "TINH": "Kampong Thom", "HUYEN": "Santuk", "XA": "Kraya", "Ten_NT": "NT 2", "To": 1.0, "Giong": "RRIV 4" }, "geometry": { "type": "MultiPolygon", "coordinates": [ [ [ [ 546582.0, 1386621.75 ], [ 546582.0, 1386816.0 ], [ 547072.0, 1386816.0 ], [ 547072.0, 1386621.61 ], [ 546582.0, 1386621.75 ] ] ] ] } },
{ "type": "Feature", "properties": { "Stt": 130.0, "Malo_cty": "5.15TK.N2.09.061", "Ten_lo": "J 10 - KV 1", "Dien_tich": "23.6", "Ma_cay": "CAO_SU", "Nam_trong": "2009", "QGIA": "Cambodia", "TINH": "Kampong Thom", "HUYEN": "Santuk", "XA": "Kraya", "Ten_NT": "NT 2", "To": 1.0, "Giong": "PB 260" }, "geometry": { "type": "MultiPolygon", "coordinates": [ [ [ [ 546176.0, 1387816.0 ], [ 546219.91, 1387816.0 ], [ 546374.1, 1387816.0 ], [ 546494.9, 1387816.0 ], [ 546574.0, 1387816.0 ], [ 546574.0, 1387324.99 ], [ 545993.12, 1387324.99 ], [ 545987.02, 1387324.99 ], [ 545987.0, 1387326.0 ], [ 545987.0, 1387355.0 ], [ 545993.0, 1387373.0 ], [ 546024.0, 1387410.0 ], [ 546047.0, 1387453.0 ], [ 546068.0, 1387517.0 ], [ 546097.0, 1387558.0 ], [ 546176.0, 1387724.0 ], [ 546176.0, 1387816.0 ] ] ] ] } },
{ "type": "Feature", "properties": { "Stt": 135.0, "Malo_cty": "5.15TK.N2.09.060", "Ten_lo": "J 9 - KV 1", "Dien_tich": "18.7", "Ma_cay": "CAO_SU", "Nam_trong": "2009", "QGIA": "Cambodia", "TINH": "Kampong Thom", "HUYEN": "Santuk", "XA": "Kraya", "Ten_NT": "NT 2", "To": 1.0, "Giong": "RRIV 4" }, "geometry": { "type": "MultiPolygon", "coordinates": [ [ [ [ 546574.0, 1388318.0 ], [ 546574.0, 1387824.0 ], [ 546494.9, 1387824.0 ], [ 546374.1, 1387824.0 ], [ 546219.99, 1387824.0 ], [ 546177.78, 1387824.0 ], [ 546178.0, 1387825.0 ], [ 546177.0, 1387934.0 ], [ 546194.0, 1387973.0 ], [ 546193.0, 1388069.0 ], [ 546200.0, 1388205.0 ], [ 546215.0, 1388255.0 ], [ 546214.0, 1388318.0 ], [ 546573.0, 1388318.0 ], [ 546574.0, 1388318.0 ] ] ] ] } },
{ "type": "Feature", "properties": { "Stt": 142.0, "Malo_cty": "5.15TK.N2.09.065", "Ten_lo": "K 9.2 - KV 1", "Dien_tich": "11.2", "Ma_cay": "CAO_SU", "Nam_trong": "2009", "QGIA": "Cambodia", "TINH": "Kampong Thom", "HUYEN": "Santuk", "XA": "Kraya", "Ten_NT": "NT 2", "To": 1.0, "Giong": "RRIV 4" }, "geometry": { "type": "MultiPolygon", "coordinates": [ [ [ [ 546582.0, 1388318.0 ], [ 546806.0, 1388318.0 ], [ 546805.78, 1387824.0 ], [ 546582.0, 1387824.0 ], [ 546582.0, 1388318.0 ] ] ] ] } },
{ "type": "Feature", "properties": { "Stt": 128.0, "Malo_cty": "5.15TK.N2.09.059", "Ten_lo": "I 12.2 - KV 1", "Dien_tich": "8.4", "Ma_cay": "CAO_SU", "Nam_trong": "2009", "QGIA": "Cambodia", "TINH": "Kampong Thom", "HUYEN": "Santuk", "XA": "Kraya", "Ten_NT": "NT 2", "To": 1.0, "Giong": "RRIV 4" }, "geometry": { "type": "MultiPolygon", "coordinates": [ [ [ [ 546072.29, 1386633.31 ], [ 545582.0, 1386633.0 ], [ 545582.0, 1386664.0 ], [ 545619.0, 1386706.0 ], [ 545645.0, 1386721.0 ], [ 545659.0, 1386739.0 ], [ 545680.0, 1386758.0 ], [ 545726.0, 1386816.0 ], [ 545746.74, 1386816.0 ], [ 545757.46, 1386816.0 ], [ 545987.69, 1386816.0 ], [ 546072.25, 1386816.0 ], [ 546072.25, 1386820.0 ], [ 546072.29, 1386633.31 ] ] ] ] } },
{ "type": "Feature", "properties": { "Stt": 450.0, "Malo_cty": "Nha doi", "Ten_lo": null, "Dien_tich": "0.5", "Ma_cay": "CAO_SU", "Nam_trong": null, "QGIA": "Cambodia", "TINH": "Kampong Thom", "HUYEN": "Santuk", "XA": "Kraya", "Ten_NT": null, "To": 0.0, "Giong": null }, "geometry": { "type": "MultiPolygon", "coordinates": [ [ [ [ 546574.02, 1386873.99 ], [ 546574.02, 1386823.99 ], [ 546473.02, 1386823.99 ], [ 546473.02, 1386873.99 ], [ 546574.02, 1386873.99 ] ] ] ] } },
{ "type": "Feature", "properties": { "Stt": 131.0, "Malo_cty": "5.15TK.N2.09.062", "Ten_lo": "J 11 - KV 1", "Dien_tich": "24.4", "Ma_cay": "CAO_SU", "Nam_trong": "2009", "QGIA": "Cambodia", "TINH": "Kampong Thom", "HUYEN": "Santuk", "XA": "Kraya", "Ten_NT": "NT 2", "To": 1.0, "Giong": "PB 260" }, "geometry": { "type": "MultiPolygon", "coordinates": [ [ [ [ 546082.16, 1387315.0 ], [ 546574.0, 1387315.0 ], [ 546574.0, 1386874.19 ], [ 546472.77, 1386873.98 ], [ 546472.66, 1386824.0 ], [ 546082.25, 1386824.0 ], [ 546082.25, 1386820.0 ], [ 546082.16, 1387315.0 ] ] ] ] } },
{ "type": "Feature", "properties": { "Stt": 126.0, "Malo_cty": "5.15TK.N2.09.057", "Ten_lo": "I 11 - KV 1", "Dien_tich": "9.2", "Ma_cay": "CAO_SU", "Nam_trong": "2009", "QGIA": "Cambodia", "TINH": "Kampong Thom", "HUYEN": "Santuk", "XA": "Kraya", "Ten_NT": "NT 2", "To": 1.0, "Giong": "PB 260" }, "geometry": { "type": "MultiPolygon", "coordinates": [ [ [ [ 545747.0, 1386824.0 ], [ 545748.0, 1386844.0 ], [ 545760.0, 1386865.0 ], [ 545810.0, 1386933.0 ], [ 545837.0, 1387015.0 ], [ 545856.0, 1387084.0 ], [ 545867.0, 1387101.0 ], [ 545875.0, 1387143.0 ], [ 545887.0, 1387178.0 ], [ 545907.0, 1387224.0 ], [ 545913.0, 1387250.0 ], [ 545942.0, 1387280.0 ], [ 545954.0, 1387314.0 ], [ 545987.3, 1387314.0 ], [ 545987.27, 1387315.0 ], [ 546072.17, 1387315.0 ], [ 546072.25, 1386824.0 ], [ 545987.69, 1386824.0 ], [ 545762.14, 1386824.0 ], [ 545747.0, 1386824.0 ] ] ] ] } },
{ "type": "Feature", "properties": { "Stt": 132.0, "Malo_cty": "5.15TK.N2.09.063", "Ten_lo": "J 12.1 - KV 1", "Dien_tich": "9.7", "Ma_cay": "CAO_SU", "Nam_trong": "2009", "QGIA": "Cambodia", "TINH": "Kampong Thom", "HUYEN": "Santuk", "XA": "Kraya", "Ten_NT": "NT 2", "To": 1.0, "Giong": "RRIV 4" }, "geometry": { "type": "MultiPolygon", "coordinates": [ [ [ [ 546574.0, 1386621.76 ], [ 546082.28, 1386621.9 ], [ 546082.25, 1386816.0 ], [ 546574.0, 1386816.0 ], [ 546574.0, 1386621.76 ] ] ] ] } },
{ "type": "Feature", "properties": { "Stt": 134.0, "Malo_cty": "5.15TK.N2.10.096", "Ten_lo": "J 13 - KV 1", "Dien_tich": "18.9", "Ma_cay": "CAO_SU", "Nam_trong": "2010", "QGIA": "Cambodia", "TINH": "Kampong Thom", "HUYEN": "Santuk", "XA": "Kraya", "Ten_NT": "NT 2", "To": 1.0, "Giong": "PB 260" }, "geometry": { "type": "MultiPolygon", "coordinates": [ [ [ [ 546081.33, 1386315.0 ], [ 546082.33, 1386315.0 ], [ 546574.0, 1386315.0 ], [ 546574.0, 1386218.38 ], [ 546574.0, 1385864.57 ], [ 546574.0, 1385836.64 ], [ 546572.0, 1385837.0 ], [ 546548.0, 1385841.0 ], [ 546499.0, 1385863.0 ], [ 546454.0, 1385887.0 ], [ 546378.0, 1385903.0 ], [ 546377.0, 1385919.0 ], [ 546318.0, 1385929.0 ], [ 546317.0, 1385945.0 ], [ 546243.0, 1385959.0 ], [ 546227.0, 1385970.0 ], [ 546182.0, 1385975.0 ], [ 546152.0, 1385993.0 ], [ 546145.0, 1386004.0 ], [ 546121.0, 1386008.0 ], [ 546104.0, 1386017.0 ], [ 546082.0, 1386018.0 ], [ 546081.38, 1386018.0 ], [ 546081.33, 1386315.0 ] ] ] ] } },
{ "type": "Feature", "properties": { "Stt": 133.0, "Malo_cty": "5.15TK.N2.10.095", "Ten_lo": "J 12.2 - KV 1", "Dien_tich": "14.8", "Ma_cay": "CAO_SU", "Nam_trong": "2010", "QGIA": "Cambodia", "TINH": "Kampong Thom", "HUYEN": "Santuk", "XA": "Kraya", "Ten_NT": "NT 2", "To": 1.0, "Giong": "PB 260" }, "geometry": { "type": "MultiPolygon", "coordinates": [ [ [ [ 546082.28, 1386621.9 ], [ 546574.0, 1386621.76 ], [ 546574.0, 1386325.0 ], [ 546082.33, 1386325.0 ], [ 546082.28, 1386621.9 ] ] ] ] } },
{ "type": "Feature", "properties": { "Stt": 124.0, "Malo_cty": "5.15TK.N2.09.051", "Ten_lo": "H 12 - KV 1", "Dien_tich": "4.3", "Ma_cay": "CAO_SU", "Nam_trong": "2009", "QGIA": "Cambodia", "TINH": "Kampong Thom", "HUYEN": "Santuk", "XA": "Kraya", "Ten_NT": "NT 2", "To": 1.0, "Giong": "PB 260" }, "geometry": { "type": "MultiPolygon", "coordinates": [ [ [ [ 545286.0, 1386371.0 ], [ 545325.0, 1386396.0 ], [ 545382.0, 1386440.0 ], [ 545444.0, 1386507.0 ], [ 545476.0, 1386569.0 ], [ 545502.0, 1386604.0 ], [ 545573.0, 1386656.0 ], [ 545574.0, 1386656.89 ], [ 545574.0, 1386324.0 ], [ 545290.97, 1386324.0 ], [ 545290.19, 1386325.55 ], [ 545286.0, 1386351.0 ], [ 545286.0, 1386371.0 ] ] ] ] } },
{ "type": "Feature", "properties": { "Stt": 129.0, "Malo_cty": "5.15TK.N2.10.094", "Ten_lo": "I 13 - KV 1", "Dien_tich": "12.4", "Ma_cay": "CAO_SU", "Nam_trong": "2010", "QGIA": "Cambodia", "TINH": "Kampong Thom", "HUYEN": "Santuk", "XA": "Kraya", "Ten_NT": "NT 2", "To": 1.0, "Giong": "PB 260" }, "geometry": { "type": "MultiPolygon", "coordinates": [ [ [ [ 545582.0, 1386112.0 ], [ 545582.0, 1386150.54 ], [ 545582.0, 1386224.74 ], [ 545582.0, 1386285.13 ], [ 545582.0, 1386315.0 ], [ 546072.34, 1386315.0 ], [ 546073.33, 1386315.0 ], [ 546073.35, 1386218.38 ], [ 546073.33, 1386218.38 ], [ 546073.37, 1386018.0 ], [ 546073.0, 1386018.0 ], [ 546014.0, 1386021.0 ], [ 545927.0, 1386037.0 ], [ 545865.0, 1386051.0 ], [ 545834.0, 1386052.0 ], [ 545807.0, 1386062.0 ], [ 545765.0, 1386066.0 ], [ 545703.0, 1386079.0 ], [ 545637.0, 1386086.0 ], [ 545582.0, 1386112.0 ] ] ] ] } },
{ "type": "Feature", "properties": { "Stt": 127.0, "Malo_cty": "5.15TK.N2.09.058", "Ten_lo": "I 12.1 - KV 1", "Dien_tich": "15.3", "Ma_cay": "CAO_SU", "Nam_trong": "2009", "QGIA": "Cambodia", "TINH": "Kampong Thom", "HUYEN": "Santuk", "XA": "Kraya", "Ten_NT": "NT 2", "To": 1.0, "Giong": "PB 260" }, "geometry": { "type": "MultiPolygon", "coordinates": [ [ [ [ 545582.0, 1386325.0 ], [ 545582.0, 1386633.0 ], [ 546072.29, 1386633.31 ], [ 546072.34, 1386325.0 ], [ 545582.0, 1386325.0 ] ] ] ] } },
{ "type": "Feature", "properties": { "Stt": 460.0, "Malo_cty": "Song, suoi, trung", "Ten_lo": null, "Dien_tich": null, "Ma_cay": "CAO_SU", "Nam_trong": null, "QGIA": "Cambodia", "TINH": "Kampong Thom", "HUYEN": "Santuk", "XA": "Kraya", "Ten_NT": null, "To": 0.0, "Giong": null }, "geometry": { "type": "MultiPolygon", "coordinates": [ [ [ [ 544380.0, 1386929.0 ], [ 544312.0, 1386875.0 ], [ 544311.0, 1386913.0 ], [ 544300.0, 1386966.0 ], [ 544301.0, 1386999.0 ], [ 544314.0, 1387003.0 ], [ 544325.0, 1387095.0 ], [ 544327.0, 1387095.0 ], [ 544331.0, 1386946.0 ], [ 544337.0, 1386934.0 ], [ 544357.0, 1386927.0 ], [ 544380.0, 1386929.0 ] ] ] ] } },
{ "type": "Feature", "properties": { "Stt": 125.0, "Malo_cty": "5.15TK.N2.10.093", "Ten_lo": "H 13 - KV 1", "Dien_tich": "12.7", "Ma_cay": "CAO_SU", "Nam_trong": "2010", "QGIA": "Cambodia", "TINH": "Kampong Thom", "HUYEN": "Santuk", "XA": "Kraya", "Ten_NT": "NT 2", "To": 1.0, "Giong": "PB 260" }, "geometry": { "type": "MultiPolygon", "coordinates": [ [ [ [ 545270.0, 1386372.0 ], [ 545277.0, 1386363.0 ], [ 545286.0, 1386331.0 ], [ 545287.13, 1386324.0 ], [ 545288.0, 1386316.0 ], [ 545574.0, 1386316.0 ], [ 545574.0, 1386285.13 ], [ 545574.0, 1386224.74 ], [ 545574.0, 1386152.84 ], [ 545574.0, 1386114.67 ], [ 545573.0, 1386115.0 ], [ 545535.0, 1386129.0 ], [ 545497.0, 1386150.0 ], [ 545453.0, 1386164.0 ], [ 545437.0, 1386162.0 ], [ 545400.0, 1386140.0 ], [ 545377.0, 1386133.0 ], [ 545365.0, 1386118.0 ], [ 545283.0, 1386067.0 ], [ 545248.0, 1386053.0 ], [ 545215.0, 1386024.0 ], [ 545183.0, 1386000.0 ], [ 545129.0, 1385975.0 ], [ 545082.0, 1385972.0 ], [ 545082.0, 1386331.0 ], [ 545083.0, 1386331.0 ], [ 545109.0, 1386333.0 ], [ 545134.0, 1386334.0 ], [ 545156.0, 1386332.0 ], [ 545224.0, 1386344.0 ], [ 545270.0, 1386372.0 ] ] ] ] } },
{ "type": "Feature", "properties": { "Stt": 188.0, "Malo_cty": "5.15TK.N2.09.005", "Ten_lo": "F-G 11 - KV 2", "Dien_tich": "23.1", "Ma_cay": "CAO_SU", "Nam_trong": "2009", "QGIA": "Cambodia", "TINH": "Kampong Thom", "HUYEN": "Santuk", "XA": "Kraya", "Ten_NT": "NT 2", "To": 2.0, "Giong": "RRIV 4" }, "geometry": { "type": "MultiPolygon", "coordinates": [ [ [ [ 544082.0, 1386706.0 ], [ 544082.0, 1386816.0 ], [ 544082.0, 1386824.0 ], [ 544082.0, 1387315.0 ], [ 544790.0, 1387315.0 ], [ 544789.0, 1387293.0 ], [ 544763.0, 1387277.0 ], [ 544740.0, 1387254.0 ], [ 544711.0, 1387236.0 ], [ 544670.0, 1387192.0 ], [ 544655.0, 1387185.0 ], [ 544642.0, 1387171.0 ], [ 544615.0, 1387153.0 ], [ 544586.0, 1387138.0 ], [ 544487.0, 1387033.0 ], [ 544484.0, 1387022.0 ], [ 544451.0, 1386980.0 ], [ 544413.0, 1386948.0 ], [ 544389.0, 1386943.0 ], [ 544380.0, 1386929.0 ], [ 544357.0, 1386927.0 ], [ 544337.0, 1386934.0 ], [ 544331.0, 1386946.0 ], [ 544327.0, 1387095.0 ], [ 544325.0, 1387095.0 ], [ 544314.0, 1387003.0 ], [ 544301.0, 1386999.0 ], [ 544300.0, 1386966.0 ], [ 544311.0, 1386913.0 ], [ 544312.0, 1386875.0 ], [ 544301.0, 1386847.0 ], [ 544276.0, 1386837.0 ], [ 544274.0, 1386820.0 ], [ 544237.0, 1386790.0 ], [ 544227.0, 1386762.0 ], [ 544194.0, 1386732.0 ], [ 544146.0, 1386714.0 ], [ 544101.0, 1386706.0 ], [ 544082.0, 1386706.0 ] ] ] ] } },
{ "type": "Feature", "properties": { "Stt": 123.0, "Malo_cty": "5.15TK.N2.10.092", "Ten_lo": "G 13-14 - KV 1", "Dien_tich": "14.8", "Ma_cay": "CAO_SU", "Nam_trong": "2010", "QGIA": "Cambodia", "TINH": "Kampong Thom", "HUYEN": "Santuk", "XA": "Kraya", "Ten_NT": "NT 2", "To": 1.0, "Giong": "PB 260" }, "geometry": { "type": "MultiPolygon", "coordinates": [ [ [ [ 545077.0, 1386320.0 ], [ 545078.0, 1386320.0 ], [ 545078.0, 1385951.0 ], [ 544561.0, 1385651.0 ], [ 544559.4, 1385767.84 ], [ 544558.0, 1385870.0 ], [ 544986.0, 1386271.0 ], [ 544983.0, 1386320.0 ], [ 545077.0, 1386320.0 ] ] ] ] } },
{ "type": "Feature", "properties": { "Stt": 187.0, "Malo_cty": "5.15TK.N2.09.004", "Ten_lo": "F 10 - KV 2", "Dien_tich": "21.7", "Ma_cay": "CAO_SU", "Nam_trong": "2009", "QGIA": "Cambodia", "TINH": "Kampong Thom", "HUYEN": "Santuk", "XA": "Kraya", "Ten_NT": "NT 2", "To": 2.0, "Giong": "RRIV 4" }, "geometry": { "type": "MultiPolygon", "coordinates": [ [ [ [ 544082.0, 1387324.99 ], [ 544082.0, 1387373.3 ], [ 544082.0, 1387658.4 ], [ 544082.0, 1387669.37 ], [ 544082.98, 1387669.21 ], [ 544083.0, 1387675.0 ], [ 544156.0, 1387698.0 ], [ 544164.0, 1387708.0 ], [ 544241.0, 1387725.0 ], [ 544273.0, 1387738.0 ], [ 544340.0, 1387756.0 ], [ 544387.0, 1387784.0 ], [ 544413.0, 1387814.0 ], [ 544446.0, 1387826.0 ], [ 544499.0, 1387874.0 ], [ 544518.0, 1387923.0 ], [ 544547.0, 1387962.0 ], [ 544557.0, 1387967.0 ], [ 544573.0, 1387988.0 ], [ 544573.94, 1387988.94 ], [ 544573.93, 1387934.31 ], [ 544573.94, 1387934.31 ], [ 544573.93, 1387873.92 ], [ 544573.93, 1387824.0 ], [ 544573.93, 1387816.0 ], [ 544573.85, 1387324.99 ], [ 544082.0, 1387324.99 ] ] ] ] } },
{ "type": "Feature", "properties": { "Stt": 189.0, "Malo_cty": "5.15TK.N2.09.007", "Ten_lo": "G-H 10 - KV 2", "Dien_tich": "18", "Ma_cay": "CAO_SU", "Nam_trong": "2009", "QGIA": "Cambodia", "TINH": "Kampong Thom", "HUYEN": "Santuk", "XA": "Kraya", "Ten_NT": "NT 2", "To": 2.0, "Giong": "RRIV 4" }, "geometry": { "type": "MultiPolygon", "coordinates": [ [ [ [ 545073.0, 1387816.0 ], [ 545072.0, 1387799.0 ], [ 545049.0, 1387761.0 ], [ 545037.0, 1387753.0 ], [ 545018.0, 1387748.0 ], [ 545005.0, 1387770.0 ], [ 544997.0, 1387771.0 ], [ 544991.0, 1387694.0 ], [ 544998.0, 1387691.0 ], [ 544998.0, 1387675.0 ], [ 544979.0, 1387651.0 ], [ 544955.0, 1387597.0 ], [ 544950.0, 1387564.0 ], [ 544944.0, 1387548.0 ], [ 544939.0, 1387518.0 ], [ 544901.0, 1387440.0 ], [ 544869.0, 1387394.0 ], [ 544833.0, 1387349.0 ], [ 544833.0, 1387333.0 ], [ 544822.0, 1387327.0 ], [ 544789.43, 1387326.86 ], [ 544789.52, 1387324.99 ], [ 544581.85, 1387324.99 ], [ 544581.92, 1387816.0 ], [ 545073.0, 1387816.0 ] ] ] ] } },
{ "type": "Feature", "properties": { "Stt": 190.0, "Malo_cty": "5.15TK.N2.09.006", "Ten_lo": "G-H 9 - KV 2", "Dien_tich": "28.2", "Ma_cay": "CAO_SU", "Nam_trong": "2009", "QGIA": "Cambodia", "TINH": "Kampong Thom", "HUYEN": "Santuk", "XA": "Kraya", "Ten_NT": "NT 2", "To": 2.0, "Giong": "RRIV 4" }, "geometry": { "type": "MultiPolygon", "coordinates": [ [ [ [ 544581.94, 1387996.95 ], [ 544583.0, 1387998.0 ], [ 544608.0, 1388063.0 ], [ 544626.0, 1388078.0 ], [ 544657.0, 1388128.0 ], [ 544670.0, 1388175.0 ], [ 544665.0, 1388267.0 ], [ 544674.0, 1388306.0 ], [ 544684.0, 1388324.0 ], [ 544810.0, 1388312.0 ], [ 544839.0, 1388317.0 ], [ 544894.0, 1388317.0 ], [ 544901.0, 1388310.0 ], [ 544956.0, 1388314.0 ], [ 544979.0, 1388309.0 ], [ 545096.0, 1388317.0 ], [ 545163.0, 1388308.0 ], [ 545170.0, 1388300.0 ], [ 545169.0, 1388248.0 ], [ 545176.0, 1388248.0 ], [ 545176.0, 1388007.0 ], [ 545182.0, 1388006.0 ], [ 545184.0, 1387946.0 ], [ 545119.0, 1387879.0 ], [ 545080.0, 1387824.0 ], [ 545073.0, 1387824.0 ], [ 544581.92, 1387824.0 ], [ 544581.93, 1387873.92 ], [ 544581.95, 1387977.62 ], [ 544581.94, 1387977.6 ], [ 544581.94, 1387996.95 ] ] ] ] } },
{ "type": "Feature", "properties": { "Stt": 184.0, "Malo_cty": "5.15TK.N2.09.001", "Ten_lo": "D-E 10 - KV 2", "Dien_tich": "17.7", "Ma_cay": "CAO_SU", "Nam_trong": "2009", "QGIA": "Cambodia", "TINH": "Kampong Thom", "HUYEN": "Santuk", "XA": "Kraya", "Ten_NT": "NT 2", "To": 2.0, "Giong": "RRIV 4" }, "geometry": { "type": "MultiPolygon", "coordinates": [ [ [ [ 544074.0, 1387670.68 ], [ 544074.0, 1387657.48 ], [ 544074.0, 1387373.3 ], [ 544074.0, 1387324.99 ], [ 543837.51, 1387324.99 ], [ 543777.1, 1387324.99 ], [ 543530.24, 1387324.99 ], [ 543516.84, 1387324.99 ], [ 543516.0, 1387326.0 ], [ 543518.0, 1387398.0 ], [ 543510.0, 1387399.0 ], [ 543505.0, 1387456.0 ], [ 543505.0, 1387534.0 ], [ 543531.0, 1387543.0 ], [ 543548.0, 1387559.0 ], [ 543576.0, 1387566.0 ], [ 543585.0, 1387569.0 ], [ 543580.0, 1387575.0 ], [ 543503.0, 1387552.0 ], [ 543505.0, 1387627.0 ], [ 543519.0, 1387643.0 ], [ 543757.0, 1387643.0 ], [ 543795.0, 1387637.0 ], [ 543853.21, 1387639.43 ], [ 543952.73, 1387653.79 ], [ 543979.0, 1387662.0 ], [ 544041.0, 1387674.0 ], [ 544072.0, 1387671.0 ], [ 544073.0, 1387671.0 ], [ 544073.0, 1387670.84 ], [ 544074.0, 1387670.68 ] ] ] ] } },
{ "type": "Feature", "properties": { "Stt": 185.0, "Malo_cty": "5.15TK.N2.09.002", "Ten_lo": "D-E 11 - KV 2", "Dien_tich": "27.4", "Ma_cay": "CAO_SU", "Nam_trong": "2009", "QGIA": "Cambodia", "TINH": "Kampong Thom", "HUYEN": "Santuk", "XA": "Kraya", "Ten_NT": "NT 2", "To": 2.0, "Giong": "RRIV 4" }, "geometry": { "type": "MultiPolygon", "coordinates": [ [ [ [ 543525.17, 1387315.0 ], [ 543777.1, 1387315.0 ], [ 543837.51, 1387315.0 ], [ 544074.0, 1387315.0 ], [ 544074.0, 1386824.0 ], [ 543895.49, 1386824.0 ], [ 543833.67, 1386824.0 ], [ 543573.52, 1386824.0 ], [ 543553.97, 1386824.0 ], [ 543527.0, 1386824.0 ], [ 543524.0, 1386916.0 ], [ 543511.0, 1386937.0 ], [ 543492.0, 1387008.0 ], [ 543486.0, 1387093.0 ], [ 543492.0, 1387106.0 ], [ 543495.0, 1387183.0 ], [ 543509.0, 1387262.0 ], [ 543517.0, 1387293.0 ], [ 543526.0, 1387314.0 ], [ 543525.17, 1387315.0 ] ] ] ] } },
{ "type": "Feature", "properties": { "Stt": 186.0, "Malo_cty": "5.15TK.N2.09.003", "Ten_lo": "D-E 12 - KV 2", "Dien_tich": "11.4", "Ma_cay": "CAO_SU", "Nam_trong": "2009", "QGIA": "Cambodia", "TINH": "Kampong Thom", "HUYEN": "Santuk", "XA": "Kraya", "Ten_NT": "NT 2", "To": 2.0, "Giong": "RRIV 4" }, "geometry": { "type": "MultiPolygon", "coordinates": [ [ [ [ 543532.0, 1386816.0 ], [ 543555.28, 1386816.0 ], [ 543573.51, 1386816.0 ], [ 543581.51, 1386816.0 ], [ 543833.67, 1386816.0 ], [ 543895.49, 1386816.0 ], [ 544074.0, 1386816.0 ], [ 544074.0, 1386705.44 ], [ 544072.12, 1386705.31 ], [ 544072.0, 1386691.0 ], [ 543928.0, 1386616.0 ], [ 543894.0, 1386589.0 ], [ 543872.0, 1386582.0 ], [ 543770.0, 1386580.0 ], [ 543767.0, 1386587.0 ], [ 543646.0, 1386597.0 ], [ 543626.0, 1386610.0 ], [ 543607.0, 1386604.0 ], [ 543585.0, 1386606.0 ], [ 543566.0, 1386621.0 ], [ 543567.0, 1386674.0 ], [ 543554.0, 1386707.0 ], [ 543538.0, 1386772.0 ], [ 543532.0, 1386816.0 ] ] ] ] } },
{ "type": "Feature", "properties": { "Stt": 461.0, "Malo_cty": "Song, suoi, trung", "Ten_lo": null, "Dien_tich": null, "Ma_cay": "CAO_SU", "Nam_trong": null, "QGIA": "Cambodia", "TINH": "Kampong Thom", "HUYEN": "Santuk", "XA": "Kraya", "Ten_NT": null, "To": 0.0, "Giong": null }, "geometry": { "type": "MultiPolygon", "coordinates": [ [ [ [ 543505.0, 1387534.0 ], [ 543503.0, 1387552.0 ], [ 543580.0, 1387575.0 ], [ 543585.0, 1387569.0 ], [ 543576.0, 1387566.0 ], [ 543548.0, 1387559.0 ], [ 543531.0, 1387543.0 ], [ 543505.0, 1387534.0 ] ] ] ] } },
{ "type": "Feature", "properties": { "Stt": 174.0, "Malo_cty": "5.15TK.N2.09.024", "Ten_lo": "B 14.1 - KV 2", "Dien_tich": "13", "Ma_cay": "CAO_SU", "Nam_trong": "2009", "QGIA": "Cambodia", "TINH": "Kampong Thom", "HUYEN": "Santuk", "XA": "Kraya", "Ten_NT": "NT 2", "To": 2.0, "Giong": "PB 260" }, "geometry": { "type": "MultiPolygon", "coordinates": [ [ [ [ 542082.0, 1385611.95 ], [ 542209.17, 1385611.95 ], [ 542142.25, 1385573.23 ], [ 542136.01, 1385537.71 ], [ 542143.69, 1385536.75 ], [ 542153.3, 1385567.47 ], [ 542210.91, 1385603.96 ], [ 542235.54, 1385611.95 ], [ 542502.87, 1385611.95 ], [ 542526.83, 1385585.72 ], [ 542572.92, 1385415.75 ], [ 542573.0, 1385414.83 ], [ 542573.0, 1385324.0 ], [ 542082.0, 1385324.0 ], [ 542082.0, 1385611.95 ] ] ] ] } },
{ "type": "Feature", "properties": { "Stt": 176.0, "Malo_cty": "5.15TK.N2.09.025", "Ten_lo": "B 15.1 - KV 2", "Dien_tich": "23.6", "Ma_cay": "CAO_SU", "Nam_trong": "2009", "QGIA": "Cambodia", "TINH": "Kampong Thom", "HUYEN": "Santuk", "XA": "Kraya", "Ten_NT": "NT 2", "To": 2.0, "Giong": "PB 260" }, "geometry": { "type": "MultiPolygon", "coordinates": [ [ [ [ 542099.46, 1384824.0 ], [ 542100.0, 1385316.0 ], [ 542573.0, 1385316.0 ], [ 542573.0, 1384824.0 ], [ 542099.46, 1384824.0 ] ] ] ] } },
{ "type": "Feature", "properties": { "Stt": 181.0, "Malo_cty": "5.15TK.N2.09.033", "Ten_lo": "C 15 - KV 2", "Dien_tich": "7.2", "Ma_cay": "CAO_SU", "Nam_trong": "2009", "QGIA": "Cambodia", "TINH": "Kampong Thom", "HUYEN": "Santuk", "XA": "Kraya", "Ten_NT": "NT 2", "To": 2.0, "Giong": "PB 255" }, "geometry": { "type": "MultiPolygon", "coordinates": [ [ [ [ 542581.0, 1385310.4 ], [ 542583.0, 1385309.0 ], [ 542593.0, 1385285.0 ], [ 542625.0, 1385242.0 ], [ 542629.0, 1385220.0 ], [ 542659.0, 1385153.0 ], [ 542710.0, 1385069.0 ], [ 542757.0, 1385022.0 ], [ 542855.0, 1384923.0 ], [ 542870.0, 1384899.0 ], [ 542877.0, 1384863.0 ], [ 542878.0, 1384825.0 ], [ 542878.75, 1384824.0 ], [ 542581.0, 1384824.0 ], [ 542581.0, 1385310.4 ] ] ] ] } },
{ "type": "Feature", "properties": { "Stt": 178.0, "Malo_cty": "5.15TK.N2.09.026", "Ten_lo": "B 16.1 - KV 2", "Dien_tich": "16.6", "Ma_cay": "CAO_SU", "Nam_trong": "2009", "QGIA": "Cambodia", "TINH": "Kampong Thom", "HUYEN": "Santuk", "XA": "Kraya", "Ten_NT": "NT 2", "To": 2.0, "Giong": "PB 260" }, "geometry": { "type": "MultiPolygon", "coordinates": [ [ [ [ 542081.39, 1384426.7 ], [ 542082.0, 1384445.16 ], [ 542082.0, 1384816.0 ], [ 542179.8, 1384816.0 ], [ 542179.8, 1384575.0 ], [ 542382.0, 1384575.0 ], [ 542382.0, 1384816.0 ], [ 542573.0, 1384816.0 ], [ 542573.0, 1384342.42 ], [ 542572.0, 1384341.53 ], [ 542572.0, 1384336.96 ], [ 542538.21, 1384339.95 ], [ 542481.32, 1384350.43 ], [ 542394.76, 1384367.52 ], [ 542394.73, 1384367.52 ], [ 542340.84, 1384377.66 ], [ 542316.49, 1384382.35 ], [ 542240.86, 1384399.61 ], [ 542240.81, 1384399.62 ], [ 542169.07, 1384415.02 ], [ 542168.72, 1384415.08 ], [ 542092.4, 1384424.65 ], [ 542081.39, 1384426.7 ] ] ] ] } },
{ "type": "Feature", "properties": { "Stt": 463.0, "Malo_cty": "Song, suoi, trung", "Ten_lo": null, "Dien_tich": null, "Ma_cay": "CAO_SU", "Nam_trong": null, "QGIA": "Cambodia", "TINH": "Kampong Thom", "HUYEN": "Santuk", "XA": "Kraya", "Ten_NT": null, "To": 0.0, "Giong": null }, "geometry": { "type": "MultiPolygon", "coordinates": [ [ [ [ 542267.8, 1384745.9 ], [ 542303.0, 1384754.0 ], [ 542310.0, 1384729.0 ], [ 542310.0, 1384728.0 ], [ 542306.0, 1384708.0 ], [ 542267.0, 1384715.0 ], [ 542267.8, 1384745.9 ] ] ] ] } },
{ "type": "Feature", "properties": { "Stt": 179.0, "Malo_cty": "5.15TK.N2.10.090", "Ten_lo": "B 16.2 - KV 2", "Dien_tich": "4.7", "Ma_cay": "CAO_SU", "Nam_trong": "2010", "QGIA": "Cambodia", "TINH": "Kampong Thom", "HUYEN": "Santuk", "XA": "Kraya", "Ten_NT": "NT 2", "To": 2.0, "Giong": "PB 260" }, "geometry": { "type": "MultiPolygon", "coordinates": [ [ [ [ 542179.8, 1384575.0 ], [ 542179.8, 1384816.0 ], [ 542382.0, 1384816.0 ], [ 542382.0, 1384575.0 ], [ 542179.8, 1384575.0 ] ], [ [ 542267.8, 1384745.9 ], [ 542267.0, 1384715.0 ], [ 542306.0, 1384708.0 ], [ 542310.0, 1384728.0 ], [ 542310.0, 1384729.0 ], [ 542303.0, 1384754.0 ], [ 542267.8, 1384745.9 ] ] ] ] } },
{ "type": "Feature", "properties": { "Stt": 164.0, "Malo_cty": "5.15TK.N2.10.084", "Ten_lo": "A 15.2 - KV 2", "Dien_tich": "4.3", "Ma_cay": "CAO_SU", "Nam_trong": "2010", "QGIA": "Cambodia", "TINH": "Kampong Thom", "HUYEN": "Santuk", "XA": "Kraya", "Ten_NT": "NT 2", "To": 2.0, "Giong": "PB 260" }, "geometry": { "type": "MultiPolygon", "coordinates": [ [ [ [ 541594.0, 1385316.0 ], [ 541688.0, 1385316.0 ], [ 541688.31, 1384824.0 ], [ 541641.36, 1384824.0 ], [ 541642.0, 1384833.0 ], [ 541642.0, 1384918.72 ], [ 541642.0, 1384969.0 ], [ 541588.0, 1384966.0 ], [ 541589.0, 1385029.0 ], [ 541594.0, 1385029.0 ], [ 541594.0, 1385043.51 ], [ 541594.0, 1385316.0 ] ] ] ] } },
{ "type": "Feature", "properties": { "Stt": 163.0, "Malo_cty": "5.15TK.N2.09.012", "Ten_lo": "A 15.1 - KV 2", "Dien_tich": "19.2", "Ma_cay": "CAO_SU", "Nam_trong": "2009", "QGIA": "Cambodia", "TINH": "Kampong Thom", "HUYEN": "Santuk", "XA": "Kraya", "Ten_NT": "NT 2", "To": 2.0, "Giong": "PB 260" }, "geometry": { "type": "MultiPolygon", "coordinates": [ [ [ [ 541688.31, 1384824.0 ], [ 541688.0, 1385316.0 ], [ 542072.0, 1385316.0 ], [ 542072.0, 1384824.0 ], [ 542035.76, 1384824.0 ], [ 541688.31, 1384824.0 ] ] ] ] } },
{ "type": "Feature", "properties": { "Stt": 177.0, "Malo_cty": "5.15TK.N2.10.089", "Ten_lo": "B 15.2 - KV 2", "Dien_tich": "0.9", "Ma_cay": "CAO_SU", "Nam_trong": "2010", "QGIA": "Cambodia", "TINH": "Kampong Thom", "HUYEN": "Santuk", "XA": "Kraya", "Ten_NT": "NT 2", "To": 2.0, "Giong": "PB 260" }, "geometry": { "type": "MultiPolygon", "coordinates": [ [ [ [ 542100.0, 1385316.0 ], [ 542099.46, 1384824.0 ], [ 542082.0, 1384824.0 ], [ 542082.0, 1385316.0 ], [ 542100.0, 1385316.0 ] ] ] ] } },
{ "type": "Feature", "properties": { "Stt": 171.0, "Malo_cty": "5.15TK.N2.09.022", "Ten_lo": "B 13.1 - KV 2", "Dien_tich": "11.9", "Ma_cay": "CAO_SU", "Nam_trong": "2009", "QGIA": "Cambodia", "TINH": "Kampong Thom", "HUYEN": "Santuk", "XA": "Kraya", "Ten_NT": "NT 2", "To": 2.0, "Giong": "PB 260" }, "geometry": { "type": "MultiPolygon", "coordinates": [ [ [ [ 542368.0, 1386316.0 ], [ 542367.75, 1386036.23 ], [ 542340.06, 1386078.92 ], [ 542326.14, 1386111.56 ], [ 542325.18, 1386152.37 ], [ 542305.49, 1386152.37 ], [ 542298.3, 1386171.1 ], [ 542284.37, 1386170.62 ], [ 542285.81, 1386193.18 ], [ 542266.61, 1386201.34 ], [ 542259.89, 1386222.47 ], [ 542258.44, 1386261.84 ], [ 542237.32, 1386274.81 ], [ 542236.84, 1386291.6 ], [ 542220.51, 1386296.89 ], [ 542210.91, 1386309.37 ], [ 542202.75, 1386310.33 ], [ 542211.87, 1386298.81 ], [ 542212.35, 1386268.08 ], [ 542242.6, 1386222.47 ], [ 542240.68, 1386178.3 ], [ 542253.17, 1386171.58 ], [ 542256.52, 1386134.13 ], [ 542270.93, 1386129.81 ], [ 542271.88, 1386080.84 ], [ 542300.69, 1386083.72 ], [ 542300.69, 1386061.63 ], [ 542316.06, 1386059.23 ], [ 542336.68, 1386025.59 ], [ 542318.16, 1386025.57 ], [ 542318.17, 1386025.57 ], [ 542318.0, 1385824.0 ], [ 542082.0, 1385824.0 ], [ 542082.0, 1386316.0 ], [ 542368.0, 1386316.0 ] ] ] ] } },
{ "type": "Feature", "properties": { "Stt": 462.0, "Malo_cty": "Song, suoi, trung", "Ten_lo": null, "Dien_tich": null, "Ma_cay": "CAO_SU", "Nam_trong": null, "QGIA": "Cambodia", "TINH": "Kampong Thom", "HUYEN": "Santuk", "XA": "Kraya", "Ten_NT": null, "To": 0.0, "Giong": null }, "geometry": { "type": "MultiPolygon", "coordinates": [ [ [ [ 542209.17, 1385611.95 ], [ 542209.47, 1385612.12 ], [ 542200.83, 1385703.34 ], [ 542193.14, 1385715.82 ], [ 542179.23, 1385743.68 ], [ 542184.02, 1385746.56 ], [ 542194.11, 1385742.72 ], [ 542203.71, 1385727.83 ], [ 542217.16, 1385700.94 ], [ 542224.83, 1385679.34 ], [ 542233.47, 1385673.58 ], [ 542277.65, 1385669.25 ], [ 542284.37, 1385688.46 ], [ 542321.33, 1385700.46 ], [ 542353.99, 1385731.19 ], [ 542382.31, 1385739.35 ], [ 542442.33, 1385756.63 ], [ 542450.97, 1385767.68 ], [ 542459.13, 1385804.16 ], [ 542443.29, 1385811.85 ], [ 542435.23, 1385816.0 ], [ 542435.12, 1385816.0 ], [ 542148.49, 1385816.0 ], [ 542149.88, 1385824.0 ], [ 542318.0, 1385824.0 ], [ 542416.4, 1385824.0 ], [ 542417.19, 1385824.0 ], [ 542415.92, 1385867.18 ], [ 542423.12, 1385874.39 ], [ 542441.85, 1385857.1 ], [ 542460.19, 1385824.0 ], [ 542477.86, 1385815.51 ], [ 542486.42, 1385824.0 ], [ 542486.02, 1385848.93 ], [ 542441.37, 1385905.59 ], [ 542394.32, 1385950.24 ], [ 542348.22, 1385985.3 ], [ 542343.42, 1386014.58 ], [ 542336.68, 1386025.59 ], [ 542316.06, 1386059.23 ], [ 542300.69, 1386061.63 ], [ 542300.69, 1386083.72 ], [ 542271.88, 1386080.84 ], [ 542270.93, 1386129.81 ], [ 542256.52, 1386134.13 ], [ 542253.17, 1386171.58 ], [ 542240.68, 1386178.3 ], [ 542242.6, 1386222.47 ], [ 542212.35, 1386268.08 ], [ 542211.87, 1386298.81 ], [ 542202.75, 1386310.33 ], [ 542210.91, 1386309.37 ], [ 542220.51, 1386296.89 ], [ 542236.84, 1386291.6 ], [ 542237.32, 1386274.81 ], [ 542258.44, 1386261.84 ], [ 542259.89, 1386222.47 ], [ 542266.61, 1386201.34 ], [ 542285.81, 1386193.18 ], [ 542284.37, 1386170.62 ], [ 542298.3, 1386171.1 ], [ 542305.49, 1386152.37 ], [ 542325.18, 1386152.37 ], [ 542326.14, 1386111.56 ], [ 542340.06, 1386078.92 ], [ 542367.75, 1386036.23 ], [ 542374.64, 1386025.62 ], [ 542395.27, 1385984.33 ], [ 542458.65, 1385937.76 ], [ 542502.34, 1385906.97 ], [ 542471.14, 1385646.7 ], [ 542386.63, 1385650.53 ], [ 542332.86, 1385646.21 ], [ 542265.64, 1385621.72 ], [ 542235.54, 1385611.95 ], [ 542210.91, 1385603.96 ], [ 542153.3, 1385567.47 ], [ 542143.69, 1385536.75 ], [ 542136.01, 1385537.71 ], [ 542142.25, 1385573.23 ], [ 542209.17, 1385611.95 ] ] ], [ [ [ 542336.68, 1386025.59 ], [ 542318.17, 1386025.57 ], [ 542318.16, 1386025.57 ], [ 542336.68, 1386025.59 ] ] ] ] } },
{ "type": "Feature", "properties": { "Stt": 172.0, "Malo_cty": "5.15TK.N2.09.023", "Ten_lo": "B 13.2 - KV 2", "Dien_tich": "5.1", "Ma_cay": "CAO_SU", "Nam_trong": "2009", "QGIA": "Cambodia", "TINH": "Kampong Thom", "HUYEN": "Santuk", "XA": "Kraya", "Ten_NT": "NT 2", "To": 2.0, "Giong": "RRIV 4" }, "geometry": { "type": "MultiPolygon", "coordinates": [ [ [ [ 542367.75, 1386036.23 ], [ 542368.0, 1386316.0 ], [ 542566.0, 1386316.0 ], [ 542538.83, 1386122.13 ], [ 542520.07, 1386025.74 ], [ 542374.64, 1386025.62 ], [ 542367.75, 1386036.23 ] ] ] ] } },
{ "type": "Feature", "properties": { "Stt": 170.0, "Malo_cty": "5.15TK.N2.10.086", "Ten_lo": "B 12.2 - KV 2", "Dien_tich": "9.1", "Ma_cay": "CAO_SU", "Nam_trong": "2010", "QGIA": "Cambodia", "TINH": "Kampong Thom", "HUYEN": "Santuk", "XA": "Kraya", "Ten_NT": "NT 2", "To": 2.0, "Giong": "PB 260" }, "geometry": { "type": "MultiPolygon", "coordinates": [ [ [ [ 542082.0, 1386324.0 ], [ 542082.0, 1386615.0 ], [ 542545.65, 1386614.65 ], [ 542545.0, 1386614.0 ], [ 542551.0, 1386568.0 ], [ 542552.0, 1386464.0 ], [ 542558.0, 1386463.0 ], [ 542558.0, 1386324.0 ], [ 542082.0, 1386324.0 ] ] ] ] } },
{ "type": "Feature", "properties": { "Stt": 159.0, "Malo_cty": "5.15TK.N2.10.082", "Ten_lo": "A 12.2 - KV 2", "Dien_tich": "12.3", "Ma_cay": "CAO_SU", "Nam_trong": "2010", "QGIA": "Cambodia", "TINH": "Kampong Thom", "HUYEN": "Santuk", "XA": "Kraya", "Ten_NT": "NT 2", "To": 2.0, "Giong": "PB 260" }, "geometry": { "type": "MultiPolygon", "coordinates": [ [ [ [ 541581.0, 1386563.0 ], [ 542072.0, 1386562.89 ], [ 542072.0, 1386324.0 ], [ 541582.51, 1386324.0 ], [ 541582.0, 1386325.0 ], [ 541581.0, 1386563.0 ] ] ] ] } },
{ "type": "Feature", "properties": { "Stt": 160.0, "Malo_cty": "5.15TK.N2.09.010", "Ten_lo": "A 13.1 - KV 2", "Dien_tich": "23.1", "Ma_cay": "CAO_SU", "Nam_trong": "2009", "QGIA": "Cambodia", "TINH": "Kampong Thom", "HUYEN": "Santuk", "XA": "Kraya", "Ten_NT": "NT 2", "To": 2.0, "Giong": "IRCA 130" }, "geometry": { "type": "MultiPolygon", "coordinates": [ [ [ [ 541586.0, 1386316.0 ], [ 542059.0, 1386316.0 ], [ 542058.92, 1385824.0 ], [ 541587.23, 1385824.0 ], [ 541580.0, 1385824.0 ], [ 541581.0, 1386025.0 ], [ 541586.0, 1386025.0 ], [ 541586.0, 1386316.0 ] ] ] ] } },
{ "type": "Feature", "properties": { "Stt": 175.0, "Malo_cty": "5.15TK.N2.10.088", "Ten_lo": "B 14.2 - KV 2", "Dien_tich": "6.2", "Ma_cay": "CAO_SU", "Nam_trong": "2010", "QGIA": "Cambodia", "TINH": "Kampong Thom", "HUYEN": "Santuk", "XA": "Kraya", "Ten_NT": "NT 2", "To": 2.0, "Giong": "PB 260" }, "geometry": { "type": "MultiPolygon", "coordinates": [ [ [ [ 542209.17, 1385611.95 ], [ 542082.0, 1385611.95 ], [ 542082.0, 1385816.0 ], [ 542435.12, 1385816.0 ], [ 542435.23, 1385816.0 ], [ 542443.29, 1385811.85 ], [ 542459.13, 1385804.16 ], [ 542450.97, 1385767.68 ], [ 542442.33, 1385756.63 ], [ 542382.31, 1385739.35 ], [ 542353.99, 1385731.19 ], [ 542321.33, 1385700.46 ], [ 542284.37, 1385688.46 ], [ 542277.65, 1385669.25 ], [ 542233.47, 1385673.58 ], [ 542224.83, 1385679.34 ], [ 542217.16, 1385700.94 ], [ 542203.71, 1385727.83 ], [ 542194.11, 1385742.72 ], [ 542184.02, 1385746.56 ], [ 542179.23, 1385743.68 ], [ 542193.14, 1385715.82 ], [ 542200.83, 1385703.34 ], [ 542209.47, 1385612.12 ], [ 542209.17, 1385611.95 ] ] ], [ [ [ 542502.87, 1385611.95 ], [ 542235.54, 1385611.95 ], [ 542265.64, 1385621.72 ], [ 542332.86, 1385646.21 ], [ 542386.63, 1385650.53 ], [ 542471.14, 1385646.7 ], [ 542502.87, 1385611.95 ] ] ] ] } },
{ "type": "Feature", "properties": { "Stt": 173.0, "Malo_cty": "5.15TK.N2.10.087", "Ten_lo": "B 13.3 - KV 2", "Dien_tich": "3.3", "Ma_cay": "CAO_SU", "Nam_trong": "2010", "QGIA": "Cambodia", "TINH": "Kampong Thom", "HUYEN": "Santuk", "XA": "Kraya", "Ten_NT": "NT 2", "To": 2.0, "Giong": "PB 260" }, "geometry": { "type": "MultiPolygon", "coordinates": [ [ [ [ 542318.0, 1385824.0 ], [ 542318.17, 1386025.57 ], [ 542336.68, 1386025.59 ], [ 542343.42, 1386014.58 ], [ 542348.22, 1385985.3 ], [ 542394.32, 1385950.24 ], [ 542441.37, 1385905.59 ], [ 542486.02, 1385848.93 ], [ 542486.42, 1385824.0 ], [ 542477.86, 1385815.51 ], [ 542460.19, 1385824.0 ], [ 542441.85, 1385857.1 ], [ 542423.12, 1385874.39 ], [ 542415.92, 1385867.18 ], [ 542417.19, 1385824.0 ], [ 542416.4, 1385824.0 ], [ 542318.0, 1385824.0 ] ] ], [ [ [ 542374.64, 1386025.62 ], [ 542520.07, 1386025.74 ], [ 542514.34, 1385996.33 ], [ 542502.34, 1385906.97 ], [ 542458.65, 1385937.76 ], [ 542395.27, 1385984.33 ], [ 542374.64, 1386025.62 ] ] ] ] } },
{ "type": "Feature", "properties": { "Stt": 161.0, "Malo_cty": "5.15TK.N2.10.083", "Ten_lo": "A 13.2 - KV 2", "Dien_tich": "1.4", "Ma_cay": "CAO_SU", "Nam_trong": "2010", "QGIA": "Cambodia", "TINH": "Kampong Thom", "HUYEN": "Santuk", "XA": "Kraya", "Ten_NT": "NT 2", "To": 2.0, "Giong": "PB 260" }, "geometry": { "type": "MultiPolygon", "coordinates": [ [ [ [ 542058.92, 1385824.0 ], [ 542059.0, 1386316.0 ], [ 542072.0, 1386316.0 ], [ 542072.0, 1385824.0 ], [ 542058.92, 1385824.0 ] ] ] ] } },
{ "type": "Feature", "properties": { "Stt": 162.0, "Malo_cty": "5.15TK.N2.09.011", "Ten_lo": "A 14 - KV 2", "Dien_tich": "23.7", "Ma_cay": "CAO_SU", "Nam_trong": "2009", "QGIA": "Cambodia", "TINH": "Kampong Thom", "HUYEN": "Santuk", "XA": "Kraya", "Ten_NT": "NT 2", "To": 2.0, "Giong": "PB 260" }, "geometry": { "type": "MultiPolygon", "coordinates": [ [ [ [ 541587.0, 1385816.0 ], [ 542072.0, 1385816.0 ], [ 542072.0, 1385324.0 ], [ 541592.22, 1385324.0 ], [ 541592.0, 1385325.0 ], [ 541592.0, 1385417.0 ], [ 541586.0, 1385417.0 ], [ 541587.0, 1385816.0 ] ] ] ] } },
{ "type": "Feature", "properties": { "Stt": 156.0, "Malo_cty": "5.15TK.N2.09.008", "Ten_lo": "A 10 - KV 2", "Dien_tich": "24.4", "Ma_cay": "CAO_SU", "Nam_trong": "2009", "QGIA": "Cambodia", "TINH": "Kampong Thom", "HUYEN": "Santuk", "XA": "Kraya", "Ten_NT": "NT 2", "To": 2.0, "Giong": "RRIC 121" }, "geometry": { "type": "MultiPolygon", "coordinates": [ [ [ [ 542073.0, 1387821.6 ], [ 542073.0, 1387323.99 ], [ 541586.0, 1387323.99 ], [ 541586.0, 1387324.0 ], [ 541586.0, 1387796.0 ], [ 541597.0, 1387814.0 ], [ 541673.0, 1387816.0 ], [ 541710.0, 1387820.0 ], [ 541779.0, 1387822.0 ], [ 541931.0, 1387830.0 ], [ 542008.0, 1387825.0 ], [ 542033.0, 1387827.0 ], [ 542072.0, 1387822.0 ], [ 542073.0, 1387821.6 ] ] ] ] } },
{ "type": "Feature", "properties": { "Stt": 158.0, "Malo_cty": "5.15TK.N2.09.009", "Ten_lo": "A 12.1 - KV 2", "Dien_tich": "11.6", "Ma_cay": "CAO_SU", "Nam_trong": "2009", "QGIA": "Cambodia", "TINH": "Kampong Thom", "HUYEN": "Santuk", "XA": "Kraya", "Ten_NT": "NT 2", "To": 2.0, "Giong": "PB 260" }, "geometry": { "type": "MultiPolygon", "coordinates": [ [ [ [ 541597.91, 1386816.0 ], [ 542072.0, 1386816.0 ], [ 542072.0, 1386562.89 ], [ 541581.0, 1386563.0 ], [ 541581.0, 1386564.0 ], [ 541580.0, 1386617.0 ], [ 541587.0, 1386617.0 ], [ 541587.0, 1386689.0 ], [ 541594.0, 1386689.0 ], [ 541593.0, 1386764.0 ], [ 541597.91, 1386816.0 ] ] ] ] } },
{ "type": "Feature", "properties": { "Stt": 451.0, "Malo_cty": "Nha doi", "Ten_lo": null, "Dien_tich": "0.5", "Ma_cay": "CAO_SU", "Nam_trong": null, "QGIA": "Cambodia", "TINH": "Kampong Thom", "HUYEN": "Santuk", "XA": "Kraya", "Ten_NT": null, "To": 0.0, "Giong": null }, "geometry": { "type": "MultiPolygon", "coordinates": [ [ [ [ 542183.16, 1386816.21 ], [ 542183.16, 1386766.21 ], [ 542082.16, 1386766.21 ], [ 542082.16, 1386816.21 ], [ 542183.16, 1386816.21 ] ] ] ] } },
{ "type": "Feature", "properties": { "Stt": 168.0, "Malo_cty": "5.15TK.N2.10.085", "Ten_lo": "B 11.2 - KV 2", "Dien_tich": "11.4", "Ma_cay": "CAO_SU", "Nam_trong": "2010", "QGIA": "Cambodia", "TINH": "Kampong Thom", "HUYEN": "Santuk", "XA": "Kraya", "Ten_NT": "NT 2", "To": 2.0, "Giong": "PB 260" }, "geometry": { "type": "MultiPolygon", "coordinates": [ [ [ [ 542307.0, 1387156.96 ], [ 542484.06, 1387157.03 ], [ 542484.0, 1387157.0 ], [ 542410.0, 1387157.0 ], [ 542411.0, 1387109.0 ], [ 542404.0, 1387104.0 ], [ 542404.44, 1387093.84 ], [ 542405.0, 1387081.0 ], [ 542399.0, 1387078.0 ], [ 542398.0, 1387052.0 ], [ 542407.0, 1387036.0 ], [ 542429.0, 1387040.0 ], [ 542438.0, 1387036.0 ], [ 542448.0, 1387025.0 ], [ 542496.0, 1387013.0 ], [ 542500.0, 1387002.0 ], [ 542505.0, 1386942.0 ], [ 542511.0, 1386919.0 ], [ 542511.0, 1386872.0 ], [ 542514.0, 1386825.0 ], [ 542521.0, 1386816.0 ], [ 542514.77, 1386824.0 ], [ 542513.98, 1386824.0 ], [ 542082.0, 1386824.0 ], [ 542082.0, 1387094.0 ], [ 542306.96, 1387093.89 ], [ 542307.0, 1387156.96 ] ] ] ] } },
{ "type": "Feature", "properties": { "Stt": 166.0, "Malo_cty": "5.15TK.N2.09.019", "Ten_lo": "B 10 - KV 2", "Dien_tich": "16.1", "Ma_cay": "CAO_SU", "Nam_trong": "2009", "QGIA": "Cambodia", "TINH": "Kampong Thom", "HUYEN": "Santuk", "XA": "Kraya", "Ten_NT": "NT 2", "To": 2.0, "Giong": "PB 260" }, "geometry": { "type": "MultiPolygon", "coordinates": [ [ [ [ 542469.02, 1387324.99 ], [ 542081.0, 1387324.99 ], [ 542081.0, 1387818.01 ], [ 542082.0, 1387818.0 ], [ 542261.0, 1387820.0 ], [ 542274.0, 1387813.0 ], [ 542274.0, 1387784.0 ], [ 542305.0, 1387798.0 ], [ 542324.0, 1387793.0 ], [ 542352.0, 1387731.0 ], [ 542367.0, 1387688.0 ], [ 542394.0, 1387601.0 ], [ 542395.0, 1387563.0 ], [ 542409.0, 1387562.0 ], [ 542426.0, 1387521.0 ], [ 542426.0, 1387480.0 ], [ 542447.0, 1387423.0 ], [ 542447.0, 1387406.0 ], [ 542457.0, 1387396.0 ], [ 542457.0, 1387375.0 ], [ 542469.0, 1387375.0 ], [ 542470.0, 1387375.0 ], [ 542469.02, 1387324.99 ] ] ] ] } },
{ "type": "Feature", "properties": { "Stt": 169.0, "Malo_cty": "5.15TK.N2.09.021", "Ten_lo": "B 12.1 - KV 2", "Dien_tich": "13.7", "Ma_cay": "CAO_SU", "Nam_trong": "2009", "QGIA": "Cambodia", "TINH": "Kampong Thom", "HUYEN": "Santuk", "XA": "Kraya", "Ten_NT": "NT 2", "To": 2.0, "Giong": "PB 260" }, "geometry": { "type": "MultiPolygon", "coordinates": [ [ [ [ 542545.65, 1386614.65 ], [ 542082.0, 1386615.0 ], [ 542082.0, 1386765.9 ], [ 542183.17, 1386765.9 ], [ 542183.38, 1386816.0 ], [ 542520.83, 1386816.0 ], [ 542521.0, 1386816.0 ], [ 542546.0, 1386662.0 ], [ 542546.0, 1386615.0 ], [ 542545.65, 1386614.65 ] ] ] ] } },
{ "type": "Feature", "properties": { "Stt": 167.0, "Malo_cty": "5.15TK.N2.09.020", "Ten_lo": "B 11.1 - KV 2", "Dien_tich": "8", "Ma_cay": "CAO_SU", "Nam_trong": "2009", "QGIA": "Cambodia", "TINH": "Kampong Thom", "HUYEN": "Santuk", "XA": "Kraya", "Ten_NT": "NT 2", "To": 2.0, "Giong": "RRIV 4" }, "geometry": { "type": "MultiPolygon", "coordinates": [ [ [ [ 542494.0, 1387163.0 ], [ 542485.63, 1387157.98 ], [ 542484.06, 1387157.03 ], [ 542307.0, 1387156.96 ], [ 542307.0, 1387158.02 ], [ 542306.96, 1387093.89 ], [ 542082.0, 1387094.0 ], [ 542082.0, 1387158.06 ], [ 542082.0, 1387310.04 ], [ 542082.0, 1387315.0 ], [ 542487.09, 1387315.0 ], [ 542493.0, 1387249.0 ], [ 542494.0, 1387163.0 ] ] ] ] } },
{ "type": "Feature", "properties": { "Stt": 157.0, "Malo_cty": "5.15TK.N2.10.081", "Ten_lo": "A 11 - KV 2", "Dien_tich": "23.7", "Ma_cay": "CAO_SU", "Nam_trong": "2010", "QGIA": "Cambodia", "TINH": "Kampong Thom", "HUYEN": "Santuk", "XA": "Kraya", "Ten_NT": "NT 2", "To": 2.0, "Giong": "RRIV 1" }, "geometry": { "type": "MultiPolygon", "coordinates": [ [ [ [ 541584.0, 1387316.0 ], [ 542072.0, 1387316.0 ], [ 542072.0, 1387310.04 ], [ 542072.0, 1387309.96 ], [ 542072.0, 1386824.0 ], [ 541600.0, 1386824.0 ], [ 541600.0, 1386848.0 ], [ 541636.0, 1386874.0 ], [ 541630.0, 1386899.0 ], [ 541629.0, 1386917.0 ], [ 541636.0, 1386917.0 ], [ 541638.0, 1386928.0 ], [ 541615.0, 1386934.0 ], [ 541602.0, 1386924.0 ], [ 541602.0, 1386971.0 ], [ 541596.0, 1386971.0 ], [ 541595.0, 1387019.0 ], [ 541590.0, 1387019.0 ], [ 541584.0, 1387031.0 ], [ 541584.0, 1387058.0 ], [ 541572.0, 1387077.0 ], [ 541571.0, 1387140.0 ], [ 541567.83, 1387140.0 ], [ 541567.85, 1387222.14 ], [ 541579.0, 1387223.0 ], [ 541579.0, 1387262.0 ], [ 541584.0, 1387263.0 ], [ 541585.0, 1387263.0 ], [ 541584.0, 1387316.0 ] ] ] ] } },
{ "type": "Feature", "properties": { "Stt": 290.0, "Malo_cty": "5.15TK.N3.12.155", "Ten_lo": "R 23.2 - KV 2", "Dien_tich": "22", "Ma_cay": "CAO_SU", "Nam_trong": "2012", "QGIA": "Cambodia", "TINH": "Kampong Thom", "HUYEN": "Santuk", "XA": "Kraya", "Ten_NT": "NT 3", "To": 2.0, "Giong": "RRIV 107" }, "geometry": { "type": "MultiPolygon", "coordinates": [ [ [ [ 550572.13, 1381211.01 ], [ 550572.1, 1380824.0 ], [ 550081.07, 1380824.0 ], [ 550073.06, 1380824.0 ], [ 550045.79, 1380824.0 ], [ 550046.0, 1381040.26 ], [ 550049.0, 1381044.0 ], [ 550095.0, 1381112.0 ], [ 550125.0, 1381138.0 ], [ 550163.0, 1381187.0 ], [ 550217.0, 1381241.0 ], [ 550256.0, 1381291.0 ], [ 550293.0, 1381288.0 ], [ 550317.0, 1381281.0 ], [ 550338.0, 1381270.0 ], [ 550341.0, 1381252.0 ], [ 550366.0, 1381251.0 ], [ 550428.0, 1381228.0 ], [ 550440.0, 1381212.0 ], [ 550572.13, 1381211.01 ] ] ], [ [ [ 550572.13, 1381316.14 ], [ 550572.13, 1381242.04 ], [ 550525.0, 1381243.0 ], [ 550510.0, 1381253.0 ], [ 550447.0, 1381253.0 ], [ 550437.0, 1381272.0 ], [ 550409.0, 1381272.0 ], [ 550387.0, 1381316.0 ], [ 550386.92, 1381316.11 ], [ 550572.13, 1381316.14 ] ] ] ] } },
{ "type": "Feature", "properties": { "Stt": 490.0, "Malo_cty": "Song, suoi, trung", "Ten_lo": null, "Dien_tich": null, "Ma_cay": "CAO_SU", "Nam_trong": null, "QGIA": "Cambodia", "TINH": "Kampong Thom", "HUYEN": "Santuk", "XA": "Kraya", "Ten_NT": null, "To": 0.0, "Giong": null }, "geometry": { "type": "MultiPolygon", "coordinates": [ [ [ [ 550256.0, 1381291.0 ], [ 550320.34, 1381316.1 ], [ 550401.21, 1381316.11 ], [ 550401.22, 1381316.11 ], [ 550386.92, 1381316.11 ], [ 550387.0, 1381316.0 ], [ 550409.0, 1381272.0 ], [ 550437.0, 1381272.0 ], [ 550447.0, 1381253.0 ], [ 550510.0, 1381253.0 ], [ 550525.0, 1381243.0 ], [ 550572.13, 1381242.04 ], [ 550572.13, 1381300.14 ], [ 550572.13, 1381196.59 ], [ 550572.13, 1381211.01 ], [ 550440.0, 1381212.0 ], [ 550428.0, 1381228.0 ], [ 550366.0, 1381251.0 ], [ 550341.0, 1381252.0 ], [ 550338.0, 1381270.0 ], [ 550317.0, 1381281.0 ], [ 550293.0, 1381288.0 ], [ 550256.0, 1381291.0 ] ] ], [ [ [ 550582.12, 1381209.99 ], [ 550582.12, 1381234.99 ], [ 550614.0, 1381232.0 ], [ 550636.0, 1381223.0 ], [ 550638.0, 1381210.0 ], [ 550616.0, 1381207.0 ], [ 550582.12, 1381209.99 ] ] ] ] } },
{ "type": "Feature", "properties": { "Stt": 288.0, "Malo_cty": "5.15TK.N3.12.153", "Ten_lo": "R 22 - KV 2", "Dien_tich": "6", "Ma_cay": "CAO_SU", "Nam_trong": "2012", "QGIA": "Cambodia", "TINH": "Kampong Thom", "HUYEN": "Santuk", "XA": "Kraya", "Ten_NT": "NT 3", "To": 2.0, "Giong": "RRIV 1" }, "geometry": { "type": "MultiPolygon", "coordinates": [ [ [ [ 550320.94, 1381324.1 ], [ 550321.0, 1381326.0 ], [ 550324.0, 1381402.0 ], [ 550353.0, 1381432.0 ], [ 550477.0, 1381608.0 ], [ 550515.0, 1381663.0 ], [ 550543.0, 1381715.0 ], [ 550573.16, 1381763.37 ], [ 550573.16, 1381741.87 ], [ 550573.16, 1381731.53 ], [ 550573.15, 1381616.29 ], [ 550573.16, 1381616.29 ], [ 550573.15, 1381480.92 ], [ 550573.13, 1381324.14 ], [ 550320.94, 1381324.1 ] ] ] ] } },
{ "type": "Feature", "properties": { "Stt": 292.0, "Malo_cty": "5.15TK.N3.12.159", "Ten_lo": "S 23 - KV 2", "Dien_tich": "24.3", "Ma_cay": "CAO_SU", "Nam_trong": "2012", "QGIA": "Cambodia", "TINH": "Kampong Thom", "HUYEN": "Santuk", "XA": "Kraya", "Ten_NT": "NT 3", "To": 2.0, "Giong": "RRIV 107" }, "geometry": { "type": "MultiPolygon", "coordinates": [ [ [ [ 550582.09, 1380819.99 ], [ 550582.12, 1381209.99 ], [ 550616.0, 1381207.0 ], [ 550638.0, 1381210.0 ], [ 550636.0, 1381223.0 ], [ 550614.0, 1381232.0 ], [ 550582.12, 1381234.99 ], [ 550582.13, 1381315.14 ], [ 551074.0, 1381315.21 ], [ 551074.0, 1380824.0 ], [ 550582.1, 1380824.0 ], [ 550582.09, 1380819.99 ] ] ] ] } },
{ "type": "Feature", "properties": { "Stt": 291.0, "Malo_cty": "5.15TK.N3.12.158", "Ten_lo": "S 22 - KV 2", "Dien_tich": "24.1", "Ma_cay": "CAO_SU", "Nam_trong": "2012", "QGIA": "Cambodia", "TINH": "Kampong Thom", "HUYEN": "Santuk", "XA": "Kraya", "Ten_NT": "NT 3", "To": 2.0, "Giong": "RRIV 107" }, "geometry": { "type": "MultiPolygon", "coordinates": [ [ [ [ 550581.16, 1381771.2 ], [ 550589.0, 1381781.0 ], [ 550606.0, 1381796.0 ], [ 550641.0, 1381815.0 ], [ 550640.0, 1381815.0 ], [ 550711.1, 1381816.85 ], [ 550805.53, 1381816.84 ], [ 550841.75, 1381816.84 ], [ 551074.0, 1381816.8 ], [ 551074.0, 1381325.21 ], [ 551077.12, 1381325.21 ], [ 550581.14, 1381325.14 ], [ 550581.15, 1381481.01 ], [ 550581.16, 1381629.98 ], [ 550581.15, 1381629.98 ], [ 550581.16, 1381731.53 ], [ 550581.16, 1381741.87 ], [ 550581.16, 1381765.35 ], [ 550581.16, 1381771.2 ] ] ] ] } },
{ "type": "Feature", "properties": { "Stt": 289.0, "Malo_cty": "5.15TK.N3.12.154", "Ten_lo": "R 23.1 - KV 2", "Dien_tich": "2.1", "Ma_cay": "CAO_SU", "Nam_trong": "2012", "QGIA": "Cambodia", "TINH": "Kampong Thom", "HUYEN": "Santuk", "XA": "Kraya", "Ten_NT": "NT 3", "To": 2.0, "Giong": "RRIV 1" }, "geometry": { "type": "MultiPolygon", "coordinates": [ [ [ [ 550046.0, 1381040.26 ], [ 550045.79, 1380824.0 ], [ 549851.22, 1380824.0 ], [ 549855.0, 1380825.0 ], [ 549855.0, 1380835.0 ], [ 549901.0, 1380892.0 ], [ 549952.0, 1380923.0 ], [ 550046.0, 1381040.26 ] ] ] ] } },
{ "type": "Feature", "properties": { "Stt": 251.0, "Malo_cty": "5.15TK.N2.12.131", "Ten_lo": "Q 19 - KV 4", "Dien_tich": "15.2", "Ma_cay": "CAO_SU", "Nam_trong": "2012", "QGIA": "Cambodia", "TINH": "Kampong Thom", "HUYEN": "Santuk", "XA": "Kraya", "Ten_NT": "NT 2", "To": 4.0, "Giong": "PB 255" }, "geometry": { "type": "MultiPolygon", "coordinates": [ [ [ [ 549830.8, 1383316.0 ], [ 549832.0, 1383315.0 ], [ 549842.0, 1383266.0 ], [ 549868.0, 1383221.0 ], [ 549888.0, 1383176.0 ], [ 549905.0, 1383111.0 ], [ 549905.0, 1382901.0 ], [ 549891.0, 1382886.0 ], [ 549873.0, 1382825.0 ], [ 549581.05, 1382825.0 ], [ 549581.1, 1383316.0 ], [ 549830.8, 1383316.0 ] ] ] ] } },
{ "type": "Feature", "properties": { "Stt": 449.0, "Malo_cty": "Song, suoi, trung", "Ten_lo": null, "Dien_tich": null, "Ma_cay": "CAO_SU", "Nam_trong": null, "QGIA": "Cambodia", "TINH": "Kampong Thom", "HUYEN": "Santuk", "XA": "Kraya", "Ten_NT": null, "To": 0.0, "Giong": null }, "geometry": { "type": "MultiPolygon", "coordinates": [ [ [ [ 550586.0, 1383812.0 ], [ 550581.34, 1383912.73 ], [ 550582.0, 1383913.0 ], [ 550612.0, 1383946.0 ], [ 550613.0, 1383970.0 ], [ 550622.0, 1383970.0 ], [ 550640.0, 1384001.0 ], [ 550633.0, 1384011.0 ], [ 550653.0, 1384047.0 ], [ 550662.0, 1384046.0 ], [ 550677.0, 1384036.0 ], [ 550677.0, 1384028.0 ], [ 550642.0, 1383987.0 ], [ 550632.0, 1383939.0 ], [ 550594.0, 1383897.0 ], [ 550587.0, 1383865.0 ], [ 550586.0, 1383812.0 ] ] ] ] } },
{ "type": "Feature", "properties": { "Stt": 82.0, "Malo_cty": "5.15TK.N1.11.104", "Ten_lo": "S 16.2 - KV 3", "Dien_tich": "9.8", "Ma_cay": "CAO_SU", "Nam_trong": "2011", "QGIA": "Cambodia", "TINH": "Kampong Thom", "HUYEN": "Santuk", "XA": "Kraya", "Ten_NT": "NT 1", "To": 3.0, "Giong": "PB 260" }, "geometry": { "type": "MultiPolygon", "coordinates": [ [ [ [ 550581.39, 1384567.0 ], [ 550979.0, 1384567.0 ], [ 550979.0, 1384323.99 ], [ 550581.37, 1384323.99 ], [ 550581.39, 1384567.0 ] ] ] ] } },
{ "type": "Feature", "properties": { "Stt": 254.0, "Malo_cty": "5.15TK.N2.10.080", "Ten_lo": "R 17 - KV 4", "Dien_tich": "4.7", "Ma_cay": "CAO_SU", "Nam_trong": "2010", "QGIA": "Cambodia", "TINH": "Kampong Thom", "HUYEN": "Santuk", "XA": "Kraya", "Ten_NT": "NT 2", "To": 4.0, "Giong": "PB 255" }, "geometry": { "type": "MultiPolygon", "coordinates": [ [ [ [ 550336.11, 1384316.0 ], [ 550573.37, 1384316.0 ], [ 550573.34, 1383909.43 ], [ 550565.0, 1383906.0 ], [ 550336.0, 1383899.0 ], [ 550336.0, 1384315.0 ], [ 550336.11, 1384316.0 ] ] ] ] } },
{ "type": "Feature", "properties": { "Stt": 253.0, "Malo_cty": "5.15TK.N2.10.079", "Ten_lo": "R 16 - KV 4", "Dien_tich": "24.2", "Ma_cay": "CAO_SU", "Nam_trong": "2010", "QGIA": "Cambodia", "TINH": "Kampong Thom", "HUYEN": "Santuk", "XA": "Kraya", "Ten_NT": "NT 2", "To": 4.0, "Giong": "IRCA 130" }, "geometry": { "type": "MultiPolygon", "coordinates": [ [ [ [ 550081.35, 1384349.96 ], [ 550081.39, 1384805.0 ], [ 550081.39, 1384815.0 ], [ 550573.41, 1384815.0 ], [ 550573.41, 1384805.0 ], [ 550573.37, 1384323.99 ], [ 550218.27, 1384323.99 ], [ 550081.35, 1384349.93 ], [ 550081.35, 1384349.96 ] ] ] ] } },
{ "type": "Feature", "properties": { "Stt": 76.0, "Malo_cty": "5.15TK.N1.10.064", "Ten_lo": "R 15 - KV 3", "Dien_tich": "24.3", "Ma_cay": "CAO_SU", "Nam_trong": "2010", "QGIA": "Cambodia", "TINH": "Kampong Thom", "HUYEN": "Santuk", "XA": "Kraya", "Ten_NT": "NT 1", "To": 3.0, "Giong": "IRCA 130" }, "geometry": { "type": "MultiPolygon", "coordinates": [ [ [ [ 550573.41, 1384825.0 ], [ 550081.39, 1384825.0 ], [ 550081.39, 1384835.0 ], [ 550081.43, 1385316.0 ], [ 550573.45, 1385316.0 ], [ 550573.41, 1384835.0 ], [ 550573.41, 1384825.0 ] ] ] ] } },
{ "type": "Feature", "properties": { "Stt": 250.0, "Malo_cty": "5.15TK.N2.10.078", "Ten_lo": "Q 16 - KV 4", "Dien_tich": "24.7", "Ma_cay": "CAO_SU", "Nam_trong": "2010", "QGIA": "Cambodia", "TINH": "Kampong Thom", "HUYEN": "Santuk", "XA": "Kraya", "Ten_NT": "NT 2", "To": 4.0, "Giong": "RRIV 3" }, "geometry": { "type": "MultiPolygon", "coordinates": [ [ [ [ 550073.0, 1384351.0 ], [ 549915.0, 1384361.0 ], [ 549839.0, 1384342.0 ], [ 549780.0, 1384304.0 ], [ 549756.0, 1384279.0 ], [ 549682.0, 1384240.0 ], [ 549643.0, 1384230.0 ], [ 549581.19, 1384222.02 ], [ 549581.2, 1384316.0 ], [ 549581.2, 1384323.99 ], [ 549581.24, 1384746.28 ], [ 549711.25, 1384746.28 ], [ 549711.25, 1384815.0 ], [ 550073.39, 1384815.0 ], [ 550073.39, 1384805.0 ], [ 550073.35, 1384351.48 ], [ 550073.0, 1384351.0 ] ] ] ] } },
{ "type": "Feature", "properties": { "Stt": 69.0, "Malo_cty": "5.15TK.N1.10.099", "Ten_lo": "P 15 - KV 3", "Dien_tich": "22.5", "Ma_cay": "CAO_SU", "Nam_trong": "2010", "QGIA": "Cambodia", "TINH": "Kampong Thom", "HUYEN": "Santuk", "XA": "Kraya", "Ten_NT": "NT 1", "To": 3.0, "Giong": "RRIV 1" }, "geometry": { "type": "MultiPolygon", "coordinates": [ [ [ [ 549081.0, 1384908.94 ], [ 549081.0, 1384981.4 ], [ 549081.0, 1385125.57 ], [ 549081.0, 1385141.0 ], [ 549104.0, 1385153.0 ], [ 549131.0, 1385175.0 ], [ 549240.0, 1385315.0 ], [ 549241.4, 1385316.0 ], [ 549247.96, 1385316.0 ], [ 549475.9, 1385316.0 ], [ 549512.14, 1385316.0 ], [ 549573.3, 1385316.0 ], [ 549572.87, 1384927.39 ], [ 549509.68, 1384927.39 ], [ 549509.67, 1384825.83 ], [ 549081.0, 1384825.0 ], [ 549081.0, 1384835.0 ], [ 549081.0, 1384908.94 ] ] ] ] } },
{ "type": "Feature", "properties": { "Stt": 75.0, "Malo_cty": "5.15TK.N1.10.063", "Ten_lo": "R 14 - KV 3", "Dien_tich": "24.3", "Ma_cay": "CAO_SU", "Nam_trong": "2010", "QGIA": "Cambodia", "TINH": "Kampong Thom", "HUYEN": "Santuk", "XA": "Kraya", "Ten_NT": "NT 1", "To": 3.0, "Giong": "PB 260" }, "geometry": { "type": "MultiPolygon", "coordinates": [ [ [ [ 550573.49, 1385816.0 ], [ 550573.45, 1385324.0 ], [ 550081.43, 1385324.0 ], [ 550081.47, 1385816.0 ], [ 550573.49, 1385816.0 ] ] ] ] } },
{ "type": "Feature", "properties": { "Stt": 74.0, "Malo_cty": "5.15TK.N1.10.101", "Ten_lo": "R 13 - KV 3", "Dien_tich": "14.4", "Ma_cay": "CAO_SU", "Nam_trong": "2010", "QGIA": "Cambodia", "TINH": "Kampong Thom", "HUYEN": "Santuk", "XA": "Kraya", "Ten_NT": "NT 1", "To": 3.0, "Giong": "RRIV 1" }, "geometry": { "type": "MultiPolygon", "coordinates": [ [ [ [ 550081.49, 1385976.51 ], [ 550121.0, 1385985.0 ], [ 550135.0, 1385987.0 ], [ 550138.0, 1386017.0 ], [ 550203.0, 1386045.0 ], [ 550265.0, 1386061.0 ], [ 550301.0, 1386096.0 ], [ 550394.0, 1386160.0 ], [ 550461.0, 1386202.0 ], [ 550541.0, 1386235.0 ], [ 550573.0, 1386242.0 ], [ 550573.51, 1386242.46 ], [ 550573.49, 1385992.49 ], [ 550573.5, 1385992.49 ], [ 550573.49, 1385932.1 ], [ 550573.49, 1385824.0 ], [ 550081.47, 1385824.0 ], [ 550081.49, 1385976.51 ] ] ] ] } },
{ "type": "Feature", "properties": { "Stt": 70.0, "Malo_cty": "5.15TK.N1.10.100", "Ten_lo": "Q 13 - KV 3", "Dien_tich": "2.6", "Ma_cay": "CAO_SU", "Nam_trong": "2010", "QGIA": "Cambodia", "TINH": "Kampong Thom", "HUYEN": "Santuk", "XA": "Kraya", "Ten_NT": "NT 1", "To": 3.0, "Giong": "PB 260" }, "geometry": { "type": "MultiPolygon", "coordinates": [ [ [ [ 550073.49, 1385974.04 ], [ 550073.47, 1385824.0 ], [ 549856.4, 1385824.0 ], [ 549841.31, 1385824.0 ], [ 549811.36, 1385824.0 ], [ 549845.0, 1385873.0 ], [ 549992.41, 1385975.29 ], [ 550073.49, 1385974.04 ] ] ] ] } },
{ "type": "Feature", "properties": { "Stt": 71.0, "Malo_cty": "5.15TK.N1.10.059", "Ten_lo": "Q 14 - KV 3", "Dien_tich": "21.3", "Ma_cay": "CAO_SU", "Nam_trong": "2010", "QGIA": "Cambodia", "TINH": "Kampong Thom", "HUYEN": "Santuk", "XA": "Kraya", "Ten_NT": "NT 1", "To": 3.0, "Giong": "PB 260" }, "geometry": { "type": "MultiPolygon", "coordinates": [ [ [ [ 549581.32, 1385559.2 ], [ 549628.0, 1385588.0 ], [ 549678.0, 1385663.0 ], [ 549723.0, 1385696.0 ], [ 549752.0, 1385725.0 ], [ 549758.0, 1385736.0 ], [ 549780.0, 1385753.0 ], [ 549786.0, 1385787.0 ], [ 549797.0, 1385815.0 ], [ 549798.6, 1385816.0 ], [ 549841.31, 1385816.0 ], [ 549856.4, 1385816.0 ], [ 550073.47, 1385816.0 ], [ 550073.43, 1385324.0 ], [ 549581.3, 1385324.0 ], [ 549581.32, 1385559.2 ] ] ] ] } },
{ "type": "Feature", "properties": { "Stt": 68.0, "Malo_cty": "5.15TK.N1.10.098", "Ten_lo": "P 14 - KV 3", "Dien_tich": "4.4", "Ma_cay": "CAO_SU", "Nam_trong": "2010", "QGIA": "Cambodia", "TINH": "Kampong Thom", "HUYEN": "Santuk", "XA": "Kraya", "Ten_NT": "NT 1", "To": 3.0, "Giong": "RRIV 1" }, "geometry": { "type": "MultiPolygon", "coordinates": [ [ [ [ 549573.32, 1385553.5 ], [ 549573.3, 1385324.0 ], [ 549512.14, 1385324.0 ], [ 549475.9, 1385324.0 ], [ 549253.69, 1385324.0 ], [ 549252.58, 1385324.0 ], [ 549324.0, 1385430.0 ], [ 549510.0, 1385533.0 ], [ 549573.32, 1385553.5 ] ] ] ] } },
{ "type": "Feature", "properties": { "Stt": 73.0, "Malo_cty": "5.15TK.N1.10.061", "Ten_lo": "Q 15.2 - KV 3", "Dien_tich": "12", "Ma_cay": "CAO_SU", "Nam_trong": "2010", "QGIA": "Cambodia", "TINH": "Kampong Thom", "HUYEN": "Santuk", "XA": "Kraya", "Ten_NT": "NT 1", "To": 3.0, "Giong": "RRIV 5" }, "geometry": { "type": "MultiPolygon", "coordinates": [ [ [ [ 549824.0, 1385316.0 ], [ 549824.1, 1384825.0 ], [ 549581.25, 1384825.0 ], [ 549581.3, 1385316.0 ], [ 549824.0, 1385316.0 ] ] ] ] } },
{ "type": "Feature", "properties": { "Stt": 72.0, "Malo_cty": "5.15TK.N1.10.060", "Ten_lo": "Q 15.1 - KV 3", "Dien_tich": "12.3", "Ma_cay": "CAO_SU", "Nam_trong": "2010", "QGIA": "Cambodia", "TINH": "Kampong Thom", "HUYEN": "Santuk", "XA": "Kraya", "Ten_NT": "NT 1", "To": 3.0, "Giong": "PB 260" }, "geometry": { "type": "MultiPolygon", "coordinates": [ [ [ [ 550073.39, 1384825.0 ], [ 549824.1, 1384825.0 ], [ 549824.0, 1385316.0 ], [ 550073.43, 1385316.0 ], [ 550073.39, 1384835.0 ], [ 550073.39, 1384825.0 ] ] ] ] } },
{ "type": "Feature", "properties": { "Stt": 67.0, "Malo_cty": "5.15TK.N1.10.097", "Ten_lo": "O 15 - KV 3", "Dien_tich": "6.3", "Ma_cay": "CAO_SU", "Nam_trong": "2010", "QGIA": "Cambodia", "TINH": "Kampong Thom", "HUYEN": "Santuk", "XA": "Kraya", "Ten_NT": "NT 1", "To": 3.0, "Giong": "RRIV 1" }, "geometry": { "type": "MultiPolygon", "coordinates": [ [ [ [ 549073.0, 1385136.0 ], [ 549073.0, 1385135.0 ], [ 549073.0, 1385121.11 ], [ 549073.0, 1384981.4 ], [ 549073.0, 1384908.94 ], [ 549073.0, 1384836.56 ], [ 549073.0, 1384825.0 ], [ 549072.78, 1384825.0 ], [ 548624.94, 1384944.66 ], [ 548590.0, 1384954.0 ], [ 548589.0, 1384987.0 ], [ 548624.0, 1384985.0 ], [ 548675.0, 1384977.0 ], [ 548709.0, 1384972.0 ], [ 548894.0, 1385034.0 ], [ 548986.0, 1385084.0 ], [ 549073.0, 1385136.0 ] ] ] ] } },
{ "type": "Feature", "properties": { "Stt": 428.0, "Malo_cty": "Nha doi", "Ten_lo": null, "Dien_tich": "0.5", "Ma_cay": "CAO_SU", "Nam_trong": null, "QGIA": "Cambodia", "TINH": "Kampong Thom", "HUYEN": "Santuk", "XA": "Kraya", "Ten_NT": null, "To": 0.0, "Giong": null }, "geometry": { "type": "MultiPolygon", "coordinates": [ [ [ [ 549509.67, 1384825.83 ], [ 549509.68, 1384909.25 ], [ 549509.68, 1384927.39 ], [ 549572.87, 1384927.39 ], [ 549572.87, 1384825.83 ], [ 549509.67, 1384825.83 ] ] ] ] } },
{ "type": "Feature", "properties": { "Stt": 249.0, "Malo_cty": "5.15TK.N2.12.128", "Ten_lo": "P-Q 18 - KV 4", "Dien_tich": "26.8", "Ma_cay": "CAO_SU", "Nam_trong": "2012", "QGIA": "Cambodia", "TINH": "Kampong Thom", "HUYEN": "Santuk", "XA": "Kraya", "Ten_NT": "NT 2", "To": 4.0, "Giong": "RRIV 1" }, "geometry": { "type": "MultiPolygon", "coordinates": [ [ [ [ 549545.04, 1383816.0 ], [ 549546.0, 1383815.0 ], [ 549545.0, 1383509.0 ], [ 549607.0, 1383477.0 ], [ 549683.0, 1383465.0 ], [ 549751.0, 1383443.0 ], [ 549751.0, 1383427.0 ], [ 549795.0, 1383399.0 ], [ 549816.0, 1383355.0 ], [ 549820.0, 1383325.0 ], [ 549826.0, 1383320.0 ], [ 549820.0, 1383324.0 ], [ 549581.1, 1383324.0 ], [ 549573.1, 1383324.0 ], [ 549081.0, 1383324.0 ], [ 549081.0, 1383816.0 ], [ 549282.17, 1383816.0 ], [ 549402.89, 1383816.0 ], [ 549514.79, 1383816.0 ], [ 549545.04, 1383816.0 ] ] ] ] } },
{ "type": "Feature", "properties": { "Stt": 247.0, "Malo_cty": "5.15TK.N2.12.129", "Ten_lo": "P 19 - KV 4", "Dien_tich": "23.7", "Ma_cay": "CAO_SU", "Nam_trong": "2012", "QGIA": "Cambodia", "TINH": "Kampong Thom", "HUYEN": "Santuk", "XA": "Kraya", "Ten_NT": "NT 2", "To": 4.0, "Giong": "RRIV 1" }, "geometry": { "type": "MultiPolygon", "coordinates": [ [ [ [ 549081.0, 1383266.0 ], [ 549182.0, 1383266.0 ], [ 549182.0, 1383316.0 ], [ 549573.1, 1383316.0 ], [ 549573.05, 1382825.0 ], [ 549081.0, 1382825.0 ], [ 549081.0, 1383266.0 ] ] ] ] } },
{ "type": "Feature", "properties": { "Stt": 467.0, "Malo_cty": "Song, suoi, trung", "Ten_lo": null, "Dien_tich": null, "Ma_cay": "CAO_SU", "Nam_trong": null, "QGIA": "Cambodia", "TINH": "Kampong Thom", "HUYEN": "Santuk", "XA": "Kraya", "Ten_NT": null, "To": 0.0, "Giong": null }, "geometry": { "type": "MultiPolygon", "coordinates": [ [ [ [ 548787.0, 1382322.0 ], [ 548669.0, 1382382.0 ], [ 548736.0, 1382396.0 ], [ 548729.0, 1382430.0 ], [ 548734.0, 1382437.0 ], [ 548744.0, 1382436.0 ], [ 548763.0, 1382412.0 ], [ 548764.0, 1382431.0 ], [ 548791.0, 1382429.0 ], [ 548795.0, 1382495.0 ], [ 548813.0, 1382522.0 ], [ 548822.0, 1382519.0 ], [ 548822.0, 1382457.0 ], [ 548833.0, 1382455.0 ], [ 548835.0, 1382430.0 ], [ 548853.0, 1382444.0 ], [ 548863.0, 1382440.0 ], [ 548866.0, 1382414.0 ], [ 548889.0, 1382423.0 ], [ 548907.0, 1382421.0 ], [ 548906.0, 1382412.0 ], [ 548893.0, 1382410.0 ], [ 548894.0, 1382381.0 ], [ 548785.0, 1382372.0 ], [ 548787.0, 1382322.0 ] ] ], [ [ [ 548667.0, 1382449.0 ], [ 548639.0, 1382520.0 ], [ 548650.0, 1382520.0 ], [ 548668.0, 1382540.0 ], [ 548671.0, 1382557.0 ], [ 548692.0, 1382587.0 ], [ 548692.0, 1382634.0 ], [ 548716.0, 1382653.0 ], [ 548728.0, 1382697.0 ], [ 548727.0, 1382733.0 ], [ 548755.0, 1382732.0 ], [ 548756.0, 1382747.0 ], [ 548774.0, 1382745.0 ], [ 548781.0, 1382737.0 ], [ 548725.0, 1382634.0 ], [ 548712.0, 1382563.0 ], [ 548674.0, 1382513.0 ], [ 548679.0, 1382459.0 ], [ 548667.0, 1382449.0 ] ] ] ] } },
{ "type": "Feature", "properties": { "Stt": 453.0, "Malo_cty": "Nha doi", "Ten_lo": null, "Dien_tich": "0.5", "Ma_cay": "CAO_SU", "Nam_trong": null, "QGIA": "Cambodia", "TINH": "Kampong Thom", "HUYEN": "Santuk", "XA": "Kraya", "Ten_NT": null, "To": 0.0, "Giong": null }, "geometry": { "type": "MultiPolygon", "coordinates": [ [ [ [ 549182.0, 1383316.0 ], [ 549182.0, 1383266.0 ], [ 549081.0, 1383266.0 ], [ 549081.0, 1383316.0 ], [ 549182.0, 1383316.0 ] ] ] ] } },
{ "type": "Feature", "properties": { "Stt": 252.0, "Malo_cty": "5.15TK.N2.12.132", "Ten_lo": "Q 20 - KV 4", "Dien_tich": "6.8", "Ma_cay": "CAO_SU", "Nam_trong": "2012", "QGIA": "Cambodia", "TINH": "Kampong Thom", "HUYEN": "Santuk", "XA": "Kraya", "Ten_NT": "NT 2", "To": 4.0, "Giong": "PB 255" }, "geometry": { "type": "MultiPolygon", "coordinates": [ [ [ [ 549581.01, 1382324.0 ], [ 549581.02, 1382525.83 ], [ 549581.02, 1382525.83 ], [ 549581.02, 1382586.22 ], [ 549581.05, 1382817.0 ], [ 549862.0, 1382817.0 ], [ 549862.0, 1382799.0 ], [ 549785.0, 1382700.0 ], [ 549713.0, 1382596.0 ], [ 549678.0, 1382525.0 ], [ 549645.0, 1382464.0 ], [ 549630.0, 1382404.0 ], [ 549627.0, 1382324.0 ], [ 549581.01, 1382324.0 ] ] ] ] } },
{ "type": "Feature", "properties": { "Stt": 243.0, "Malo_cty": "5.15TK.N2.12.127", "Ten_lo": "O 20 - KV 4", "Dien_tich": "20", "Ma_cay": "CAO_SU", "Nam_trong": "2012", "QGIA": "Cambodia", "TINH": "Kampong Thom", "HUYEN": "Santuk", "XA": "Kraya", "Ten_NT": "NT 2", "To": 4.0, "Giong": "RRIV 1" }, "geometry": { "type": "MultiPolygon", "coordinates": [ [ [ [ 548495.8, 1382817.0 ], [ 548507.23, 1382817.0 ], [ 548508.1, 1382817.0 ], [ 548557.08, 1382817.0 ], [ 548573.05, 1382817.0 ], [ 548581.05, 1382817.0 ], [ 549073.0, 1382817.0 ], [ 549073.0, 1382586.22 ], [ 549073.0, 1382525.83 ], [ 549073.0, 1382333.2 ], [ 549073.0, 1382323.0 ], [ 548787.0, 1382322.0 ], [ 548785.0, 1382372.0 ], [ 548894.0, 1382381.0 ], [ 548893.0, 1382410.0 ], [ 548906.0, 1382412.0 ], [ 548907.0, 1382421.0 ], [ 548889.0, 1382423.0 ], [ 548866.0, 1382414.0 ], [ 548863.0, 1382440.0 ], [ 548853.0, 1382444.0 ], [ 548835.0, 1382430.0 ], [ 548833.0, 1382455.0 ], [ 548822.0, 1382457.0 ], [ 548822.0, 1382519.0 ], [ 548813.0, 1382522.0 ], [ 548795.0, 1382495.0 ], [ 548791.0, 1382429.0 ], [ 548764.0, 1382431.0 ], [ 548763.0, 1382412.0 ], [ 548744.0, 1382436.0 ], [ 548734.0, 1382437.0 ], [ 548729.0, 1382430.0 ], [ 548736.0, 1382396.0 ], [ 548669.0, 1382382.0 ], [ 548667.0, 1382449.0 ], [ 548679.0, 1382459.0 ], [ 548674.0, 1382513.0 ], [ 548712.0, 1382563.0 ], [ 548725.0, 1382634.0 ], [ 548781.0, 1382737.0 ], [ 548774.0, 1382745.0 ], [ 548756.0, 1382747.0 ], [ 548755.0, 1382732.0 ], [ 548727.0, 1382733.0 ], [ 548728.0, 1382697.0 ], [ 548716.0, 1382653.0 ], [ 548692.0, 1382634.0 ], [ 548692.0, 1382587.0 ], [ 548671.0, 1382557.0 ], [ 548668.0, 1382540.0 ], [ 548650.0, 1382520.0 ], [ 548639.0, 1382520.0 ], [ 548611.0, 1382608.0 ], [ 548545.0, 1382680.0 ], [ 548522.0, 1382714.0 ], [ 548502.0, 1382770.0 ], [ 548502.0, 1382815.0 ], [ 548495.8, 1382817.0 ] ] ] ] } },
{ "type": "Feature", "properties": { "Stt": 248.0, "Malo_cty": "5.15TK.N2.12.130", "Ten_lo": "P 20 - KV 4", "Dien_tich": "24.3", "Ma_cay": "CAO_SU", "Nam_trong": "2012", "QGIA": "Cambodia", "TINH": "Kampong Thom", "HUYEN": "Santuk", "XA": "Kraya", "Ten_NT": "NT 2", "To": 4.0, "Giong": "RRIV 1" }, "geometry": { "type": "MultiPolygon", "coordinates": [ [ [ [ 549573.01, 1382323.98 ], [ 549081.0, 1382323.02 ], [ 549081.0, 1382333.12 ], [ 549081.0, 1382525.83 ], [ 549081.0, 1382586.22 ], [ 549081.0, 1382817.0 ], [ 549573.05, 1382817.0 ], [ 549573.03, 1382586.22 ], [ 549573.0, 1382328.52 ], [ 549573.01, 1382328.52 ], [ 549573.01, 1382323.98 ] ] ] ] } },
{ "type": "Feature", "properties": { "Stt": 242.0, "Malo_cty": "5.15TK.N2.12.126", "Ten_lo": "O 19 - KV 4", "Dien_tich": "24.3", "Ma_cay": "CAO_SU", "Nam_trong": "2012", "QGIA": "Cambodia", "TINH": "Kampong Thom", "HUYEN": "Santuk", "XA": "Kraya", "Ten_NT": "NT 2", "To": 4.0, "Giong": "RRIV 1" }, "geometry": { "type": "MultiPolygon", "coordinates": [ [ [ [ 549073.0, 1383316.0 ], [ 549073.0, 1382825.0 ], [ 548581.05, 1382825.0 ], [ 548581.1, 1383316.0 ], [ 549073.0, 1383316.0 ] ] ] ] } },
{ "type": "Feature", "properties": { "Stt": 246.0, "Malo_cty": "5.15TK.N2.11.119", "Ten_lo": "P 17.2 - KV 4", "Dien_tich": "2.2", "Ma_cay": "CAO_SU", "Nam_trong": "2011", "QGIA": "Cambodia", "TINH": "Kampong Thom", "HUYEN": "Santuk", "XA": "Kraya", "Ten_NT": "NT 2", "To": 4.0, "Giong": "PB 260" }, "geometry": { "type": "MultiPolygon", "coordinates": [ [ [ [ 549081.0, 1383881.0 ], [ 549479.79, 1383881.0 ], [ 549445.31, 1383824.0 ], [ 549402.89, 1383824.0 ], [ 549282.17, 1383824.0 ], [ 549081.0, 1383824.0 ], [ 549081.0, 1383881.0 ] ] ] ] } },
{ "type": "Feature", "properties": { "Stt": 431.0, "Malo_cty": "Khu dan cu", "Ten_lo": null, "Dien_tich": "8.3", "Ma_cay": "CAO_SU", "Nam_trong": null, "QGIA": "Cambodia", "TINH": "Kampong Thom", "HUYEN": "Santuk", "XA": "Kraya", "Ten_NT": null, "To": 0.0, "Giong": null }, "geometry": { "type": "MultiPolygon", "coordinates": [ [ [ [ 549581.24, 1384746.28 ], [ 549581.25, 1384802.73 ], [ 549581.25, 1384815.0 ], [ 549711.25, 1384815.0 ], [ 549711.25, 1384746.28 ], [ 549581.24, 1384746.28 ] ] ] ] } },
{ "type": "Feature", "properties": { "Stt": 466.0, "Malo_cty": "Song, suoi, trung", "Ten_lo": null, "Dien_tich": null, "Ma_cay": "CAO_SU", "Nam_trong": null, "QGIA": "Cambodia", "TINH": "Kampong Thom", "HUYEN": "Santuk", "XA": "Kraya", "Ten_NT": null, "To": 0.0, "Giong": null }, "geometry": { "type": "MultiPolygon", "coordinates": [ [ [ [ 548976.09, 1384498.79 ], [ 548941.0, 1384577.0 ], [ 548980.0, 1384644.0 ], [ 549032.0, 1384622.0 ], [ 549034.0, 1384512.0 ], [ 548976.09, 1384498.79 ] ] ] ] } },
{ "type": "Feature", "properties": { "Stt": 241.0, "Malo_cty": "5.15TK.N2.12.125", "Ten_lo": "O 18 - KV 4", "Dien_tich": "24.3", "Ma_cay": "CAO_SU", "Nam_trong": "2012", "QGIA": "Cambodia", "TINH": "Kampong Thom", "HUYEN": "Santuk", "XA": "Kraya", "Ten_NT": "NT 2", "To": 4.0, "Giong": "RRIV 1" }, "geometry": { "type": "MultiPolygon", "coordinates": [ [ [ [ 548582.1, 1383324.0 ], [ 548582.15, 1383816.0 ], [ 548689.41, 1383816.0 ], [ 549073.0, 1383816.0 ], [ 549073.0, 1383324.0 ], [ 548582.1, 1383324.0 ] ] ] ] } },
{ "type": "Feature", "properties": { "Stt": 240.0, "Malo_cty": "5.15TK.N2.11.116", "Ten_lo": "O 17.2 - KV 4", "Dien_tich": "2.8", "Ma_cay": "CAO_SU", "Nam_trong": "2011", "QGIA": "Cambodia", "TINH": "Kampong Thom", "HUYEN": "Santuk", "XA": "Kraya", "Ten_NT": "NT 2", "To": 4.0, "Giong": "PB 260" }, "geometry": { "type": "MultiPolygon", "coordinates": [ [ [ [ 548689.34, 1383824.0 ], [ 548582.15, 1383824.0 ], [ 548582.16, 1383881.0 ], [ 549073.0, 1383881.0 ], [ 549073.0, 1383824.0 ], [ 548689.34, 1383824.0 ] ] ] ] } },
{ "type": "Feature", "properties": { "Stt": 244.0, "Malo_cty": "5.15TK.N2.10.117", "Ten_lo": "P 16 - KV 4", "Dien_tich": "24.5", "Ma_cay": "CAO_SU", "Nam_trong": "2010", "QGIA": "Cambodia", "TINH": "Kampong Thom", "HUYEN": "Santuk", "XA": "Kraya", "Ten_NT": "NT 2", "To": 4.0, "Giong": "PB 260" }, "geometry": { "type": "MultiPolygon", "coordinates": [ [ [ [ 549081.0, 1384805.0 ], [ 549081.0, 1384815.0 ], [ 549573.25, 1384815.0 ], [ 549573.25, 1384805.0 ], [ 549573.2, 1384323.99 ], [ 549081.0, 1384323.99 ], [ 549081.0, 1384805.0 ] ] ] ] } },
{ "type": "Feature", "properties": { "Stt": 245.0, "Malo_cty": "5.15TK.N2.10.118", "Ten_lo": "P 17.1 - KV 4", "Dien_tich": "20.2", "Ma_cay": "CAO_SU", "Nam_trong": "2010", "QGIA": "Cambodia", "TINH": "Kampong Thom", "HUYEN": "Santuk", "XA": "Kraya", "Ten_NT": "NT 2", "To": 4.0, "Giong": "PB 260" }, "geometry": { "type": "MultiPolygon", "coordinates": [ [ [ [ 549573.17, 1384083.59 ], [ 549573.0, 1384070.0 ], [ 549551.0, 1384028.0 ], [ 549531.0, 1384017.0 ], [ 549531.0, 1384005.0 ], [ 549501.0, 1383917.0 ], [ 549481.0, 1383883.0 ], [ 549479.79, 1383881.0 ], [ 549081.0, 1383881.0 ], [ 549081.0, 1384316.0 ], [ 549573.2, 1384316.0 ], [ 549573.17, 1384083.59 ] ] ] ] } },
{ "type": "Feature", "properties": { "Stt": 239.0, "Malo_cty": "5.15TK.N2.10.115", "Ten_lo": "O 17.1 - KV 4", "Dien_tich": "21.5", "Ma_cay": "CAO_SU", "Nam_trong": "2010", "QGIA": "Cambodia", "TINH": "Kampong Thom", "HUYEN": "Santuk", "XA": "Kraya", "Ten_NT": "NT 2", "To": 4.0, "Giong": "PB 260" }, "geometry": { "type": "MultiPolygon", "coordinates": [ [ [ [ 548582.2, 1384316.0 ], [ 549073.0, 1384316.0 ], [ 549073.0, 1383881.0 ], [ 548582.16, 1383881.0 ], [ 548582.2, 1384316.0 ] ] ] ] } },
{ "type": "Feature", "properties": { "Stt": 238.0, "Malo_cty": "5.15TK.N2.10.114", "Ten_lo": "O 16 - KV 4", "Dien_tich": "26.1", "Ma_cay": "CAO_SU", "Nam_trong": "2010", "QGIA": "Cambodia", "TINH": "Kampong Thom", "HUYEN": "Santuk", "XA": "Kraya", "Ten_NT": "NT 2", "To": 4.0, "Giong": "PB 260" }, "geometry": { "type": "MultiPolygon", "coordinates": [ [ [ [ 548582.21, 1384520.45 ], [ 548582.25, 1384820.0 ], [ 548582.23, 1384820.0 ], [ 548582.25, 1384945.92 ], [ 548591.56, 1384943.34 ], [ 548591.58, 1384943.44 ], [ 548619.56, 1384935.98 ], [ 549073.0, 1384815.0 ], [ 549073.0, 1384805.26 ], [ 549073.0, 1384323.99 ], [ 548582.2, 1384323.99 ], [ 548582.21, 1384520.45 ] ], [ [ 548976.09, 1384498.79 ], [ 549034.0, 1384512.0 ], [ 549032.0, 1384622.0 ], [ 548980.0, 1384644.0 ], [ 548941.0, 1384577.0 ], [ 548976.09, 1384498.79 ] ] ] ] } },
{ "type": "Feature", "properties": { "Stt": 230.0, "Malo_cty": "5.15TK.N2.11.110", "Ten_lo": "M 17.2 - KV 4", "Dien_tich": "2.9", "Ma_cay": "CAO_SU", "Nam_trong": "2011", "QGIA": "Cambodia", "TINH": "Kampong Thom", "HUYEN": "Santuk", "XA": "Kraya", "Ten_NT": "NT 2", "To": 4.0, "Giong": "PB 260" }, "geometry": { "type": "MultiPolygon", "coordinates": [ [ [ [ 548073.84, 1383824.0 ], [ 547777.85, 1383824.0 ], [ 547778.0, 1383825.0 ], [ 547779.0, 1383859.0 ], [ 547836.0, 1383862.0 ], [ 547839.0, 1383876.0 ], [ 547851.0, 1383876.0 ], [ 547851.65, 1383881.0 ], [ 547868.0, 1384007.0 ], [ 547876.0, 1384020.0 ], [ 547884.0, 1384020.0 ], [ 547884.0, 1384113.0 ], [ 547893.0, 1384238.0 ], [ 547924.0, 1384315.0 ], [ 547924.9, 1384316.0 ], [ 547926.0, 1384316.0 ], [ 547925.95, 1383881.0 ], [ 548073.83, 1383881.0 ], [ 548073.84, 1383824.0 ] ] ] ] } },
{ "type": "Feature", "properties": { "Stt": 234.0, "Malo_cty": "5.15TK.N2.10.112", "Ten_lo": "N 17.1 - KV 4", "Dien_tich": "21.6", "Ma_cay": "CAO_SU", "Nam_trong": "2010", "QGIA": "Cambodia", "TINH": "Kampong Thom", "HUYEN": "Santuk", "XA": "Kraya", "Ten_NT": "NT 2", "To": 4.0, "Giong": "PB 260" }, "geometry": { "type": "MultiPolygon", "coordinates": [ [ [ [ 548572.2, 1384316.0 ], [ 548572.16, 1383881.0 ], [ 548081.84, 1383881.0 ], [ 548081.79, 1384316.0 ], [ 548572.2, 1384316.0 ] ] ] ] } },
{ "type": "Feature", "properties": { "Stt": 233.0, "Malo_cty": "5.15TK.N2.10.111", "Ten_lo": "N 16 - KV 4", "Dien_tich": "34.3", "Ma_cay": "CAO_SU", "Nam_trong": "2010", "QGIA": "Cambodia", "TINH": "Kampong Thom", "HUYEN": "Santuk", "XA": "Kraya", "Ten_NT": "NT 2", "To": 4.0, "Giong": "PB 260" }, "geometry": { "type": "MultiPolygon", "coordinates": [ [ [ [ 547932.1, 1384323.99 ], [ 547933.0, 1384325.0 ], [ 547966.0, 1384459.0 ], [ 547991.0, 1384534.0 ], [ 548038.0, 1384603.0 ], [ 548050.0, 1384629.0 ], [ 548057.0, 1384697.0 ], [ 548065.0, 1384735.0 ], [ 548161.0, 1384851.0 ], [ 548161.0, 1384867.0 ], [ 548202.0, 1384937.0 ], [ 548246.0, 1385039.0 ], [ 548247.41, 1385038.61 ], [ 548572.25, 1384948.68 ], [ 548572.22, 1384673.49 ], [ 548572.24, 1384673.49 ], [ 548572.22, 1384519.37 ], [ 548572.2, 1384323.99 ], [ 548081.79, 1384323.99 ], [ 548073.79, 1384323.99 ], [ 548062.56, 1384323.99 ], [ 548002.16, 1384323.99 ], [ 547948.17, 1384323.99 ], [ 547932.1, 1384323.99 ] ] ] ] } },
{ "type": "Feature", "properties": { "Stt": 235.0, "Malo_cty": "5.15TK.N2.11.113", "Ten_lo": "N 17.2 - KV 4", "Dien_tich": "2.7", "Ma_cay": "CAO_SU", "Nam_trong": "2011", "QGIA": "Cambodia", "TINH": "Kampong Thom", "HUYEN": "Santuk", "XA": "Kraya", "Ten_NT": "NT 2", "To": 4.0, "Giong": "PB 260" }, "geometry": { "type": "MultiPolygon", "coordinates": [ [ [ [ 548081.84, 1383881.0 ], [ 548572.16, 1383881.0 ], [ 548572.15, 1383824.0 ], [ 548081.85, 1383824.0 ], [ 548081.84, 1383881.0 ] ] ] ] } },
{ "type": "Feature", "properties": { "Stt": 229.0, "Malo_cty": "5.15TK.N2.10.109", "Ten_lo": "M 17.1 - KV 4", "Dien_tich": "6.5", "Ma_cay": "CAO_SU", "Nam_trong": "2010", "QGIA": "Cambodia", "TINH": "Kampong Thom", "HUYEN": "Santuk", "XA": "Kraya", "Ten_NT": "NT 2", "To": 4.0, "Giong": "PB 260" }, "geometry": { "type": "MultiPolygon", "coordinates": [ [ [ [ 547925.95, 1383881.0 ], [ 547926.0, 1384316.0 ], [ 547944.92, 1384316.0 ], [ 548002.16, 1384316.0 ], [ 548062.56, 1384316.0 ], [ 548073.79, 1384316.0 ], [ 548073.83, 1383881.0 ], [ 547925.95, 1383881.0 ] ] ] ] } },
{ "type": "Feature", "properties": { "Stt": 224.0, "Malo_cty": "5.15TK.N2.10.099", "Ten_lo": "J-K 20.2 - KV 4", "Dien_tich": "1", "Ma_cay": "CAO_SU", "Nam_trong": "2010", "QGIA": "Cambodia", "TINH": "Kampong Thom", "HUYEN": "Santuk", "XA": "Kraya", "Ten_NT": "NT 2", "To": 4.0, "Giong": "PB 260" }, "geometry": { "type": "MultiPolygon", "coordinates": [ [ [ [ 546489.0, 1382724.0 ], [ 546494.0, 1382733.0 ], [ 546498.0, 1382815.0 ], [ 546498.0, 1382816.0 ], [ 546521.0, 1382816.0 ], [ 546520.8, 1382349.85 ], [ 546509.0, 1382352.0 ], [ 546508.0, 1382502.0 ], [ 546504.0, 1382524.0 ], [ 546503.0, 1382568.0 ], [ 546493.0, 1382575.0 ], [ 546489.0, 1382724.0 ] ] ] ] } },
{ "type": "Feature", "properties": { "Stt": 231.0, "Malo_cty": "5.15TK.N2.12.121", "Ten_lo": "M 18 - KV 4", "Dien_tich": "21.2", "Ma_cay": "CAO_SU", "Nam_trong": "2012", "QGIA": "Cambodia", "TINH": "Kampong Thom", "HUYEN": "Santuk", "XA": "Kraya", "Ten_NT": "NT 2", "To": 4.0, "Giong": "RRIV 1" }, "geometry": { "type": "MultiPolygon", "coordinates": [ [ [ [ 547751.45, 1383816.0 ], [ 547776.69, 1383816.0 ], [ 548073.84, 1383816.0 ], [ 548073.9, 1383325.0 ], [ 547581.0, 1383325.0 ], [ 547581.0, 1383529.93 ], [ 547582.0, 1383530.0 ], [ 547598.0, 1383531.0 ], [ 547628.0, 1383563.0 ], [ 547695.0, 1383711.0 ], [ 547696.0, 1383738.0 ], [ 547720.0, 1383760.0 ], [ 547736.0, 1383795.0 ], [ 547751.0, 1383815.0 ], [ 547751.45, 1383816.0 ] ] ] ] } },
{ "type": "Feature", "properties": { "Stt": 237.0, "Malo_cty": "5.15TK.N2.12.124", "Ten_lo": "N 19 - KV 4", "Dien_tich": "16.9", "Ma_cay": "CAO_SU", "Nam_trong": "2012", "QGIA": "Cambodia", "TINH": "Kampong Thom", "HUYEN": "Santuk", "XA": "Kraya", "Ten_NT": "NT 2", "To": 4.0, "Giong": "RRIV 1" }, "geometry": { "type": "MultiPolygon", "coordinates": [ [ [ [ 548081.9, 1383315.0 ], [ 548573.1, 1383315.0 ], [ 548573.05, 1382825.0 ], [ 548557.08, 1382825.0 ], [ 548508.1, 1382825.0 ], [ 548500.43, 1382825.0 ], [ 548471.0, 1382825.0 ], [ 548469.0, 1382854.0 ], [ 548458.0, 1382858.0 ], [ 548440.0, 1382900.0 ], [ 548418.0, 1382923.0 ], [ 548081.91, 1383146.39 ], [ 548081.91, 1383154.76 ], [ 548081.9, 1383315.0 ] ] ] ] } },
{ "type": "Feature", "properties": { "Stt": 232.0, "Malo_cty": "5.15TK.N2.12.122", "Ten_lo": "M 19 - KV 4", "Dien_tich": "3.2", "Ma_cay": "CAO_SU", "Nam_trong": "2012", "QGIA": "Cambodia", "TINH": "Kampong Thom", "HUYEN": "Santuk", "XA": "Kraya", "Ten_NT": "NT 2", "To": 4.0, "Giong": "RRIV 1" }, "geometry": { "type": "MultiPolygon", "coordinates": [ [ [ [ 547581.0, 1383296.04 ], [ 547581.0, 1383315.0 ], [ 548073.9, 1383315.0 ], [ 548073.9, 1383278.77 ], [ 548073.92, 1383160.0 ], [ 548049.0, 1383160.0 ], [ 548035.0, 1383224.0 ], [ 548010.0, 1383243.0 ], [ 547915.0, 1383245.0 ], [ 547889.0, 1383254.0 ], [ 547885.0, 1383261.0 ], [ 547826.0, 1383274.0 ], [ 547781.0, 1383261.0 ], [ 547581.0, 1383267.0 ], [ 547581.0, 1383296.04 ], [ 547581.0, 1383296.04 ] ] ] ] } },
{ "type": "Feature", "properties": { "Stt": 236.0, "Malo_cty": "5.15TK.N2.12.123", "Ten_lo": "N 18 - KV 4", "Dien_tich": "24.3", "Ma_cay": "CAO_SU", "Nam_trong": "2012", "QGIA": "Cambodia", "TINH": "Kampong Thom", "HUYEN": "Santuk", "XA": "Kraya", "Ten_NT": "NT 2", "To": 4.0, "Giong": "RRIV 1" }, "geometry": { "type": "MultiPolygon", "coordinates": [ [ [ [ 548572.15, 1383816.0 ], [ 548572.1, 1383325.0 ], [ 548081.9, 1383325.0 ], [ 548081.85, 1383816.0 ], [ 548572.15, 1383816.0 ] ] ] ] } },
{ "type": "Feature", "properties": { "Stt": 226.0, "Malo_cty": "5.15TK.N2.11.103", "Ten_lo": "L 19 - KV 4", "Dien_tich": "9.9", "Ma_cay": "CAO_SU", "Nam_trong": "2011", "QGIA": "Cambodia", "TINH": "Kampong Thom", "HUYEN": "Santuk", "XA": "Kraya", "Ten_NT": "NT 2", "To": 4.0, "Giong": "PB 260" }, "geometry": { "type": "MultiPolygon", "coordinates": [ [ [ [ 547082.0, 1382825.0 ], [ 547082.0, 1383315.0 ], [ 547573.0, 1383315.0 ], [ 547573.0, 1383298.0 ], [ 547560.0, 1383287.0 ], [ 547547.0, 1383281.0 ], [ 547525.0, 1383287.0 ], [ 547467.0, 1383285.0 ], [ 547399.0, 1383237.0 ], [ 547317.0, 1383176.0 ], [ 547286.0, 1383129.0 ], [ 547276.0, 1383098.0 ], [ 547241.0, 1383050.0 ], [ 547215.0, 1383003.0 ], [ 547200.0, 1382961.0 ], [ 547173.0, 1382874.0 ], [ 547159.0, 1382825.0 ], [ 547082.0, 1382825.0 ] ] ] ] } },
{ "type": "Feature", "properties": { "Stt": 222.0, "Malo_cty": "5.15TK.N2.10.097", "Ten_lo": "J-K 19 - KV 4", "Dien_tich": "19.8", "Ma_cay": "CAO_SU", "Nam_trong": "2010", "QGIA": "Cambodia", "TINH": "Kampong Thom", "HUYEN": "Santuk", "XA": "Kraya", "Ten_NT": "NT 2", "To": 4.0, "Giong": "PB 260" }, "geometry": { "type": "MultiPolygon", "coordinates": [ [ [ [ 546954.7, 1383356.11 ], [ 547072.13, 1383320.12 ], [ 547072.0, 1383320.0 ], [ 547072.0, 1382826.0 ], [ 546497.95, 1382826.0 ], [ 546496.0, 1382869.0 ], [ 546505.0, 1382910.0 ], [ 546523.0, 1382924.0 ], [ 546540.0, 1382948.0 ], [ 546589.0, 1382992.0 ], [ 546654.0, 1383051.0 ], [ 546678.0, 1383081.0 ], [ 546686.0, 1383122.0 ], [ 546738.0, 1383163.0 ], [ 546769.0, 1383191.0 ], [ 546785.0, 1383210.0 ], [ 546787.0, 1383226.0 ], [ 546858.0, 1383300.0 ], [ 546891.0, 1383336.0 ], [ 546908.0, 1383344.0 ], [ 546954.7, 1383356.11 ] ] ] ] } },
{ "type": "Feature", "properties": { "Stt": 227.0, "Malo_cty": "5.15TK.N2.10.104", "Ten_lo": "L 20.1 - KV 4", "Dien_tich": "5.2", "Ma_cay": "CAO_SU", "Nam_trong": "2010", "QGIA": "Cambodia", "TINH": "Kampong Thom", "HUYEN": "Santuk", "XA": "Kraya", "Ten_NT": "NT 2", "To": 4.0, "Giong": "PB 260" }, "geometry": { "type": "MultiPolygon", "coordinates": [ [ [ [ 547081.0, 1382327.0 ], [ 547081.0, 1382337.83 ], [ 547081.0, 1382531.04 ], [ 547081.0, 1382592.95 ], [ 547081.0, 1382817.0 ], [ 547157.4, 1382817.0 ], [ 547157.0, 1382815.0 ], [ 547168.0, 1382781.0 ], [ 547168.0, 1382678.0 ], [ 547182.0, 1382678.0 ], [ 547186.0, 1382672.0 ], [ 547187.2, 1382670.37 ], [ 547187.0, 1382326.0 ], [ 547081.0, 1382327.0 ] ] ] ] } },
{ "type": "Feature", "properties": { "Stt": 228.0, "Malo_cty": "5.15TK.N2.11.105", "Ten_lo": "L 20.2 - KV 4", "Dien_tich": "5", "Ma_cay": "CAO_SU", "Nam_trong": "2011", "QGIA": "Cambodia", "TINH": "Kampong Thom", "HUYEN": "Santuk", "XA": "Kraya", "Ten_NT": "NT 2", "To": 4.0, "Giong": "PB 260" }, "geometry": { "type": "MultiPolygon", "coordinates": [ [ [ [ 547187.0, 1382326.0 ], [ 547187.2, 1382670.37 ], [ 547246.0, 1382590.0 ], [ 547341.0, 1382485.0 ], [ 547437.0, 1382364.0 ], [ 547465.0, 1382342.0 ], [ 547465.0, 1382325.0 ], [ 547187.0, 1382326.0 ] ] ] ] } },
{ "type": "Feature", "properties": { "Stt": 223.0, "Malo_cty": "5.15TK.N2.10.098", "Ten_lo": "J-K 20.1 - KV 4", "Dien_tich": "26.6", "Ma_cay": "CAO_SU", "Nam_trong": "2010", "QGIA": "Cambodia", "TINH": "Kampong Thom", "HUYEN": "Santuk", "XA": "Kraya", "Ten_NT": "NT 2", "To": 4.0, "Giong": "PB 260" }, "geometry": { "type": "MultiPolygon", "coordinates": [ [ [ [ 546520.8, 1382349.85 ], [ 546521.0, 1382816.0 ], [ 547073.0, 1382816.0 ], [ 547073.0, 1382592.95 ], [ 547073.0, 1382531.04 ], [ 547073.0, 1382338.05 ], [ 547073.0, 1382329.04 ], [ 546981.0, 1382333.0 ], [ 546925.0, 1382338.0 ], [ 546843.0, 1382334.0 ], [ 546742.0, 1382342.0 ], [ 546707.0, 1382331.0 ], [ 546662.0, 1382339.0 ], [ 546613.0, 1382338.0 ], [ 546553.0, 1382344.0 ], [ 546520.8, 1382349.85 ] ] ] ] } },
{ "type": "Feature", "properties": { "Stt": 225.0, "Malo_cty": "5.15TK.N2.12.120", "Ten_lo": "K-L 18 - KV 4", "Dien_tich": "11.2", "Ma_cay": "CAO_SU", "Nam_trong": "2012", "QGIA": "Cambodia", "TINH": "Kampong Thom", "HUYEN": "Santuk", "XA": "Kraya", "Ten_NT": "NT 2", "To": 4.0, "Giong": "RRIV 1" }, "geometry": { "type": "MultiPolygon", "coordinates": [ [ [ [ 547573.0, 1383541.0 ], [ 547573.0, 1383325.0 ], [ 547082.06, 1383325.0 ], [ 547075.25, 1383327.11 ], [ 546957.68, 1383363.56 ], [ 546957.0, 1383371.0 ], [ 546968.0, 1383387.0 ], [ 547074.0, 1383470.0 ], [ 547122.0, 1383497.0 ], [ 547141.0, 1383523.0 ], [ 547159.0, 1383534.0 ], [ 547196.0, 1383536.0 ], [ 547246.0, 1383526.0 ], [ 547397.0, 1383531.0 ], [ 547428.0, 1383542.0 ], [ 547573.0, 1383541.0 ] ] ] ] } },
{ "type": "Feature", "properties": { "Stt": 211.0, "Malo_cty": "5.15TK.N2.10.045", "Ten_lo": "F 22 - KV 3", "Dien_tich": "9.6", "Ma_cay": "CAO_SU", "Nam_trong": "2010", "QGIA": "Cambodia", "TINH": "Kampong Thom", "HUYEN": "Santuk", "XA": "Kraya", "Ten_NT": "NT 2", "To": 3.0, "Giong": "PB 260" }, "geometry": { "type": "MultiPolygon", "coordinates": [ [ [ [ 544130.74, 1381817.01 ], [ 544573.05, 1381817.01 ], [ 544573.0, 1381515.0 ], [ 544355.0, 1381515.0 ], [ 544316.0, 1381530.0 ], [ 544315.0, 1381594.0 ], [ 544294.0, 1381615.0 ], [ 544281.0, 1381614.0 ], [ 544278.0, 1381619.0 ], [ 544242.0, 1381635.0 ], [ 544231.0, 1381653.0 ], [ 544203.0, 1381717.0 ], [ 544180.0, 1381728.0 ], [ 544154.0, 1381794.0 ], [ 544141.0, 1381796.0 ], [ 544134.0, 1381806.0 ], [ 544133.0, 1381816.0 ], [ 544130.74, 1381817.01 ] ] ] ] } },
{ "type": "Feature", "properties": { "Stt": 220.0, "Malo_cty": "5.15TK.N2.10.055", "Ten_lo": "H 21 - KV 3", "Dien_tich": "15.4", "Ma_cay": "CAO_SU", "Nam_trong": "2010", "QGIA": "Cambodia", "TINH": "Kampong Thom", "HUYEN": "Santuk", "XA": "Kraya", "Ten_NT": "NT 2", "To": 3.0, "Giong": "PB 260" }, "geometry": { "type": "MultiPolygon", "coordinates": [ [ [ [ 545472.0, 1382316.0 ], [ 545466.0, 1382220.0 ], [ 545438.0, 1382204.0 ], [ 545403.0, 1382114.0 ], [ 545390.0, 1382111.0 ], [ 545372.0, 1382046.0 ], [ 545373.0, 1382020.0 ], [ 545367.0, 1381990.0 ], [ 545351.0, 1381971.0 ], [ 545351.0, 1381920.0 ], [ 545330.0, 1381905.0 ], [ 545331.0, 1381875.0 ], [ 545310.0, 1381864.0 ], [ 545309.0, 1381825.0 ], [ 545299.3, 1381824.96 ], [ 545299.32, 1381825.0 ], [ 545081.0, 1381825.0 ], [ 545081.0, 1382316.0 ], [ 545472.0, 1382316.0 ] ] ] ] } },
{ "type": "Feature", "properties": { "Stt": 216.0, "Malo_cty": "5.15TK.N2.10.050", "Ten_lo": "G 22 - KV 3", "Dien_tich": "15", "Ma_cay": "CAO_SU", "Nam_trong": "2010", "QGIA": "Cambodia", "TINH": "Kampong Thom", "HUYEN": "Santuk", "XA": "Kraya", "Ten_NT": "NT 2", "To": 3.0, "Giong": "PB 260" }, "geometry": { "type": "MultiPolygon", "coordinates": [ [ [ [ 544581.0, 1381515.11 ], [ 544581.05, 1381817.01 ], [ 545073.0, 1381817.01 ], [ 545073.0, 1381525.36 ], [ 545072.0, 1381525.0 ], [ 545051.0, 1381519.0 ], [ 545022.0, 1381520.0 ], [ 544991.0, 1381512.0 ], [ 544926.0, 1381508.0 ], [ 544893.0, 1381512.0 ], [ 544887.0, 1381516.0 ], [ 544881.0, 1381545.0 ], [ 544881.0, 1381592.0 ], [ 544871.0, 1381591.0 ], [ 544874.0, 1381506.0 ], [ 544830.0, 1381499.0 ], [ 544764.0, 1381499.0 ], [ 544727.0, 1381492.0 ], [ 544583.0, 1381489.0 ], [ 544582.91, 1381515.14 ], [ 544581.0, 1381515.11 ] ] ] ] } },
{ "type": "Feature", "properties": { "Stt": 215.0, "Malo_cty": "5.15TK.N2.10.049", "Ten_lo": "G 21 - KV 3", "Dien_tich": "24.3", "Ma_cay": "CAO_SU", "Nam_trong": "2010", "QGIA": "Cambodia", "TINH": "Kampong Thom", "HUYEN": "Santuk", "XA": "Kraya", "Ten_NT": "NT 2", "To": 3.0, "Giong": "RRIV 3" }, "geometry": { "type": "MultiPolygon", "coordinates": [ [ [ [ 545073.0, 1382316.0 ], [ 545073.0, 1381825.0 ], [ 544581.05, 1381825.0 ], [ 544581.12, 1382316.0 ], [ 545073.0, 1382316.0 ] ] ] ] } },
{ "type": "Feature", "properties": { "Stt": 221.0, "Malo_cty": "5.15TK.N2.10.056", "Ten_lo": "H 22 - KV 3", "Dien_tich": "4.8", "Ma_cay": "CAO_SU", "Nam_trong": "2010", "QGIA": "Cambodia", "TINH": "Kampong Thom", "HUYEN": "Santuk", "XA": "Kraya", "Ten_NT": "NT 2", "To": 3.0, "Giong": "RRIV 1" }, "geometry": { "type": "MultiPolygon", "coordinates": [ [ [ [ 545081.0, 1381528.27 ], [ 545081.0, 1381817.01 ], [ 545261.98, 1381817.01 ], [ 545262.0, 1381816.0 ], [ 545258.0, 1381673.0 ], [ 545250.0, 1381654.0 ], [ 545233.0, 1381653.0 ], [ 545232.0, 1381616.0 ], [ 545218.0, 1381580.0 ], [ 545195.0, 1381558.0 ], [ 545176.0, 1381525.0 ], [ 545083.0, 1381529.0 ], [ 545081.0, 1381528.27 ] ] ] ] } },
{ "type": "Feature", "properties": { "Stt": 210.0, "Malo_cty": "5.15TK.N2.10.044", "Ten_lo": "F 21 - KV 3", "Dien_tich": "23.9", "Ma_cay": "CAO_SU", "Nam_trong": "2010", "QGIA": "Cambodia", "TINH": "Kampong Thom", "HUYEN": "Santuk", "XA": "Kraya", "Ten_NT": "NT 2", "To": 3.0, "Giong": "RRIV 106" }, "geometry": { "type": "MultiPolygon", "coordinates": [ [ [ [ 544109.69, 1382316.01 ], [ 544109.68, 1382316.0 ], [ 544573.12, 1382316.0 ], [ 544573.05, 1381825.0 ], [ 544114.37, 1381825.0 ], [ 544087.0, 1381868.0 ], [ 544070.0, 1381908.0 ], [ 544057.0, 1381927.0 ], [ 544033.0, 1381976.0 ], [ 544005.0, 1381990.0 ], [ 544007.0, 1382087.0 ], [ 544028.0, 1382087.0 ], [ 544028.0, 1382125.0 ], [ 544040.0, 1382127.0 ], [ 544040.0, 1382159.0 ], [ 544052.0, 1382175.0 ], [ 544053.0, 1382218.0 ], [ 544069.0, 1382233.0 ], [ 544070.0, 1382268.0 ], [ 544102.0, 1382285.0 ], [ 544103.0, 1382316.0 ], [ 544109.69, 1382316.01 ] ] ] ] } },
{ "type": "Feature", "properties": { "Stt": 209.0, "Malo_cty": "5.15TK.N2.10.043", "Ten_lo": "F 20 - KV 3", "Dien_tich": "24.8", "Ma_cay": "CAO_SU", "Nam_trong": "2010", "QGIA": "Cambodia", "TINH": "Kampong Thom", "HUYEN": "Santuk", "XA": "Kraya", "Ten_NT": "NT 2", "To": 3.0, "Giong": "RRIV 106" }, "geometry": { "type": "MultiPolygon", "coordinates": [ [ [ [ 543999.0, 1382816.0 ], [ 544573.19, 1382816.0 ], [ 544573.13, 1382324.0 ], [ 544118.0, 1382324.0 ], [ 544120.0, 1382424.0 ], [ 544114.0, 1382425.0 ], [ 544113.0, 1382472.0 ], [ 544103.0, 1382472.0 ], [ 544101.0, 1382517.0 ], [ 544084.0, 1382519.0 ], [ 544082.0, 1382554.0 ], [ 544071.0, 1382561.0 ], [ 544071.0, 1382609.0 ], [ 544025.0, 1382746.0 ], [ 544015.0, 1382768.0 ], [ 544002.0, 1382772.0 ], [ 543999.0, 1382816.0 ] ] ] ] } },
{ "type": "Feature", "properties": { "Stt": 217.0, "Malo_cty": "5.15TK.N2.10.052", "Ten_lo": "H 18 - KV 3", "Dien_tich": "6.6", "Ma_cay": "CAO_SU", "Nam_trong": "2010", "QGIA": "Cambodia", "TINH": "Kampong Thom", "HUYEN": "Santuk", "XA": "Kraya", "Ten_NT": "NT 2", "To": 3.0, "Giong": "PB 260" }, "geometry": { "type": "MultiPolygon", "coordinates": [ [ [ [ 545081.0, 1383324.01 ], [ 545081.0, 1383465.09 ], [ 545083.0, 1383464.0 ], [ 545164.0, 1383463.0 ], [ 545302.0, 1383456.0 ], [ 545358.0, 1383455.0 ], [ 545494.0, 1383445.0 ], [ 545494.0, 1383401.0 ], [ 545516.0, 1383387.0 ], [ 545533.0, 1383367.0 ], [ 545554.0, 1383355.0 ], [ 545565.0, 1383344.0 ], [ 545557.0, 1383303.0 ], [ 545556.53, 1383301.32 ], [ 545557.01, 1383303.23 ], [ 545082.0, 1383323.97 ], [ 545082.0, 1383324.0 ], [ 545081.28, 1383324.0 ], [ 545081.0, 1383324.01 ] ] ] ] } },
{ "type": "Feature", "properties": { "Stt": 468.0, "Malo_cty": "Chua su dung", "Ten_lo": null, "Dien_tich": null, "Ma_cay": "CAO_SU", "Nam_trong": null, "QGIA": "Cambodia", "TINH": "Kampong Thom", "HUYEN": "Santuk", "XA": "Kraya", "Ten_NT": null, "To": 0.0, "Giong": null }, "geometry": { "type": "MultiPolygon", "coordinates": [ [ [ [ 544581.18, 1382765.0 ], [ 544581.19, 1382816.0 ], [ 544683.0, 1382816.0 ], [ 544683.0, 1382765.0 ], [ 544581.18, 1382765.0 ] ] ] ] } },
{ "type": "Feature", "properties": { "Stt": 213.0, "Malo_cty": "5.15TK.N2.10.047", "Ten_lo": "G 19 - KV 3", "Dien_tich": "24.3", "Ma_cay": "CAO_SU", "Nam_trong": "2010", "QGIA": "Cambodia", "TINH": "Kampong Thom", "HUYEN": "Santuk", "XA": "Kraya", "Ten_NT": "NT 2", "To": 3.0, "Giong": "PB 260" }, "geometry": { "type": "MultiPolygon", "coordinates": [ [ [ [ 545073.0, 1382826.0 ], [ 544581.2, 1382826.0 ], [ 544581.26, 1383316.0 ], [ 545073.0, 1383316.0 ], [ 545073.0, 1382826.0 ] ] ] ] } },
{ "type": "Feature", "properties": { "Stt": 218.0, "Malo_cty": "5.15TK.N2.10.053", "Ten_lo": "H 19 - KV 3", "Dien_tich": "21", "Ma_cay": "CAO_SU", "Nam_trong": "2010", "QGIA": "Cambodia", "TINH": "Kampong Thom", "HUYEN": "Santuk", "XA": "Kraya", "Ten_NT": "NT 2", "To": 3.0, "Giong": "PB 260" }, "geometry": { "type": "MultiPolygon", "coordinates": [ [ [ [ 545081.0, 1383316.0 ], [ 545554.98, 1383295.31 ], [ 545555.0, 1383295.37 ], [ 545555.0, 1383193.0 ], [ 545550.0, 1383191.0 ], [ 545550.0, 1383160.0 ], [ 545537.0, 1383143.0 ], [ 545528.0, 1383102.0 ], [ 545515.0, 1383098.0 ], [ 545515.0, 1383084.0 ], [ 545502.0, 1383061.0 ], [ 545467.0, 1383060.0 ], [ 545462.04, 1382826.0 ], [ 545081.0, 1382826.0 ], [ 545081.0, 1383316.0 ] ] ] ] } },
{ "type": "Feature", "properties": { "Stt": 212.0, "Malo_cty": "5.15TK.N2.10.046", "Ten_lo": "G 18 - KV 3", "Dien_tich": "7.3", "Ma_cay": "CAO_SU", "Nam_trong": "2010", "QGIA": "Cambodia", "TINH": "Kampong Thom", "HUYEN": "Santuk", "XA": "Kraya", "Ten_NT": "NT 2", "To": 3.0, "Giong": "PB 260" }, "geometry": { "type": "MultiPolygon", "coordinates": [ [ [ [ 544581.29, 1383468.0 ], [ 544582.0, 1383468.0 ], [ 544610.0, 1383470.0 ], [ 544947.0, 1383472.0 ], [ 545072.0, 1383470.0 ], [ 545073.0, 1383469.46 ], [ 545073.0, 1383324.0 ], [ 544581.26, 1383324.0 ], [ 544581.29, 1383468.0 ] ] ] ] } },
{ "type": "Feature", "properties": { "Stt": 219.0, "Malo_cty": "5.15TK.N2.10.054", "Ten_lo": "H 20 - KV 3", "Dien_tich": "20.8", "Ma_cay": "CAO_SU", "Nam_trong": "2010", "QGIA": "Cambodia", "TINH": "Kampong Thom", "HUYEN": "Santuk", "XA": "Kraya", "Ten_NT": "NT 2", "To": 3.0, "Giong": "PB 260" }, "geometry": { "type": "MultiPolygon", "coordinates": [ [ [ [ 545081.0, 1382816.0 ], [ 545495.98, 1382816.0 ], [ 545495.0, 1382768.0 ], [ 545502.0, 1382768.0 ], [ 545502.0, 1382732.0 ], [ 545520.0, 1382718.0 ], [ 545520.0, 1382681.0 ], [ 545513.0, 1382681.0 ], [ 545513.0, 1382633.0 ], [ 545508.0, 1382633.0 ], [ 545507.0, 1382571.0 ], [ 545495.0, 1382570.0 ], [ 545494.0, 1382474.0 ], [ 545482.0, 1382474.0 ], [ 545482.0, 1382365.0 ], [ 545518.0, 1382363.0 ], [ 545518.0, 1382325.0 ], [ 545483.24, 1382324.0 ], [ 545471.58, 1382324.0 ], [ 545081.0, 1382324.0 ], [ 545081.0, 1382816.0 ] ] ] ] } },
{ "type": "Feature", "properties": { "Stt": 214.0, "Malo_cty": "5.15TK.N2.10.048", "Ten_lo": "G 20 - KV 3", "Dien_tich": "23.8", "Ma_cay": "CAO_SU", "Nam_trong": "2010", "QGIA": "Cambodia", "TINH": "Kampong Thom", "HUYEN": "Santuk", "XA": "Kraya", "Ten_NT": "NT 2", "To": 3.0, "Giong": "PB 260" }, "geometry": { "type": "MultiPolygon", "coordinates": [ [ [ [ 544581.18, 1382765.0 ], [ 544683.0, 1382765.0 ], [ 544683.0, 1382816.0 ], [ 545073.0, 1382816.0 ], [ 545073.0, 1382324.0 ], [ 544581.12, 1382324.0 ], [ 544581.18, 1382765.0 ] ] ] ] } },
{ "type": "Feature", "properties": { "Stt": 208.0, "Malo_cty": "5.15TK.N2.10.042", "Ten_lo": "F 19 - KV 3", "Dien_tich": "28.4", "Ma_cay": "CAO_SU", "Nam_trong": "2010", "QGIA": "Cambodia", "TINH": "Kampong Thom", "HUYEN": "Santuk", "XA": "Kraya", "Ten_NT": "NT 2", "To": 3.0, "Giong": "RRIV 106" }, "geometry": { "type": "MultiPolygon", "coordinates": [ [ [ [ 544035.0, 1383316.0 ], [ 544074.0, 1383316.0 ], [ 544082.0, 1383316.0 ], [ 544573.27, 1383316.0 ], [ 544573.19, 1382826.0 ], [ 543993.98, 1382826.0 ], [ 543993.0, 1382868.0 ], [ 543988.0, 1382868.0 ], [ 543988.0, 1382951.0 ], [ 543994.0, 1382950.0 ], [ 543996.0, 1383058.0 ], [ 543996.0, 1383119.0 ], [ 544001.0, 1383126.0 ], [ 544004.0, 1383202.0 ], [ 544035.0, 1383260.0 ], [ 544035.0, 1383316.0 ] ] ] ] } },
{ "type": "Feature", "properties": { "Stt": 207.0, "Malo_cty": "5.15TK.N2.10.041", "Ten_lo": "F 18 - KV 3", "Dien_tich": "8.3", "Ma_cay": "CAO_SU", "Nam_trong": "2010", "QGIA": "Cambodia", "TINH": "Kampong Thom", "HUYEN": "Santuk", "XA": "Kraya", "Ten_NT": "NT 2", "To": 3.0, "Giong": "RRIV 106" }, "geometry": { "type": "MultiPolygon", "coordinates": [ [ [ [ 544573.29, 1383468.0 ], [ 544573.27, 1383324.0 ], [ 544082.0, 1383324.0 ], [ 544074.0, 1383324.0 ], [ 544035.0, 1383324.0 ], [ 544021.0, 1383340.0 ], [ 544010.0, 1383377.0 ], [ 544011.0, 1383412.0 ], [ 544004.0, 1383421.0 ], [ 544004.0, 1383472.0 ], [ 544446.0, 1383471.0 ], [ 544525.0, 1383467.0 ], [ 544573.0, 1383468.0 ], [ 544573.29, 1383468.0 ] ] ] ] } },
{ "type": "Feature", "properties": { "Stt": 469.0, "Malo_cty": "Chua su dung", "Ten_lo": null, "Dien_tich": null, "Ma_cay": "CAO_SU", "Nam_trong": null, "QGIA": "Cambodia", "TINH": "Kampong Thom", "HUYEN": "Santuk", "XA": "Kraya", "Ten_NT": null, "To": 0.0, "Giong": null }, "geometry": { "type": "MultiPolygon", "coordinates": [ [ [ [ 544559.4, 1385767.84 ], [ 544561.0, 1385651.0 ], [ 543843.0, 1385232.0 ], [ 543661.0, 1385582.0 ], [ 543948.0, 1385577.0 ], [ 544235.0, 1385631.0 ], [ 544394.0, 1385723.0 ], [ 544559.4, 1385767.84 ] ] ] ] } },
{ "type": "Feature", "properties": { "Stt": 204.0, "Malo_cty": "5.15TK.N2.09.038", "Ten_lo": "C 20 - KV 3", "Dien_tich": "18.3", "Ma_cay": "CAO_SU", "Nam_trong": "2009", "QGIA": "Cambodia", "TINH": "Kampong Thom", "HUYEN": "Santuk", "XA": "Kraya", "Ten_NT": "NT 2", "To": 3.0, "Giong": "RRIV 4" }, "geometry": { "type": "MultiPolygon", "coordinates": [ [ [ [ 542631.2, 1382715.26 ], [ 542631.62, 1382816.0 ], [ 542986.0, 1382816.0 ], [ 542999.0, 1382681.0 ], [ 542999.0, 1382604.0 ], [ 543004.0, 1382549.0 ], [ 543003.0, 1382508.0 ], [ 542999.0, 1382485.0 ], [ 542975.0, 1382472.0 ], [ 542971.0, 1382453.0 ], [ 542961.0, 1382444.0 ], [ 542912.0, 1382415.0 ], [ 542857.0, 1382410.0 ], [ 542827.0, 1382400.0 ], [ 542809.0, 1382385.0 ], [ 542757.0, 1382336.0 ], [ 542753.0, 1382324.0 ], [ 542707.26, 1382324.0 ], [ 542672.37, 1382324.0 ], [ 542587.81, 1382324.0 ], [ 542581.0, 1382324.0 ], [ 542581.07, 1382715.48 ], [ 542631.2, 1382715.26 ] ] ] ] } },
{ "type": "Feature", "properties": { "Stt": 192.0, "Malo_cty": "5.15TK.N2.09.015", "Ten_lo": "A 20 - KV 3", "Dien_tich": "24", "Ma_cay": "CAO_SU", "Nam_trong": "2009", "QGIA": "Cambodia", "TINH": "Kampong Thom", "HUYEN": "Santuk", "XA": "Kraya", "Ten_NT": "NT 2", "To": 3.0, "Giong": "RRIV 4" }, "geometry": { "type": "MultiPolygon", "coordinates": [ [ [ [ 541592.22, 1382817.0 ], [ 542073.0, 1382817.0 ], [ 542073.0, 1382324.0 ], [ 541588.0, 1382324.0 ], [ 541587.0, 1382400.0 ], [ 541592.0, 1382488.0 ], [ 541589.0, 1382555.0 ], [ 541593.0, 1382598.0 ], [ 541593.0, 1382690.0 ], [ 541596.0, 1382715.0 ], [ 541592.0, 1382816.0 ], [ 541592.22, 1382817.0 ] ] ] ] } },
{ "type": "Feature", "properties": { "Stt": 465.0, "Malo_cty": "Song, suoi, trung", "Ten_lo": null, "Dien_tich": null, "Ma_cay": "CAO_SU", "Nam_trong": null, "QGIA": "Cambodia", "TINH": "Kampong Thom", "HUYEN": "Santuk", "XA": "Kraya", "Ten_NT": null, "To": 0.0, "Giong": null }, "geometry": { "type": "MultiPolygon", "coordinates": [ [ [ [ 542979.0, 1383230.0 ], [ 542990.0, 1383179.0 ], [ 542980.0, 1383185.0 ], [ 542961.0, 1383185.0 ], [ 542957.0, 1383193.0 ], [ 542905.0, 1383198.0 ], [ 542899.0, 1383205.0 ], [ 542849.0, 1383207.0 ], [ 542847.0, 1383197.0 ], [ 542781.0, 1383195.0 ], [ 542776.0, 1383187.0 ], [ 542770.0, 1383186.0 ], [ 542763.0, 1383194.0 ], [ 542735.0, 1383200.0 ], [ 542722.0, 1383199.0 ], [ 542713.0, 1383191.0 ], [ 542686.0, 1383195.0 ], [ 542677.0, 1383189.0 ], [ 542652.0, 1383190.0 ], [ 542637.0, 1383183.0 ], [ 542587.0, 1383185.0 ], [ 542588.0, 1383192.0 ], [ 542597.0, 1383195.0 ], [ 542612.0, 1383193.0 ], [ 542677.0, 1383207.0 ], [ 542730.0, 1383217.0 ], [ 542746.0, 1383231.0 ], [ 542757.0, 1383231.0 ], [ 542760.0, 1383222.0 ], [ 542816.0, 1383225.0 ], [ 542856.0, 1383232.0 ], [ 542867.0, 1383239.0 ], [ 542876.0, 1383235.0 ], [ 542906.0, 1383236.0 ], [ 542915.0, 1383228.0 ], [ 542979.0, 1383230.0 ] ] ] ] } },
{ "type": "Feature", "properties": { "Stt": 452.0, "Malo_cty": "Nha doi", "Ten_lo": null, "Dien_tich": "0.5", "Ma_cay": "CAO_SU", "Nam_trong": null, "QGIA": "Cambodia", "TINH": "Kampong Thom", "HUYEN": "Santuk", "XA": "Kraya", "Ten_NT": null, "To": 0.0, "Giong": null }, "geometry": { "type": "MultiPolygon", "coordinates": [ [ [ [ 542581.19, 1382816.2 ], [ 542631.2, 1382816.2 ], [ 542631.2, 1382715.19 ], [ 542581.19, 1382715.19 ], [ 542581.19, 1382816.2 ] ] ] ] } },
{ "type": "Feature", "properties": { "Stt": 199.0, "Malo_cty": "5.15TK.N2.09.030", "Ten_lo": "B 20 - KV 3", "Dien_tich": "24.4", "Ma_cay": "CAO_SU", "Nam_trong": "2009", "QGIA": "Cambodia", "TINH": "Kampong Thom", "HUYEN": "Santuk", "XA": "Kraya", "Ten_NT": "NT 2", "To": 3.0, "Giong": "RRIV 4" }, "geometry": { "type": "MultiPolygon", "coordinates": [ [ [ [ 542573.0, 1382817.0 ], [ 542573.0, 1382324.0 ], [ 542081.0, 1382324.0 ], [ 542081.0, 1382817.0 ], [ 542573.0, 1382817.0 ] ] ] ] } },
{ "type": "Feature", "properties": { "Stt": 203.0, "Malo_cty": "5.15TK.N2.09.037", "Ten_lo": "C 19 - KV 3", "Dien_tich": "18.9", "Ma_cay": "CAO_SU", "Nam_trong": "2009", "QGIA": "Cambodia", "TINH": "Kampong Thom", "HUYEN": "Santuk", "XA": "Kraya", "Ten_NT": "NT 2", "To": 3.0, "Giong": "RRIV 4" }, "geometry": { "type": "MultiPolygon", "coordinates": [ [ [ [ 542581.99, 1382826.0 ], [ 542581.99, 1383316.0 ], [ 542980.0, 1383316.0 ], [ 542979.0, 1383230.0 ], [ 542915.0, 1383228.0 ], [ 542906.0, 1383236.0 ], [ 542876.0, 1383235.0 ], [ 542867.0, 1383239.0 ], [ 542856.0, 1383232.0 ], [ 542816.0, 1383225.0 ], [ 542760.0, 1383222.0 ], [ 542757.0, 1383231.0 ], [ 542746.0, 1383231.0 ], [ 542730.0, 1383217.0 ], [ 542677.0, 1383207.0 ], [ 542612.0, 1383193.0 ], [ 542597.0, 1383195.0 ], [ 542588.0, 1383192.0 ], [ 542587.0, 1383185.0 ], [ 542637.0, 1383183.0 ], [ 542652.0, 1383190.0 ], [ 542677.0, 1383189.0 ], [ 542686.0, 1383195.0 ], [ 542713.0, 1383191.0 ], [ 542722.0, 1383199.0 ], [ 542735.0, 1383200.0 ], [ 542763.0, 1383194.0 ], [ 542770.0, 1383186.0 ], [ 542776.0, 1383187.0 ], [ 542781.0, 1383195.0 ], [ 542847.0, 1383197.0 ], [ 542849.0, 1383207.0 ], [ 542899.0, 1383205.0 ], [ 542905.0, 1383198.0 ], [ 542957.0, 1383193.0 ], [ 542961.0, 1383185.0 ], [ 542980.0, 1383185.0 ], [ 542990.0, 1383179.0 ], [ 542987.0, 1383151.0 ], [ 542998.0, 1383133.0 ], [ 543006.0, 1383104.0 ], [ 543004.0, 1383069.0 ], [ 542998.0, 1383043.0 ], [ 543004.0, 1383000.0 ], [ 543004.0, 1382936.0 ], [ 542990.0, 1382860.0 ], [ 542977.73, 1382826.0 ], [ 542581.99, 1382826.0 ] ] ] ] } },
{ "type": "Feature", "properties": { "Stt": 191.0, "Malo_cty": "5.15TK.N2.09.014", "Ten_lo": "A 19 - KV 3", "Dien_tich": "24", "Ma_cay": "CAO_SU", "Nam_trong": "2009", "QGIA": "Cambodia", "TINH": "Kampong Thom", "HUYEN": "Santuk", "XA": "Kraya", "Ten_NT": "NT 2", "To": 3.0, "Giong": "RRIV 4" }, "geometry": { "type": "MultiPolygon", "coordinates": [ [ [ [ 541575.97, 1383316.0 ], [ 541585.35, 1383316.0 ], [ 542073.0, 1383316.0 ], [ 542073.0, 1382825.0 ], [ 541594.0, 1382825.0 ], [ 541594.0, 1382968.0 ], [ 541584.0, 1382992.0 ], [ 541582.0, 1383060.0 ], [ 541574.0, 1383161.0 ], [ 541573.0, 1383222.0 ], [ 541577.0, 1383278.0 ], [ 541574.0, 1383316.0 ], [ 541575.97, 1383316.0 ] ] ] ] } },
{ "type": "Feature", "properties": { "Stt": 198.0, "Malo_cty": "5.15TK.N2.09.029", "Ten_lo": "B 19 - KV 3", "Dien_tich": "24.4", "Ma_cay": "CAO_SU", "Nam_trong": "2009", "QGIA": "Cambodia", "TINH": "Kampong Thom", "HUYEN": "Santuk", "XA": "Kraya", "Ten_NT": "NT 2", "To": 3.0, "Giong": "RRIV 4" }, "geometry": { "type": "MultiPolygon", "coordinates": [ [ [ [ 542572.0, 1383316.0 ], [ 542572.0, 1382825.0 ], [ 542081.0, 1382825.0 ], [ 542081.0, 1383316.0 ], [ 542572.0, 1383316.0 ] ] ] ] } },
{ "type": "Feature", "properties": { "Stt": 165.0, "Malo_cty": "5.15TK.N2.09.013", "Ten_lo": "A 18 - KV 2", "Dien_tich": "6.9", "Ma_cay": "CAO_SU", "Nam_trong": "2009", "QGIA": "Cambodia", "TINH": "Kampong Thom", "HUYEN": "Santuk", "XA": "Kraya", "Ten_NT": "NT 2", "To": 2.0, "Giong": "RRIV 4" }, "geometry": { "type": "MultiPolygon", "coordinates": [ [ [ [ 541584.0, 1383324.0 ], [ 541584.0, 1383362.0 ], [ 541629.0, 1383378.0 ], [ 541658.0, 1383394.0 ], [ 541697.0, 1383410.0 ], [ 541727.0, 1383416.0 ], [ 541765.0, 1383437.0 ], [ 541812.0, 1383454.0 ], [ 542073.0, 1383572.0 ], [ 542073.0, 1383571.13 ], [ 542073.0, 1383479.6 ], [ 542073.0, 1383443.36 ], [ 542073.0, 1383324.0 ], [ 541584.0, 1383324.0 ] ] ] ] } },
{ "type": "Feature", "properties": { "Stt": 202.0, "Malo_cty": "5.15TK.N2.09.036", "Ten_lo": "C 18 - KV 3", "Dien_tich": "20", "Ma_cay": "CAO_SU", "Nam_trong": "2009", "QGIA": "Cambodia", "TINH": "Kampong Thom", "HUYEN": "Santuk", "XA": "Kraya", "Ten_NT": "NT 2", "To": 3.0, "Giong": "RRIV 4" }, "geometry": { "type": "MultiPolygon", "coordinates": [ [ [ [ 542581.99, 1383324.0 ], [ 542581.99, 1383816.0 ], [ 542993.0, 1383816.0 ], [ 542990.0, 1383511.0 ], [ 542987.0, 1383404.0 ], [ 542987.0, 1383325.0 ], [ 542986.22, 1383324.0 ], [ 542581.99, 1383324.0 ] ] ] ] } },
{ "type": "Feature", "properties": { "Stt": 455.0, "Malo_cty": "Khu dan cu", "Ten_lo": null, "Dien_tich": null, "Ma_cay": "CAO_SU", "Nam_trong": null, "QGIA": "Cambodia", "TINH": "Kampong Thom", "HUYEN": "Santuk", "XA": "Kraya", "Ten_NT": null, "To": 0.0, "Giong": null }, "geometry": { "type": "MultiPolygon", "coordinates": [ [ [ [ 541567.99, 1384530.15 ], [ 541776.98, 1384484.04 ], [ 541812.21, 1384474.66 ], [ 541883.96, 1384455.51 ], [ 541884.25, 1384455.45 ], [ 542037.52, 1384426.71 ], [ 542072.89, 1384420.15 ], [ 542073.0, 1384416.71 ], [ 542073.0, 1384368.37 ], [ 542073.0, 1384356.25 ], [ 542073.0, 1384323.99 ], [ 542073.0, 1384323.86 ], [ 542053.0, 1384343.0 ], [ 542044.0, 1384344.0 ], [ 542021.0, 1384357.0 ], [ 542010.0, 1384361.0 ], [ 542003.0, 1384367.0 ], [ 541922.0, 1384404.0 ], [ 541836.0, 1384448.0 ], [ 541568.0, 1384430.0 ], [ 541568.0, 1384530.0 ], [ 541567.99, 1384530.15 ] ] ] ] } },
{ "type": "Feature", "properties": { "Stt": 197.0, "Malo_cty": "5.15TK.N2.09.028", "Ten_lo": "B 18 - KV 3", "Dien_tich": "22", "Ma_cay": "CAO_SU", "Nam_trong": "2009", "QGIA": "Cambodia", "TINH": "Kampong Thom", "HUYEN": "Santuk", "XA": "Kraya", "Ten_NT": "NT 2", "To": 3.0, "Giong": "RRIV 4" }, "geometry": { "type": "MultiPolygon", "coordinates": [ [ [ [ 542572.0, 1383816.0 ], [ 542572.0, 1383324.0 ], [ 542081.0, 1383324.0 ], [ 542081.0, 1383443.36 ], [ 542081.0, 1383479.6 ], [ 542081.0, 1383566.85 ], [ 542081.0, 1383574.59 ], [ 542081.0, 1383610.82 ], [ 542082.99, 1383816.0 ], [ 542112.0, 1383816.0 ], [ 542204.69, 1383816.0 ], [ 542502.17, 1383816.0 ], [ 542572.0, 1383816.0 ] ] ] ] } },
{ "type": "Feature", "properties": { "Stt": 182.0, "Malo_cty": "5.15TK.N2.09.034", "Ten_lo": "C 16 - KV 2", "Dien_tich": "13.8", "Ma_cay": "CAO_SU", "Nam_trong": "2009", "QGIA": "Cambodia", "TINH": "Kampong Thom", "HUYEN": "Santuk", "XA": "Kraya", "Ten_NT": "NT 2", "To": 2.0, "Giong": "IRCA 130" }, "geometry": { "type": "MultiPolygon", "coordinates": [ [ [ [ 542581.0, 1384342.93 ], [ 542581.0, 1384816.0 ], [ 542884.34, 1384816.0 ], [ 542915.0, 1384726.0 ], [ 542928.0, 1384715.0 ], [ 542928.75, 1384496.14 ], [ 542927.96, 1384496.35 ], [ 542926.06, 1384495.87 ], [ 542852.43, 1384456.05 ], [ 542852.35, 1384456.0 ], [ 542729.92, 1384385.85 ], [ 542670.78, 1384353.03 ], [ 542615.18, 1384336.59 ], [ 542584.38, 1384335.86 ], [ 542581.99, 1384336.07 ], [ 542581.99, 1384343.09 ], [ 542581.0, 1384342.93 ] ] ] ] } },
{ "type": "Feature", "properties": { "Stt": 464.0, "Malo_cty": "Song, suoi, trung", "Ten_lo": null, "Dien_tich": null, "Ma_cay": "CAO_SU", "Nam_trong": null, "QGIA": "Cambodia", "TINH": "Kampong Thom", "HUYEN": "Santuk", "XA": "Kraya", "Ten_NT": null, "To": 0.0, "Giong": null }, "geometry": { "type": "MultiPolygon", "coordinates": [ [ [ [ 542990.0, 1383926.0 ], [ 542992.0, 1383879.0 ], [ 542974.0, 1383891.0 ], [ 542935.0, 1383894.0 ], [ 542925.0, 1383910.0 ], [ 542918.0, 1383916.0 ], [ 542918.0, 1383922.0 ], [ 542941.0, 1383921.0 ], [ 542942.0, 1383931.0 ], [ 542917.0, 1383935.0 ], [ 542911.0, 1383947.0 ], [ 542918.0, 1383953.0 ], [ 542919.0, 1383974.0 ], [ 542952.0, 1383961.0 ], [ 542957.0, 1383950.0 ], [ 542976.0, 1383946.0 ], [ 542979.0, 1383927.0 ], [ 542990.0, 1383926.0 ] ] ] ] } },
{ "type": "Feature", "properties": { "Stt": 454.0, "Malo_cty": "Nong truong ST 2", "Ten_lo": null, "Dien_tich": null, "Ma_cay": "CAO_SU", "Nam_trong": null, "QGIA": "Cambodia", "TINH": "Kampong Thom", "HUYEN": "Santuk", "XA": "Kraya", "Ten_NT": null, "To": 0.0, "Giong": null }, "geometry": { "type": "MultiPolygon", "coordinates": [ [ [ [ 541567.99, 1384816.0 ], [ 541577.81, 1384816.0 ], [ 542035.76, 1384816.0 ], [ 542072.0, 1384816.0 ], [ 542072.0, 1384447.25 ], [ 542072.62, 1384428.32 ], [ 542038.99, 1384434.57 ], [ 541885.87, 1384463.28 ], [ 541814.27, 1384482.4 ], [ 541778.96, 1384491.8 ], [ 541778.8, 1384491.84 ], [ 541567.69, 1384538.42 ], [ 541567.15, 1384538.48 ], [ 541567.0, 1384540.0 ], [ 541567.99, 1384816.0 ] ] ] ] } },
{ "type": "Feature", "properties": { "Stt": 196.0, "Malo_cty": "5.15TK.N2.10.091", "Ten_lo": "B 17.2 - KV 2+3", "Dien_tich": "7.4", "Ma_cay": "CAO_SU", "Nam_trong": "2010", "QGIA": "Cambodia", "TINH": "Kampong Thom", "HUYEN": "Santuk", "XA": "Kraya", "Ten_NT": "NT 2", "To": 3.0, "Giong": "PB 260" }, "geometry": { "type": "MultiPolygon", "coordinates": [ [ [ [ 542207.72, 1383824.0 ], [ 542112.0, 1383824.0 ], [ 542083.0, 1383824.0 ], [ 542081.0, 1384320.17 ], [ 542081.0, 1384322.16 ], [ 542112.29, 1384301.83 ], [ 542259.0, 1383959.0 ], [ 542207.72, 1383824.0 ] ] ] ] } },
{ "type": "Feature", "properties": { "Stt": 183.0, "Malo_cty": "5.15TK.N2.09.035", "Ten_lo": "C 17 - KV 2", "Dien_tich": "21.3", "Ma_cay": "CAO_SU", "Nam_trong": "2009", "QGIA": "Cambodia", "TINH": "Kampong Thom", "HUYEN": "Santuk", "XA": "Kraya", "Ten_NT": "NT 2", "To": 2.0, "Giong": "RRIV 4" }, "geometry": { "type": "MultiPolygon", "coordinates": [ [ [ [ 542581.99, 1383824.0 ], [ 542581.99, 1384328.03 ], [ 542583.9, 1384327.86 ], [ 542584.25, 1384327.85 ], [ 542584.35, 1384327.85 ], [ 542615.91, 1384328.6 ], [ 542616.95, 1384328.76 ], [ 542673.48, 1384345.48 ], [ 542674.28, 1384345.82 ], [ 542733.82, 1384378.87 ], [ 542733.87, 1384378.9 ], [ 542856.28, 1384449.03 ], [ 542909.98, 1384478.07 ], [ 542910.0, 1384478.0 ], [ 542917.0, 1384431.0 ], [ 542916.0, 1384318.0 ], [ 542919.0, 1384307.0 ], [ 542940.0, 1384256.0 ], [ 542957.0, 1384213.0 ], [ 542960.0, 1384182.0 ], [ 542978.0, 1384146.0 ], [ 542990.0, 1384097.0 ], [ 542998.0, 1384043.0 ], [ 542990.0, 1383926.0 ], [ 542979.0, 1383927.0 ], [ 542976.0, 1383946.0 ], [ 542957.0, 1383950.0 ], [ 542952.0, 1383961.0 ], [ 542919.0, 1383974.0 ], [ 542918.0, 1383953.0 ], [ 542911.0, 1383947.0 ], [ 542917.0, 1383935.0 ], [ 542942.0, 1383931.0 ], [ 542941.0, 1383921.0 ], [ 542918.0, 1383922.0 ], [ 542918.0, 1383916.0 ], [ 542925.0, 1383910.0 ], [ 542935.0, 1383894.0 ], [ 542974.0, 1383891.0 ], [ 542992.0, 1383879.0 ], [ 542992.0, 1383824.0 ], [ 542581.99, 1383824.0 ] ] ] ] } },
{ "type": "Feature", "properties": { "Stt": 180.0, "Malo_cty": "5.15TK.N2.09.027", "Ten_lo": "B 17.1 - KV 2", "Dien_tich": "21.4", "Ma_cay": "CAO_SU", "Nam_trong": "2009", "QGIA": "Cambodia", "TINH": "Kampong Thom", "HUYEN": "Santuk", "XA": "Kraya", "Ten_NT": "NT 2", "To": 2.0, "Giong": "RRIV 4" }, "geometry": { "type": "MultiPolygon", "coordinates": [ [ [ [ 542207.72, 1383824.0 ], [ 542259.0, 1383959.0 ], [ 542112.29, 1384301.83 ], [ 542081.0, 1384322.16 ], [ 542081.0, 1384323.99 ], [ 542081.0, 1384356.25 ], [ 542081.0, 1384368.37 ], [ 542081.0, 1384415.04 ], [ 542081.12, 1384418.62 ], [ 542091.05, 1384416.77 ], [ 542091.29, 1384416.73 ], [ 542167.56, 1384407.16 ], [ 542239.11, 1384391.8 ], [ 542314.78, 1384374.53 ], [ 542314.91, 1384374.5 ], [ 542339.33, 1384369.81 ], [ 542339.34, 1384369.81 ], [ 542393.23, 1384359.66 ], [ 542479.79, 1384342.57 ], [ 542479.84, 1384342.57 ], [ 542536.95, 1384332.05 ], [ 542537.32, 1384331.99 ], [ 542572.0, 1384328.91 ], [ 542572.0, 1383824.0 ], [ 542502.17, 1383824.0 ], [ 542207.72, 1383824.0 ] ] ] ] } },
{ "type": "Feature", "properties": { "Stt": 194.0, "Malo_cty": "5.15TK.N2.09.017", "Ten_lo": "A 22 - KV 3", "Dien_tich": "10.9", "Ma_cay": "CAO_SU", "Nam_trong": "2009", "QGIA": "Cambodia", "TINH": "Kampong Thom", "HUYEN": "Santuk", "XA": "Kraya", "Ten_NT": "NT 2", "To": 3.0, "Giong": "RRIV 4" }, "geometry": { "type": "MultiPolygon", "coordinates": [ [ [ [ 542073.0, 1381324.0 ], [ 541922.0, 1381324.0 ], [ 541922.0, 1381324.0 ], [ 541920.0, 1381324.0 ], [ 541910.0, 1381362.0 ], [ 541890.0, 1381428.0 ], [ 541889.0, 1381453.0 ], [ 541877.0, 1381512.0 ], [ 541859.0, 1381570.0 ], [ 541855.0, 1381603.0 ], [ 541848.0, 1381628.0 ], [ 541829.0, 1381702.0 ], [ 541825.0, 1381741.0 ], [ 541815.0, 1381777.0 ], [ 541779.0, 1381790.0 ], [ 541758.0, 1381790.0 ], [ 541745.0, 1381817.0 ], [ 541744.99, 1381817.01 ], [ 541797.81, 1381817.01 ], [ 541815.91, 1381817.01 ], [ 541867.99, 1381817.01 ], [ 541875.67, 1381817.01 ], [ 541998.91, 1381817.01 ], [ 542073.0, 1381817.01 ], [ 542073.0, 1381324.0 ] ] ] ] } },
{ "type": "Feature", "properties": { "Stt": 195.0, "Malo_cty": "5.15TK.N2.09.018", "Ten_lo": "A-B 23 - KV 3", "Dien_tich": "7.4", "Ma_cay": "CAO_SU", "Nam_trong": "2009", "QGIA": "Cambodia", "TINH": "Kampong Thom", "HUYEN": "Santuk", "XA": "Kraya", "Ten_NT": "NT 2", "To": 3.0, "Giong": "RRIV 4" }, "geometry": { "type": "MultiPolygon", "coordinates": [ [ [ [ 541917.0, 1381316.0 ], [ 542303.0, 1381316.0 ], [ 542302.0, 1381213.0 ], [ 542296.0, 1381204.0 ], [ 542293.0, 1381062.0 ], [ 542209.0, 1381069.0 ], [ 542145.0, 1381084.0 ], [ 542134.0, 1381093.0 ], [ 542093.0, 1381106.0 ], [ 542014.0, 1381118.0 ], [ 541970.0, 1381128.0 ], [ 541941.0, 1381128.0 ], [ 541939.0, 1381185.0 ], [ 541917.0, 1381316.0 ] ] ] ] } },
{ "type": "Feature", "properties": { "Stt": 205.0, "Malo_cty": "5.15TK.N2.09.039", "Ten_lo": "C 21 - KV 3", "Dien_tich": "11.3", "Ma_cay": "CAO_SU", "Nam_trong": "2009", "QGIA": "Cambodia", "TINH": "Kampong Thom", "HUYEN": "Santuk", "XA": "Kraya", "Ten_NT": "NT 2", "To": 3.0, "Giong": "RRIV 4" }, "geometry": { "type": "MultiPolygon", "coordinates": [ [ [ [ 542761.11, 1382316.0 ], [ 542768.0, 1382250.0 ], [ 542783.0, 1382230.0 ], [ 542780.0, 1382214.0 ], [ 542791.0, 1382167.0 ], [ 542804.0, 1382149.0 ], [ 542811.0, 1382075.0 ], [ 542832.0, 1382026.0 ], [ 542843.0, 1381988.0 ], [ 542841.0, 1381930.0 ], [ 542833.0, 1381877.0 ], [ 542834.0, 1381877.0 ], [ 542833.01, 1381825.0 ], [ 542825.4, 1381825.0 ], [ 542751.38, 1381825.0 ], [ 542717.67, 1381825.0 ], [ 542581.0, 1381825.0 ], [ 542581.0, 1382316.0 ], [ 542587.81, 1382316.0 ], [ 542672.37, 1382316.0 ], [ 542710.81, 1382316.0 ], [ 542761.11, 1382316.0 ] ] ] ] } },
{ "type": "Feature", "properties": { "Stt": 193.0, "Malo_cty": "5.15TK.N2.09.016", "Ten_lo": "A 21 - KV 3", "Dien_tich": "21.6", "Ma_cay": "CAO_SU", "Nam_trong": "2009", "QGIA": "Cambodia", "TINH": "Kampong Thom", "HUYEN": "Santuk", "XA": "Kraya", "Ten_NT": "NT 2", "To": 3.0, "Giong": "PB 255" }, "geometry": { "type": "MultiPolygon", "coordinates": [ [ [ [ 541584.0, 1382316.0 ], [ 542073.0, 1382316.0 ], [ 542073.0, 1381825.0 ], [ 541999.0, 1381825.0 ], [ 541875.77, 1381825.0 ], [ 541867.13, 1381825.0 ], [ 541815.91, 1381825.0 ], [ 541797.81, 1381825.0 ], [ 541743.89, 1381825.0 ], [ 541741.0, 1381825.0 ], [ 541731.0, 1381862.0 ], [ 541698.0, 1381933.0 ], [ 541656.0, 1382048.0 ], [ 541635.0, 1382097.0 ], [ 541598.0, 1382162.0 ], [ 541584.0, 1382210.0 ], [ 541583.0, 1382231.0 ], [ 541588.0, 1382280.0 ], [ 541584.0, 1382316.0 ] ] ] ] } },
{ "type": "Feature", "properties": { "Stt": 201.0, "Malo_cty": "5.15TK.N2.09.032", "Ten_lo": "B 22 - KV 3", "Dien_tich": "24.4", "Ma_cay": "CAO_SU", "Nam_trong": "2009", "QGIA": "Cambodia", "TINH": "Kampong Thom", "HUYEN": "Santuk", "XA": "Kraya", "Ten_NT": "NT 2", "To": 3.0, "Giong": "RRIV 4" }, "geometry": { "type": "MultiPolygon", "coordinates": [ [ [ [ 542573.0, 1381817.01 ], [ 542573.0, 1381324.0 ], [ 542082.0, 1381324.0 ], [ 542081.0, 1381324.0 ], [ 542081.0, 1381817.01 ], [ 542573.0, 1381817.01 ] ] ] ] } },
{ "type": "Feature", "properties": { "Stt": 200.0, "Malo_cty": "5.15TK.N2.09.031", "Ten_lo": "B 21 - KV 3", "Dien_tich": "24.4", "Ma_cay": "CAO_SU", "Nam_trong": "2009", "QGIA": "Cambodia", "TINH": "Kampong Thom", "HUYEN": "Santuk", "XA": "Kraya", "Ten_NT": "NT 2", "To": 3.0, "Giong": "RRIV 4" }, "geometry": { "type": "MultiPolygon", "coordinates": [ [ [ [ 542573.0, 1382316.0 ], [ 542573.0, 1381825.0 ], [ 542081.0, 1381825.0 ], [ 542081.0, 1382316.0 ], [ 542573.0, 1382316.0 ] ] ] ] } },
{ "type": "Feature", "properties": { "Stt": 206.0, "Malo_cty": "5.15TK.N2.09.040", "Ten_lo": "C 22 - KV 3", "Dien_tich": "12", "Ma_cay": "CAO_SU", "Nam_trong": "2009", "QGIA": "Cambodia", "TINH": "Kampong Thom", "HUYEN": "Santuk", "XA": "Kraya", "Ten_NT": "NT 2", "To": 3.0, "Giong": "RRIV 4" }, "geometry": { "type": "MultiPolygon", "coordinates": [ [ [ [ 542832.73, 1381817.01 ], [ 542832.73, 1381816.97 ], [ 542841.0, 1381817.0 ], [ 542833.0, 1381778.0 ], [ 542835.0, 1381739.0 ], [ 542842.0, 1381706.0 ], [ 542841.0, 1381645.0 ], [ 542831.0, 1381587.0 ], [ 542834.0, 1381549.0 ], [ 542830.0, 1381512.0 ], [ 542839.0, 1381470.0 ], [ 542838.0, 1381438.0 ], [ 542830.0, 1381394.0 ], [ 542838.0, 1381333.0 ], [ 542673.0, 1381329.0 ], [ 542654.0, 1381325.0 ], [ 542582.0, 1381324.0 ], [ 542581.0, 1381324.0 ], [ 542581.0, 1381817.01 ], [ 542717.67, 1381817.01 ], [ 542825.34, 1381817.01 ], [ 542832.73, 1381817.01 ] ] ] ] } },
{ "type": "Feature", "properties": { "Stt": 432.0, "Malo_cty": "Nong truong ST1 cu", "Ten_lo": null, "Dien_tich": "0.5", "Ma_cay": "CAO_SU", "Nam_trong": null, "QGIA": "Cambodia", "TINH": "Kampong Thom", "HUYEN": "Santuk", "XA": "Kraya", "Ten_NT": null, "To": 0.0, "Giong": null }, "geometry": { "type": "MultiPolygon", "coordinates": [ [ [ [ 548070.01, 1392104.64 ], [ 548000.0, 1392092.0 ], [ 547909.0, 1392061.0 ], [ 547901.76, 1392064.41 ], [ 547901.76, 1392159.37 ], [ 548069.48, 1392158.86 ], [ 548070.01, 1392104.64 ] ] ] ] } }
]
}
