{
"type": "FeatureCollection",
"name": "nencaosu",
"crs": { "type": "name", "properties": { "name": "urn:ogc:def:crs:EPSG::32648" } },
"features": [
{ "type": "Feature", "properties": { "OBJECTID": 1, "ID_0": 40, "ISO": "KHM", "NAME_0": "Cambodia", "ID_1": 7, "NAME_1": "Kâmpóng Thum", "ID_2": 58, "NAME_2": "Santuk", "ID_3": 537, "NAME_3": "Kraya", "TYPE_3": "Khum", "ENGTYPE_3": "Commune", "NL_NAME_3": null, "VARNAME_3": null, "Shape_Leng": 6.0641862194999998, "Shape_Area": 0.0062733591264200004 }, "geometry": { "type": "MultiPolygon", "coordinates": [ [ [ [ 554943.269973256043158, 1377816.000027733156458 ], [ 554943.309993207338266, 1377815.769970843102783 ], [ 554964.00000401516445, 1377816.000031240517274 ], [ 554970.99991672928445, 1377787.999982009408996 ], [ 554980.999951823148876, 1377739.999983391026035 ], [ 555005.000012640841305, 1377622.999970835633576 ], [ 555012.999927199445665, 1377581.000019519357011 ], [ 555030.999992778059095, 1377498.000054859556258 ], [ 555031.9999385435367, 1377473.999995974591002 ], [ 555043.999922029091977, 1377445.000057290773839 ], [ 555054.999997512204573, 1377370.000043376581743 ], [ 554934.000010646181181, 1377361.000049494439736 ], [ 554943.999939061235636, 1377328.999962462577969 ], [ 554924.000006354763173, 1377304.000019829487428 ], [ 554879.999928355799057, 1377250.000056156888604 ], [ 554868.000008062226698, 1377162.000006078043953 ], [ 554854.999999943072908, 1377140.999979664105922 ], [ 554834.999933021492325, 1377088.999964312650263 ], [ 554815.999916499946266, 1377065.000015940284356 ], [ 554779.999972956255078, 1377049.999987353105098 ], [ 554683.999973409576342, 1376977.000002973247319 ], [ 554648.999971366953105, 1376956.999981597531587 ], [ 554584.190002332674339, 1376913.790014374535531 ], [ 554524.449920604936779, 1376872.949980236357078 ], [ 554465.99996806983836, 1376833.000024509849027 ], [ 554440.299934351816773, 1376850.88997662672773 ], [ 554325.929973137797788, 1376930.440011926228181 ], [ 554282.639917805092409, 1376960.550030801445246 ], [ 554281.99997781869024, 1376961.0000428725034 ], [ 554109.999942761845887, 1377082.000047326320782 ], [ 554107.999971598619595, 1377093.999997377162799 ], [ 554064.000003113993444, 1377127.999970839358866 ], [ 554063.999974247883074, 1377141.999976198421791 ], [ 554107.999959766166285, 1377216.999976062681526 ], [ 554146.99992073723115, 1377285.99996317201294 ], [ 554152.999975670361891, 1377349.999966013943776 ], [ 554172.999947806121781, 1377350.000006851973012 ], [ 554173.209985409630463, 1377351.090001277159899 ], [ 554503.979942441103049, 1377351.090006507467479 ], [ 554572.949955828255042, 1377351.090058711590245 ], [ 554572.959924898343161, 1377351.089978110278025 ], [ 554582.949947849148884, 1377351.089974286966026 ], [ 554822.999934699502774, 1377351.089977874886245 ], [ 554825.819916306063533, 1377359.090019888244569 ], [ 554824.699977395357564, 1377359.08998086466454 ], [ 554582.949966346728615, 1377359.090027067810297 ], [ 554582.899988464429043, 1377816.000016336096451 ], [ 554867.729961288860068, 1377815.99997550691478 ], [ 554874.529923437978141, 1377815.999979672487825 ], [ 554943.269973256043158, 1377816.000027733156458 ] ] ], [ [ [ 554572.899962275638245, 1377815.999994675861672 ], [ 554572.94997729267925, 1377359.090011932654306 ], [ 554174.819997790968046, 1377359.089988553663716 ], [ 554174.999977686442435, 1377360.000017240643501 ], [ 554184.999939266475849, 1377418.000021867686883 ], [ 554191.999957135063596, 1377538.999971114331856 ], [ 554205.999935720232315, 1377637.999992502853274 ], [ 554212.99992643983569, 1377689.999994336161762 ], [ 554219.999960336950608, 1377729.999974470818415 ], [ 554230.999989597243257, 1377756.999996962258592 ], [ 554243.999924411880784, 1377779.000035965815187 ], [ 554250.999959278618917, 1377816.000046615255997 ], [ 554266.139945062925108, 1377815.999977387255058 ], [ 554527.749923779047094, 1377816.000054570147768 ], [ 554572.899962275638245, 1377815.999994675861672 ] ] ], [ [ [ 554572.839934475370683, 1378315.999977829866111 ], [ 554572.899978042580187, 1377824.000049831811339 ], [ 554544.499990433687344, 1377824.000046851113439 ], [ 554527.749952260055579, 1377824.000009787501767 ], [ 554499.349966466077603, 1377824.00005125021562 ], [ 554268.039971297373995, 1377824.000022701686248 ], [ 554256.109925544820726, 1377823.999961200170219 ], [ 554242.579994170228019, 1377823.999979597283527 ], [ 554287.000003813533112, 1377998.000060158083215 ], [ 554293.999948186217807, 1378056.999963677022606 ], [ 554295.999955952866003, 1378174.999968742020428 ], [ 554293.999958764296025, 1378190.999991419492289 ], [ 554280.999932034639642, 1378221.000015893485397 ], [ 554270.999936403473839, 1378316.000052217161283 ], [ 554289.689938701107167, 1378316.000023405533284 ], [ 554519.699983589118347, 1378316.000017045531422 ], [ 554572.839934475370683, 1378315.999977829866111 ] ] ], [ [ [ 554832.999946853495203, 1378325.000022013671696 ], [ 554833.09000173502136, 1378323.999999164603651 ], [ 554832.119922001147643, 1378324.000044343527406 ], [ 554582.849958594888449, 1378323.99998393189162 ], [ 554582.849973881617188, 1378321.410042156465352 ], [ 554582.849951331270859, 1378316.000025453977287 ], [ 554832.119984069257043, 1378315.999983709771186 ], [ 554833.819920516572893, 1378316.000033329706639 ], [ 554852.999962658621371, 1378316.000008391682059 ], [ 554853.000007764785551, 1378315.000013293465599 ], [ 554927.99992553552147, 1377973.000004006782547 ], [ 554940.99992553202901, 1377882.000049044610932 ], [ 554941.9999955506064, 1377825.000050356145948 ], [ 554942.139996555284597, 1377824.000023627886549 ], [ 554869.129918784834445, 1377824.000011255964637 ], [ 554715.690006547491066, 1377823.999993420438841 ], [ 554582.900001648114994, 1377823.999972148332745 ], [ 554582.84000534156803, 1378321.410023289499804 ], [ 554582.789967993739992, 1378815.99998451047577 ], [ 554615.859960861853324, 1378815.999961242079735 ], [ 554806.949945740867406, 1378816.000008705770597 ], [ 554807.99992065411061, 1378788.000043708598241 ], [ 554794.000011496245861, 1378721.999990742187947 ], [ 554794.999973938101903, 1378572.000006115529686 ], [ 554804.999948278302327, 1378507.000024964101613 ], [ 554827.99992256576661, 1378421.999994686571881 ], [ 554834.999929937068373, 1378373.000013323035091 ], [ 554832.999946853495203, 1378325.000022013671696 ] ] ], [ [ [ 554572.800061440095305, 1378815.999967898940668 ], [ 554572.839944327366538, 1378324.000035657780245 ], [ 554519.700008369283751, 1378323.999974848236889 ], [ 554288.149980680784211, 1378323.999963780399412 ], [ 554269.019998095696792, 1378324.000060505932197 ], [ 554264.76996608870104, 1378324.00001944298856 ], [ 554263.999918030225672, 1378325.000056667951867 ], [ 554238.000005910289474, 1378468.999963687499985 ], [ 554185.999943321803585, 1378533.000003162538633 ], [ 554164.999949347926304, 1378573.000004549277946 ], [ 554107.999997378210537, 1378616.000050992006436 ], [ 554088.999955825507641, 1378649.000017413403839 ], [ 554082.000003568246029, 1378671.999983281595632 ], [ 554081.919961901265197, 1378684.139993207994848 ], [ 554080.999967615585774, 1378684.330011829966679 ], [ 554081.000004316330887, 1378690.25001821690239 ], [ 554080.999930410645902, 1378702.949996107257903 ], [ 554080.999989825882949, 1378739.180025981971994 ], [ 554080.999937786255032, 1378815.999984228983521 ], [ 554268.999958005384542, 1378816.000018483493477 ], [ 554572.800061440095305, 1378815.999967898940668 ] ] ], [ [ [ 554072.99996585410554, 1378702.950008364859968 ], [ 554072.999919899390079, 1378691.250024732667953 ], [ 554072.999993189238012, 1378686.00002973433584 ], [ 554035.999965740018524, 1378685.999979076674208 ], [ 553977.999986773473211, 1378690.000012457603589 ], [ 553926.000011037569493, 1378697.000028429320082 ], [ 553851.999991139862686, 1378698.000046434579417 ], [ 553777.999990219832398, 1378675.000002192799002 ], [ 553641.999922914779745, 1378654.999982692766935 ], [ 553583.999973034486175, 1378657.000025962479413 ], [ 553580.999949767952785, 1378656.899970882106572 ], [ 553581.000012546428479, 1378660.599997160024941 ], [ 553580.999953423044644, 1378718.110024790046737 ], [ 553580.99997564998921, 1378796.870045578340068 ], [ 553580.999994528479874, 1378816.000010204967111 ], [ 554073.000004592351615, 1378815.999995277030393 ], [ 554072.999937587184832, 1378739.180037674726918 ], [ 554072.99996585410554, 1378702.950008364859968 ] ] ], [ [ [ 553072.999996728613041, 1378579.380030925385654 ], [ 553080.999999347724952, 1378579.000031053787097 ], [ 553080.999926373362541, 1378816.000054439064115 ], [ 553409.999980056541972, 1378816.000050013419241 ], [ 553561.469961245777085, 1378816.000018510734662 ], [ 553563.459925748757087, 1378816.000036034965888 ], [ 553572.999969378695823, 1378816.000060361810029 ], [ 553572.999945383751765, 1378796.869996486930177 ], [ 553572.999999031890184, 1378718.109976714476943 ], [ 553573.000009929179214, 1378656.619965086458251 ], [ 553571.639996203361079, 1378656.569999296218157 ], [ 553570.999925267882645, 1378370.999999207444489 ], [ 553564.999936139909551, 1378370.999992733122781 ], [ 553565.999933344428428, 1378343.000045705586672 ], [ 553409.72991968120914, 1378345.709991087438539 ], [ 553334.999952335143462, 1378347.000022031133994 ], [ 553325.999973016092554, 1378367.000047693727538 ], [ 553216.999939042259939, 1377898.999990303767845 ], [ 553204.999948530457914, 1377729.000008920673281 ], [ 552847.339983123121783, 1377982.499992773169652 ], [ 552763.429929221281782, 1378043.870020722737536 ], [ 552580.99998098006472, 1378173.999988997122273 ], [ 552581.999974813428707, 1378322.00002841767855 ], [ 552581.999988282099366, 1378816.000051765469834 ], [ 553073.000004863948561, 1378816.000044616870582 ], [ 553072.999996728613041, 1378579.380030925385654 ] ] ], [ [ [ 552572.009996213950217, 1378199.72004198632203 ], [ 552530.999960691202432, 1378194.000015114201233 ], [ 552490.999933713697828, 1378220.999967017443851 ], [ 552462.999986769631505, 1378252.99997718189843 ], [ 552426.999923123628832, 1378277.000054373871535 ], [ 552402.000004855566658, 1378303.000053902622312 ], [ 552276.999975675018504, 1378390.000017930520698 ], [ 552215.999968994641677, 1378443.000045655760914 ], [ 552080.999987295479514, 1378543.000008478295058 ], [ 552080.99993390403688, 1378563.319974997080863 ], [ 552080.999925051350147, 1378648.000014464836568 ], [ 552080.999919938622043, 1378721.689996673259884 ], [ 552081.000008355244063, 1378782.069999172817916 ], [ 552080.999988531693816, 1378815.999999945284799 ], [ 552572.010013092076406, 1378816.000032098265365 ], [ 552572.009926849976182, 1378647.919975047465414 ], [ 552572.009996213950217, 1378199.72004198632203 ] ] ], [ [ [ 554582.769992851652205, 1379314.960012764902785 ], [ 554683.420134979882278, 1379314.959975403966382 ], [ 554683.419961200561374, 1379315.000054464675486 ], [ 555133.449963327613659, 1379315.00003869831562 ], [ 555144.369976833113469, 1379315.000047417590395 ], [ 555147.649919339572079, 1379315.000058374833316 ], [ 555146.000001437612809, 1379205.999995993217453 ], [ 554960.819963611662388, 1379198.270059824921191 ], [ 554913.99993778381031, 1379140.000049073481932 ], [ 554864.86991891276557, 1378973.850011839298531 ], [ 554826.289981387206353, 1378823.990004110150039 ], [ 554812.169928450137377, 1378823.990006231004372 ], [ 554615.859971878235228, 1378823.989977532764897 ], [ 554582.789401795715094, 1378823.989999340381473 ], [ 554582.739922456094064, 1379258.960011281305924 ], [ 554582.759956615278497, 1379258.96004922548309 ], [ 554582.769973998540081, 1379304.96005799411796 ], [ 554582.769992851652205, 1379314.960012764902785 ] ], [ [ 554683.529997974517755, 1379259.069927538977936 ], [ 554683.629973533679731, 1379259.070017786929384 ], [ 554683.529997967416421, 1379285.697458061622456 ], [ 554683.529997974517755, 1379259.069927538977936 ] ] ], [ [ [ 554572.749985556933098, 1379315.0000114813447 ], [ 554572.799986659782007, 1378823.989983546314761 ], [ 554080.999999298946932, 1378823.989994591567665 ], [ 554081.000007069204003, 1379314.999975948827341 ], [ 554572.749985556933098, 1379315.0000114813447 ] ] ], [ [ [ 554072.999919187859632, 1379314.999981108354405 ], [ 554072.999970591859892, 1378823.990005377214402 ], [ 553580.99999915191438, 1378823.99001489020884 ], [ 553580.999923232127912, 1379315.000051188282669 ], [ 554072.999919187859632, 1379314.999981108354405 ] ] ], [ [ [ 553572.999939031898975, 1379314.999996423022822 ], [ 553572.999976410996169, 1378823.989965510787442 ], [ 553563.489938206155784, 1378823.989996822085232 ], [ 553561.490005724132061, 1378823.990060211857781 ], [ 553080.999971837969497, 1378823.99005367490463 ], [ 553081.000007886323147, 1379315.000049013411626 ], [ 553572.999939031898975, 1379314.999996423022822 ] ] ], [ [ [ 553072.999931684345938, 1379315.000033418182284 ], [ 553072.999954818165861, 1378823.990043588913977 ], [ 552581.999976583523676, 1378823.990045433631167 ], [ 552582.000009864452295, 1379315.000003452645615 ], [ 553072.999931684345938, 1379315.000033418182284 ] ] ], [ [ [ 552072.99991989613045, 1379314.999973779777065 ], [ 552072.999971731915139, 1379009.739989023655653 ], [ 552080.999994701938704, 1379010.999981864821166 ], [ 552080.999984642956406, 1379315.000010141870007 ], [ 552572.010012154234573, 1379314.999976954655722 ], [ 552572.010004162089899, 1378823.990025663282722 ], [ 552080.999920223024674, 1378823.989988079527393 ], [ 552080.999893695465289, 1378854.19003564119339 ], [ 552072.999960765941069, 1378852.910054907901213 ], [ 552073.000012204283848, 1378823.99005675711669 ], [ 552006.989878966822289, 1378823.989942501066253 ], [ 551998.87000620260369, 1378815.999927409458905 ], [ 552069.440002149436623, 1378816.000003340654075 ], [ 552072.999980746768415, 1378815.999969077063724 ], [ 552073.000005451496691, 1378566.430015051504597 ], [ 552072.999993084929883, 1378539.000014637596905 ], [ 552059.999987484537996, 1378538.000019907020032 ], [ 551934.999986102571711, 1378632.000046679284424 ], [ 551837.999944830080494, 1378716.999979822896421 ], [ 551580.999932485749014, 1378885.030012899776921 ], [ 551580.999945240910165, 1378980.000026787398383 ], [ 551580.99994229641743, 1379137.989979721605778 ], [ 551580.999967676820233, 1379314.99997366592288 ], [ 551821.999972317018546, 1379315.000026615569368 ], [ 551856.999963157693855, 1379315.000033510383219 ], [ 552072.99991989613045, 1379314.999973779777065 ] ] ], [ [ [ 551572.999988712486811, 1378980.710022254614159 ], [ 551572.999940555077046, 1378890.879993093665689 ], [ 551081.459927766816691, 1379240.999974138569087 ], [ 551081.9999433074845, 1379243.000017493031919 ], [ 551081.999939725850709, 1379316.000031565781683 ], [ 551572.999975711805746, 1379315.999968105461448 ], [ 551572.999931701458991, 1379137.989984686020762 ], [ 551573.000002016313374, 1379036.580038788961247 ], [ 551572.999988712486811, 1378980.710022254614159 ] ] ], [ [ [ 555077.000009135575965, 1379437.000038540456444 ], [ 555088.999955303384922, 1379430.000029928050935 ], [ 555092.999993486097082, 1379444.999963809270412 ], [ 555102.999940401758067, 1379454.000056142220274 ], [ 555113.999995434074663, 1379453.000013362150639 ], [ 555121.999969878117554, 1379465.000055694719777 ], [ 555129.000010918360204, 1379468.000010401941836 ], [ 555146.999994776328094, 1379465.000054233474657 ], [ 555149.999935052823275, 1379344.999969016527757 ], [ 555144.999949687509798, 1379325.000022266991436 ], [ 554582.729965144535527, 1379324.999971124343574 ], [ 554582.679995612706989, 1379814.989986465312541 ], [ 555059.999918885296211, 1379814.760010149562731 ], [ 555058.999928745091893, 1379635.000013833399862 ], [ 555052.999952509184368, 1379604.999995426042005 ], [ 555050.999991064192727, 1379571.999975011916831 ], [ 555045.999916852684692, 1379565.999991601798683 ], [ 555046.999950298923068, 1379537.000020559178665 ], [ 555045.999988133320585, 1379510.000000898726285 ], [ 555048.999938926543109, 1379505.999978833599016 ], [ 555059.999958719243295, 1379498.000041725579649 ], [ 555059.999956627376378, 1379488.99997580004856 ], [ 555077.999973159166984, 1379484.999981092987582 ], [ 555077.000009135575965, 1379437.000038540456444 ] ] ], [ [ [ 554572.690141973551363, 1379814.990055313333869 ], [ 554572.739941623876803, 1379325.000046567758545 ], [ 554081.000004240544513, 1379325.000023122178391 ], [ 554080.999961053254083, 1379815.220019259955734 ], [ 554572.690141973551363, 1379814.990055313333869 ] ] ], [ [ [ 554073.000012048170902, 1379815.220019074622542 ], [ 554072.999919128254987, 1379325.000028175069019 ], [ 553580.999996355734766, 1379324.999992077006027 ], [ 553580.99992005713284, 1379815.449977864976972 ], [ 554073.000012048170902, 1379815.220019074622542 ] ] ], [ [ [ 553073.000001946813427, 1379815.689985063392669 ], [ 553072.999985615722835, 1379324.999967239564285 ], [ 552581.999940804787911, 1379325.000029780901968 ], [ 552581.999982397188433, 1379815.920049150940031 ], [ 553073.000001946813427, 1379815.689985063392669 ] ] ], [ [ [ 552572.009962905198336, 1379815.920015789801255 ], [ 552572.009946566657163, 1379325.000003146240488 ], [ 552080.999991698306985, 1379325.000029803486541 ], [ 552080.999943691422231, 1379816.150046644499525 ], [ 552572.009962905198336, 1379815.920015789801255 ] ] ], [ [ [ 552072.999999928055331, 1379816.160049762809649 ], [ 552072.999929732992314, 1379324.999993338249624 ], [ 551854.26993644295726, 1379325.000010793097317 ], [ 551828.359970204997808, 1379325.000043456675485 ], [ 551581.989930597599596, 1379324.999968416057527 ], [ 551581.989944539032876, 1379816.390031865797937 ], [ 552072.999999928055331, 1379816.160049762809649 ] ] ], [ [ [ 551571.99993925425224, 1379816.390046914573759 ], [ 551571.999980885535479, 1379323.999998796265572 ], [ 551081.999929471407086, 1379324.000056468881667 ], [ 551081.999927584547549, 1379755.230015946784988 ], [ 551081.999937208252959, 1379816.620015184627846 ], [ 551144.149948680889793, 1379816.590360079426318 ], [ 551167.789986375253648, 1379816.579133387422189 ], [ 551571.99993925425224, 1379816.390046914573759 ] ] ], [ [ [ 554572.639957877807319, 1380314.999976907623932 ], [ 554572.689938821247779, 1379822.990021334728226 ], [ 554567.309924074797891, 1379822.98997399606742 ], [ 554080.999992155353539, 1379823.219980183755979 ], [ 554080.999982950743288, 1380315.000053756171837 ], [ 554566.999990243813954, 1380315.000029955292121 ], [ 554572.639957877807319, 1380314.999976907623932 ] ] ], [ [ [ 555060.999923544935882, 1379824.999976121587679 ], [ 555060.779923538328148, 1379822.759981164475903 ], [ 554582.679789490881376, 1379822.99005204020068 ], [ 554582.629990110872313, 1380316.000011046417058 ], [ 555071.209974254714325, 1380316.000060166232288 ], [ 555073.649958501919173, 1380316.00005228864029 ], [ 555073.679956933483481, 1379982.650029544718564 ], [ 555066.99998307460919, 1379951.999967699637637 ], [ 555063.999964748625644, 1379917.00002115429379 ], [ 555059.999968383461237, 1379863.000020741019398 ], [ 555060.999923544935882, 1379824.999976121587679 ] ] ], [ [ [ 554072.999950108467601, 1380039.730023470707238 ], [ 554072.999928791658022, 1379823.230024397838861 ], [ 553836.309973324881867, 1379823.339966296683997 ], [ 553580.999973595608026, 1379823.459977944614366 ], [ 553581.000001990585588, 1380040.000007180962712 ], [ 553580.999956369865686, 1380315.000027825357392 ], [ 553815.799987390520982, 1380314.999983415240422 ], [ 554072.999977307161316, 1380315.000047850888222 ], [ 554072.999950108467601, 1380039.730023470707238 ] ] ], [ [ [ 553572.999956693034619, 1380314.999961916590109 ], [ 553572.999934927909635, 1379823.460016884841025 ], [ 553566.250006313086487, 1379823.45999571448192 ], [ 553566.239951294264756, 1379819.459999452345073 ], [ 553566.219928234233521, 1379815.459984665969387 ], [ 553572.999958395492285, 1379815.459962282329798 ], [ 553572.999917019391432, 1379325.000036475947127 ], [ 553131.159987088874914, 1379325.000027623958886 ], [ 553080.9999613215914, 1379324.999982766108587 ], [ 553080.999939141678624, 1379815.690005922224373 ], [ 553131.079989709425718, 1379815.670046695275232 ], [ 553564.559955469914712, 1379815.459981064777821 ], [ 553564.579978754976764, 1379819.459995841374621 ], [ 553564.579968271777034, 1379823.459973377175629 ], [ 553131.079991416889243, 1379823.669997001765296 ], [ 553080.999954572645947, 1379823.690055154496804 ], [ 553081.000000423635356, 1380315.000030227936804 ], [ 553130.999989479430951, 1380315.000047102570534 ], [ 553572.999956693034619, 1380314.999961916590109 ] ] ], [ [ [ 553073.000006460235454, 1380315.000003766035661 ], [ 553072.999921873910353, 1379823.69003403163515 ], [ 552581.999941126792692, 1379823.919993359828368 ], [ 552581.999927131924778, 1380314.999997027451172 ], [ 553073.000006460235454, 1380315.000003766035661 ] ] ], [ [ [ 552572.009982832125388, 1380315.000056457472965 ], [ 552572.009924227488227, 1379823.920059346826747 ], [ 552080.99994381738361, 1379824.149985490832478 ], [ 552080.999993839650415, 1380315.00002013752237 ], [ 552572.009982832125388, 1380315.000056457472965 ] ] ], [ [ [ 552073.000011337571777, 1380314.99997311970219 ], [ 552073.00000227545388, 1379824.159988526720554 ], [ 552009.849995376192965, 1379824.190010836813599 ], [ 551581.989985508844256, 1379824.389965414302424 ], [ 551581.989977938006632, 1380314.999990961514413 ], [ 552009.929998015868478, 1380314.999964048387483 ], [ 552073.000011337571777, 1380314.99997311970219 ] ] ], [ [ [ 551571.889966674963944, 1379884.040008996147662 ], [ 551571.999982998240739, 1379824.389980367617682 ], [ 551446.659926991909742, 1379824.449996477924287 ], [ 551144.889992018695921, 1379824.590011549415067 ], [ 551081.999921387177892, 1379824.620042766910046 ], [ 551081.999944710521959, 1380315.000007436377928 ], [ 551571.999950146418996, 1380314.999999313848093 ], [ 551571.889966674963944, 1379884.040008996147662 ] ] ], [ [ [ 551073.999973264057189, 1380315.000039031263441 ], [ 551074.000009370152839, 1379824.619980217888951 ], [ 550957.269973481306806, 1379824.670042669633403 ], [ 550581.009991928352974, 1379824.849980222061276 ], [ 550581.059991919086315, 1380314.999974583275616 ], [ 551073.999973264057189, 1380315.000039031263441 ] ] ], [ [ [ 550073.019990845001303, 1380315.999977948144078 ], [ 550072.999938362743706, 1380009.179960989393294 ], [ 550080.999943195609376, 1380019.319972797762603 ], [ 550081.019783257623203, 1380214.050015690503642 ], [ 550081.029918767861091, 1380315.999983981251717 ], [ 550322.999949117889628, 1380316.000045417109504 ], [ 550435.809958146652207, 1380315.999994873302057 ], [ 550573.059931030147709, 1380316.000036403769627 ], [ 550573.01993804203812, 1379824.860019295010716 ], [ 550573.02000796655193, 1379816.859997174004093 ], [ 550573.010011164238676, 1379718.01001725695096 ], [ 550581.0099444296211, 1379718.28999655880034 ], [ 550581.00996617320925, 1379816.850057300645858 ], [ 551073.999925062642433, 1379816.620051994919777 ], [ 551073.999996161088347, 1379752.970004348782822 ], [ 551073.999976186780259, 1379323.999999151565135 ], [ 551073.999984220485203, 1379315.999974329024553 ], [ 551073.999940129811876, 1379244.780053647467867 ], [ 550717.389950510929339, 1379502.249991838354617 ], [ 550415.999983526067808, 1379719.000051421346143 ], [ 550227.92998529295437, 1379847.850046434439719 ], [ 550158.059953966760077, 1379898.929971154313534 ], [ 550127.999941955320537, 1379918.999965439550579 ], [ 550017.999954525032081, 1379995.999996931524947 ], [ 549594.999943134724163, 1380299.000054479576647 ], [ 549592.999931973987259, 1380315.000020747538656 ], [ 549592.200002625817433, 1380316.000024855369702 ], [ 550073.019990845001303, 1380315.999977948144078 ] ] ], [ [ [ 556699.999964721035212, 1380717.999991621356457 ], [ 556688.9999934528023, 1380674.000033648684621 ], [ 556627.99995930690784, 1380679.000017511891201 ], [ 556462.999961302382872, 1380711.000020450446755 ], [ 556262.99993180623278, 1380750.000048053218052 ], [ 556081.999997789389454, 1380787.999966390430927 ], [ 556080.999953520833515, 1380790.230038883863017 ], [ 556080.999978074221872, 1380815.999968720134348 ], [ 556698.999942693742923, 1380815.999962623696774 ], [ 556699.999964721035212, 1380717.999991621356457 ] ] ], [ [ [ 555573.589998342446052, 1380815.999979456420988 ], [ 555573.639995934441686, 1380363.059972218237817 ], [ 555581.639998678816482, 1380382.100031829206273 ], [ 555581.619990467559546, 1380546.8699731817469 ], [ 555581.589980348828249, 1380816.000010112067685 ], [ 556072.999989892356098, 1380815.999998182523996 ], [ 556072.999930570018478, 1380794.960047079948708 ], [ 556022.999973779311404, 1380793.000042282510549 ], [ 556005.000004166620784, 1380761.999971359036863 ], [ 556004.999977772007696, 1380693.999976222403347 ], [ 555938.000006030895747, 1380686.000008673174307 ], [ 555916.999924375675619, 1380660.000031662173569 ], [ 555914.999951058882289, 1380615.000004080589861 ], [ 555907.000000697677024, 1380599.000010755844414 ], [ 555814.999920835718513, 1380584.000052637653425 ], [ 555688.000008251168765, 1380582.99997442541644 ], [ 555688.999960401910357, 1380373.999973206780851 ], [ 555664.000011640251614, 1380277.999990863492712 ], [ 555663.999933429411612, 1380211.00004894961603 ], [ 555626.999937711982056, 1380130.999961547553539 ], [ 555608.999960468616337, 1380102.99998044827953 ], [ 555570.999990634387359, 1380115.000000509666279 ], [ 555570.999942827271298, 1380277.999987471150234 ], [ 555566.000006253714673, 1380275.999991243239492 ], [ 555566.999930232414044, 1380120.000027116853744 ], [ 555561.999987247865647, 1380115.00004069483839 ], [ 555543.99992135935463, 1380124.000006441026926 ], [ 555434.999964771093801, 1380148.999973990023136 ], [ 555428.999964348389767, 1380127.000023008324206 ], [ 555375.000006601912901, 1380045.000011929078028 ], [ 555363.999974805978127, 1380019.000025610439479 ], [ 555333.999955457169563, 1379962.000030749244615 ], [ 555310.99996461335104, 1379968.999991555698216 ], [ 555277.999947993666865, 1379999.00000024586916 ], [ 555231.999926335993223, 1380032.999963453738019 ], [ 555158.999974140780978, 1380062.000007028924301 ], [ 555081.669978879275732, 1380053.079990496626124 ], [ 555080.999931326135993, 1380053.000042027560994 ], [ 555081.660007831407711, 1380176.329990203958005 ], [ 555081.659922590362839, 1380176.630038797156885 ], [ 555081.918699800269678, 1380224.760065531125292 ], [ 555081.649937700713053, 1380224.769994009751827 ], [ 555081.649971864186227, 1380258.780029732733965 ], [ 555081.649975773994811, 1380316.000037827529013 ], [ 555147.999999729217961, 1380316.000026907538995 ], [ 555257.269937932025641, 1380316.000049149850383 ], [ 555257.919992730603553, 1380323.999980557942763 ], [ 555081.649918456794694, 1380324.000012599863112 ], [ 555081.649947542347945, 1380324.70006018737331 ], [ 555081.649817263358273, 1380325.789962043287233 ], [ 555081.589918321813457, 1380816.000027238158509 ], [ 555496.999927659053355, 1380816.000003783963621 ], [ 555573.589998342446052, 1380815.999979456420988 ] ] ], [ [ [ 555073.589942256687209, 1380816.000036081066355 ], [ 555073.650001130998135, 1380324.000027166446671 ], [ 554582.629973695380613, 1380323.999980226624757 ], [ 554582.619986808742397, 1380324.010006011230871 ], [ 554582.569998037186451, 1380816.000044622225687 ], [ 555073.589942256687209, 1380816.000036081066355 ] ] ], [ [ [ 554572.580296388012357, 1380816.000000196741894 ], [ 554572.629997220472433, 1380325.000018852762878 ], [ 554549.449976417468861, 1380325.000057124299929 ], [ 554080.999965607537888, 1380325.000008166534826 ], [ 554080.99998445645906, 1380816.000042026396841 ], [ 554549.229949387139641, 1380815.999997989740223 ], [ 554572.580296388012357, 1380816.000000196741894 ] ] ], [ [ [ 554072.999922575196251, 1380816.000030394876376 ], [ 554072.999962741974741, 1380325.000002154381946 ], [ 553580.999917201930657, 1380324.999975215876475 ], [ 553580.999960107496008, 1380815.999964743154123 ], [ 554072.999922575196251, 1380816.000030394876376 ] ] ], [ [ [ 553573.000001717824489, 1380815.99999279412441 ], [ 553572.999920111149549, 1380325.000008652452379 ], [ 553080.999939425615594, 1380324.999970668926835 ], [ 553081.000006225774996, 1380816.000018498394638 ], [ 553567.65995334694162, 1380816.000000182073563 ], [ 553568.989957170910202, 1380815.999988922150806 ], [ 553573.000001717824489, 1380815.99999279412441 ] ] ], [ [ [ 553072.999994395300746, 1380603.050030541839078 ], [ 553072.999948062351905, 1380325.000043553998694 ], [ 552581.999941503163427, 1380325.000030222581699 ], [ 552581.999962570262142, 1380497.83996923873201 ], [ 552581.999962913687341, 1380574.999986134003848 ], [ 552581.999988009454682, 1380607.999972353223711 ], [ 552582.000003877328709, 1380730.140016838442534 ], [ 552581.999917623470537, 1380816.000040544429794 ], [ 553072.999956019571982, 1380815.999986415961757 ], [ 553072.999994395300746, 1380603.050030541839078 ] ] ], [ [ [ 552572.010003313072957, 1380497.990000306395814 ], [ 552572.010000862181187, 1380324.999990064883605 ], [ 552228.689991033403203, 1380325.000011609168723 ], [ 552080.99998673715163, 1380325.000046493718401 ], [ 552081.000004032626748, 1380816.000021393643692 ], [ 552229.000005917507224, 1380816.000050342641771 ], [ 552572.009951896732673, 1380815.999993652570993 ], [ 552572.009922711062245, 1380726.120006451383233 ], [ 552572.00997048499994, 1380639.670037573436275 ], [ 552572.009954587207176, 1380566.039980566129088 ], [ 552572.009924928890541, 1380498.139974318677559 ], [ 552572.010003313072957, 1380497.990000306395814 ] ] ], [ [ [ 552072.999965289607644, 1380815.999968861229718 ], [ 552073.000007013091817, 1380324.999999372987077 ], [ 552009.929917875793763, 1380324.999989307718351 ], [ 551581.98994867654983, 1380325.000010570744053 ], [ 551581.989973051473498, 1380816.000053940340877 ], [ 552009.999943415867165, 1380816.000043604290113 ], [ 552072.999965289607644, 1380815.999968861229718 ] ] ], [ [ [ 551571.999923640978523, 1380816.000055559678003 ], [ 551571.999924347037449, 1380325.000018789898604 ], [ 551283.589985046768561, 1380325.000003616791219 ], [ 551081.99999134731479, 1380325.000020518666133 ], [ 551081.999941993504763, 1380816.000035302247852 ], [ 551282.999969452270307, 1380815.999993793433532 ], [ 551571.999923640978523, 1380816.000055559678003 ] ] ], [ [ [ 551074.000012203468941, 1380815.99996220972389 ], [ 551073.999924955423921, 1380325.000051845330745 ], [ 550582.049959026044235, 1380325.00002920627594 ], [ 550582.050646822317503, 1380330.450004598125815 ], [ 550582.05992960522417, 1380437.039983507245779 ], [ 550582.089999131625518, 1380815.999989731702954 ], [ 551074.000012203468941, 1380815.99996220972389 ] ] ], [ [ [ 550572.089995869086124, 1380816.000022484222427 ], [ 550572.069976820144802, 1380437.530039334669709 ], [ 550572.080003737588413, 1380535.530049890978262 ], [ 550572.069927785894834, 1380402.559999723918736 ], [ 550572.060238983132876, 1380323.999996333615854 ], [ 550458.569985035341233, 1380324.00001069996506 ], [ 550359.469964693300426, 1380323.999976061750203 ], [ 550081.029980030143633, 1380324.000003876164556 ], [ 550081.069983711699024, 1380816.000030380673707 ], [ 550572.089995869086124, 1380816.000022484222427 ] ] ], [ [ [ 550073.059999440913089, 1380816.000019043218344 ], [ 550073.029924398288131, 1380324.000014926306903 ], [ 549585.799983489559963, 1380324.000057482393458 ], [ 549584.999957084772177, 1380324.999962159665301 ], [ 549576.999955735751428, 1380397.000045353081077 ], [ 549576.999919598922133, 1380731.000037285033613 ], [ 549599.999980997527018, 1380735.000033538555726 ], [ 549606.999944514711387, 1380740.999999756459147 ], [ 549634.999959816690534, 1380748.000057365046814 ], [ 549676.999947045347653, 1380764.000040320912376 ], [ 549723.999917170614935, 1380769.999972633551806 ], [ 549741.999941306072287, 1380775.999980716733262 ], [ 549768.999986802460626, 1380788.999974326463416 ], [ 549791.999980240827426, 1380803.000026599271223 ], [ 549820.999958169762976, 1380816.000049637863412 ], [ 549821.149990072706714, 1380816.039990661200136 ], [ 549821.09992785169743, 1380816.000023758271709 ], [ 550073.059999440913089, 1380816.000019043218344 ] ] ], [ [ [ 556073.000007401569746, 1381315.909985655453056 ], [ 556072.999944257200696, 1380823.999987101415172 ], [ 555581.58997355948668, 1380823.999993414152414 ], [ 555581.53993650956545, 1381315.840326028643176 ], [ 556073.000007401569746, 1381315.909985655453056 ] ] ], [ [ [ 556699.000000825501047, 1380825.000058067729697 ], [ 556688.669916153419763, 1380824.000001600012183 ], [ 556081.199968779576011, 1380824.000049092108384 ], [ 556080.999930022167973, 1380824.000057179480791 ], [ 556080.999959639389999, 1381316.910060364985839 ], [ 556397.529972738935612, 1381316.960030718240887 ], [ 556397.529992426047102, 1381316.949986009625718 ], [ 556690.089924392523244, 1381316.990018 ], [ 556688.999952657497488, 1381315.000004191184416 ], [ 556696.999992068042047, 1381210.9999699997716 ], [ 556699.000000825501047, 1380825.000058067729697 ] ] ], [ [ [ 555573.5399725997122, 1381265.000002281274647 ], [ 555573.589993776287884, 1380823.999962670961395 ], [ 555081.589952761423774, 1380824.00000487966463 ], [ 555081.539993764134124, 1381315.770368674071506 ], [ 555474.000003249966539, 1381315.830018602544442 ], [ 555573.539996289182454, 1381315.839991346001625 ], [ 555573.5399725997122, 1381265.000002281274647 ] ] ], [ [ [ 555073.539961926173419, 1381315.769973902963102 ], [ 555073.589978914009407, 1380824.000013635493815 ], [ 554582.569877980975434, 1380824.000016293255612 ], [ 554582.529946163063869, 1381315.70003630197607 ], [ 555073.539961926173419, 1381315.769973902963102 ] ] ], [ [ [ 554572.529961838154122, 1381315.699965316802263 ], [ 554572.579983664792962, 1380823.999971389304847 ], [ 554549.219968455960043, 1380824.00005004950799 ], [ 554081.000003793509677, 1380824.000008307397366 ], [ 554080.999943914706819, 1381315.630338501883671 ], [ 554548.999920347472653, 1381315.700003806501627 ], [ 554572.529961838154122, 1381315.699965316802263 ] ] ], [ [ [ 554072.999923741444945, 1381315.630022985162213 ], [ 554072.999944129842333, 1380823.999996590428054 ], [ 553580.999922759947367, 1380824.000024786684662 ], [ 553580.999934423714876, 1381315.559997336938977 ], [ 554072.999923741444945, 1381315.630022985162213 ] ] ], [ [ [ 553572.999919445603155, 1381315.560019728960469 ], [ 553572.999966599047184, 1380824.000052752438933 ], [ 553569.009956396301277, 1380823.999986666953191 ], [ 553567.679952936246991, 1380823.999997911509126 ], [ 553081.000010290066712, 1380823.999973634025082 ], [ 553080.999992062686943, 1381315.490287795197219 ], [ 553572.999919445603155, 1381315.560019728960469 ] ] ], [ [ [ 553073.000010709860362, 1380830.969967058626935 ], [ 553072.999962123692967, 1380824.000040919752792 ], [ 552581.999962639762089, 1380823.999990284908563 ], [ 552581.999977346858941, 1380831.00004574842751 ], [ 552581.999993867240846, 1381315.420053442241624 ], [ 553072.999983337591402, 1381315.490051384316757 ], [ 553073.000010709860362, 1380830.969967058626935 ] ] ], [ [ [ 552572.010006038239226, 1381315.419999713078141 ], [ 552572.009999507572502, 1380824.000042741186917 ], [ 552141.999920686008409, 1380824.000004149973392 ], [ 552080.999992833472788, 1380823.99996559182182 ], [ 552081.000006614485756, 1381315.350276831071824 ], [ 552141.42994608997833, 1381315.359964446164668 ], [ 552572.010006038239226, 1381315.419999713078141 ] ] ], [ [ [ 552073.000009305775166, 1381315.350020073587075 ], [ 552072.999956133775413, 1380824.000012428732589 ], [ 551581.990002807346173, 1380823.999992846511304 ], [ 551581.989968157489784, 1381236.340012110304087 ], [ 551581.989963670494035, 1381315.280059444252402 ], [ 551647.999998808139935, 1381315.289962556445971 ], [ 552073.000009305775166, 1381315.350020073587075 ] ] ], [ [ [ 551572.000004525179975, 1381264.999966175062582 ], [ 551571.999956171726808, 1380823.999994363635778 ], [ 551082.000012974138372, 1380823.99996894900687 ], [ 551081.999934874242172, 1381315.209992458578199 ], [ 551474.799980635987595, 1381314.90004566963762 ], [ 551571.999986864160746, 1381314.90004735137336 ], [ 551572.000004525179975, 1381264.999966175062582 ] ] ], [ [ [ 551073.999948222888634, 1381315.210013432893902 ], [ 551073.999987510382198, 1380823.999995060265064 ], [ 550582.099981043371372, 1380824.000034978846088 ], [ 550582.089926128741354, 1380819.990008514374495 ], [ 550582.119934511836618, 1381209.989996101241559 ], [ 550582.119965497404337, 1381234.989977619610727 ], [ 550582.129958018078469, 1381315.139972185483202 ], [ 551073.999948222888634, 1381315.210013432893902 ] ] ], [ [ [ 550386.920773229328915, 1381316.10895957890898 ], [ 550401.209936295985244, 1381316.110911627532914 ], [ 550401.220001117093489, 1381316.111128160497174 ], [ 550572.129934203927405, 1381316.139989687828347 ], [ 550572.129910662188195, 1381300.140028652036563 ], [ 550572.129998418036848, 1381242.039986021118239 ], [ 550572.130002109799534, 1381211.010022535920143 ], [ 550572.129251783597283, 1381196.590057498076931 ], [ 550572.099980734521523, 1380823.999968170421198 ], [ 550081.069941787049174, 1380824.000052782939747 ], [ 550073.059959743637592, 1380824.000041365856305 ], [ 550045.789942380622961, 1380824.000055937562138 ], [ 549851.219931871048175, 1380823.999977960018441 ], [ 549854.999943684786558, 1380825.000050222035497 ], [ 549854.999920863541774, 1380835.000050547765568 ], [ 549900.999979680869728, 1380892.000033990014344 ], [ 549951.999950444092974, 1380922.999979112297297 ], [ 550045.999962573754601, 1381040.260007459903136 ], [ 550048.999952160171233, 1381044.000046948203817 ], [ 550094.999979026033543, 1381111.999973266385496 ], [ 550125.000011733034626, 1381138.000051564071327 ], [ 550162.999983373563737, 1381186.999970492208377 ], [ 550216.999989538453519, 1381240.999970311764628 ], [ 550255.999945561517961, 1381290.999972303630784 ], [ 550320.339970528380945, 1381316.100055813556537 ], [ 550386.920773229328915, 1381316.10895957890898 ] ] ], [ [ [ 542295.999924920964986, 1381203.999968670541421 ], [ 542292.999977990286425, 1381062.000010906951502 ], [ 542208.999923020834103, 1381068.999980389839038 ], [ 542144.999932163162157, 1381083.999985202914104 ], [ 542133.999978208914399, 1381093.000018425984308 ], [ 542092.999968203250319, 1381106.000042996834964 ], [ 542013.999986011884175, 1381118.000037430319935 ], [ 541969.999947081087157, 1381127.999989814590663 ], [ 541940.999970280448906, 1381127.999978455947712 ], [ 541938.99992922320962, 1381185.000051858834922 ], [ 541916.999997998820618, 1381316.000009574461728 ], [ 542302.999992359546013, 1381316.000014877179638 ], [ 542301.999980058521032, 1381212.999967687064782 ], [ 542295.999924920964986, 1381203.999968670541421 ] ] ], [ [ [ 550573.159986236598343, 1381731.530011684400961 ], [ 550573.149943109601736, 1381616.289988126372918 ], [ 550573.160008177743293, 1381616.290005820337683 ], [ 550573.14995622553397, 1381480.919978877995163 ], [ 550573.129918705206364, 1381324.139987350441515 ], [ 550320.93995751242619, 1381324.100038738455623 ], [ 550320.999957703519613, 1381325.999977448023856 ], [ 550323.999952115118504, 1381401.99996971222572 ], [ 550352.999932339065708, 1381432.000017075566575 ], [ 550476.9999948219629, 1381608.000058745965362 ], [ 550514.999923552502878, 1381663.00005496898666 ], [ 550543.000009831506759, 1381714.999966549221426 ], [ 550573.160000856267288, 1381763.370024099480361 ], [ 550573.159983151359484, 1381741.870054479921237 ], [ 550573.159986236598343, 1381731.530011684400961 ] ] ], [ [ [ 556510.62993968767114, 1381816.039986976422369 ], [ 556685.449954370269552, 1381816.010028466349468 ], [ 556685.449934771284461, 1381816.019973729737103 ], [ 556690.949984946520999, 1381816.019972772570327 ], [ 556690.949926625238732, 1381815.999982599867508 ], [ 556693.999941358342767, 1381771.730003516888246 ], [ 556694.949967954307795, 1381757.850023763719946 ], [ 556696.999916533823125, 1381545.000040421728045 ], [ 556693.999928146251477, 1381536.999996103113517 ], [ 556699.999922734801657, 1381515.999984895344824 ], [ 556700.999916468863375, 1381478.999966600211337 ], [ 556688.999917555600405, 1381428.999992465367541 ], [ 556694.999987860908732, 1381391.999982282752171 ], [ 556694.999964046175592, 1381325.999988979194313 ], [ 556694.449926455854438, 1381324.990054056281224 ], [ 556687.049983274657279, 1381324.989995183888823 ], [ 556687.049963486380875, 1381325.000039896927774 ], [ 556345.030002482235432, 1381324.949965756619349 ], [ 556081.000003392458893, 1381324.910052245017141 ], [ 556080.999928200850263, 1381527.999962619971484 ], [ 556080.999974466511048, 1381540.809996159514412 ], [ 556081.000000525265932, 1381816.090038623893633 ], [ 556372.68995757214725, 1381816.049776510568336 ], [ 556486.519979846314527, 1381816.039969973731786 ], [ 556510.62993968767114, 1381816.039986976422369 ] ] ], [ [ [ 556072.999920415342785, 1381534.729962816927582 ], [ 556072.999967737821862, 1381325.909676851239055 ], [ 555582.529982361476868, 1381325.840032970299944 ], [ 555582.469967848970555, 1381816.170022758422419 ], [ 556072.999977821600623, 1381816.100001676473767 ], [ 556072.999927142285742, 1381535.979986575432122 ], [ 556072.139925654395483, 1381535.459961832268164 ], [ 556072.999920415342785, 1381534.729962816927582 ] ] ], [ [ [ 555572.480012038955465, 1381816.170014292467386 ], [ 555572.539954593055882, 1381325.839733047410846 ], [ 555081.540005467366427, 1381325.770045671379194 ], [ 555081.479954223148525, 1381816.240011774469167 ], [ 555572.480012038955465, 1381816.170014292467386 ] ] ], [ [ [ 555073.479963063145988, 1381816.240009194938466 ], [ 555073.539976217551157, 1381325.769750243518502 ], [ 554582.519967756350525, 1381325.699985609622672 ], [ 554582.469915949739516, 1381816.310050887754187 ], [ 555073.479963063145988, 1381816.240009194938466 ] ] ], [ [ [ 554572.470398777280934, 1381816.309973729774356 ], [ 554572.519986716564745, 1381325.700013951398432 ], [ 554081.000010140822269, 1381325.630001437151805 ], [ 554080.999972664401866, 1381816.380043125944212 ], [ 554572.470398777280934, 1381816.309973729774356 ] ] ], [ [ [ 554072.999993448960595, 1381816.380020425189286 ], [ 554072.999992747558281, 1381325.629685813561082 ], [ 553580.999978216947056, 1381325.560051057720557 ], [ 553580.999964989954606, 1381343.200049943989143 ], [ 553580.999949047924019, 1381799.899974102852866 ], [ 553580.999999673338607, 1381816.449978394899517 ], [ 554072.999993448960595, 1381816.380020425189286 ] ] ], [ [ [ 553072.999936688574962, 1381816.520007779123262 ], [ 553073.000008959555998, 1381325.489700235659257 ], [ 552581.999994119163603, 1381325.419993881834671 ], [ 552581.999935043277219, 1381816.590000140946358 ], [ 553072.999936688574962, 1381816.520007779123262 ] ] ], [ [ [ 552572.009925610735081, 1381816.590038997353986 ], [ 552572.010009585646912, 1381325.420039468444884 ], [ 552080.999985893256962, 1381325.350011521717533 ], [ 552080.999919578316621, 1381816.660011074272916 ], [ 552572.009925610735081, 1381816.590038997353986 ] ] ], [ [ [ 552072.999963403097354, 1381816.660047331126407 ], [ 552072.999991364544258, 1381325.349754661787301 ], [ 551581.989920553634875, 1381325.279986291425303 ], [ 551581.989915631595068, 1381816.729983564233407 ], [ 552072.999963403097354, 1381816.660047331126407 ] ] ], [ [ [ 551571.999920474132523, 1381816.729971901280805 ], [ 551571.999950190307572, 1381325.279981239698827 ], [ 551081.999967618496157, 1381325.210012242430821 ], [ 551081.999947987264022, 1381816.800009448081255 ], [ 551571.999920474132523, 1381816.729971901280805 ] ] ], [ [ [ 551074.000003087567165, 1381816.800025179982185 ], [ 551073.999984100228176, 1381325.209834205918014 ], [ 550581.139963552355766, 1381325.140035188989714 ], [ 550581.149928374798037, 1381481.010023496113718 ], [ 550581.159972042427398, 1381629.980036660796031 ], [ 550581.150004699244164, 1381629.980019135633484 ], [ 550581.159949211985804, 1381731.530054713366553 ], [ 550581.159943426144309, 1381741.869998166337609 ], [ 550581.159991380642168, 1381765.349961499217898 ], [ 550581.159964986843988, 1381771.200037024682388 ], [ 550589.000012269010767, 1381781.00001830724068 ], [ 550605.999960618442856, 1381795.999961327528581 ], [ 550640.999972972902469, 1381815.000040456885472 ], [ 550639.999919455265626, 1381814.999970508506522 ], [ 550711.099947435432114, 1381816.85003131069243 ], [ 550805.529995426302776, 1381816.840039352420717 ], [ 550841.749943938455544, 1381816.83998959697783 ], [ 551074.000003087567165, 1381816.800025179982185 ] ] ], [ [ [ 545194.999946602853015, 1381558.000054121017456 ], [ 545175.999994806596078, 1381525.000052430666983 ], [ 545082.999998396029696, 1381529.000005102483556 ], [ 545080.999954677885398, 1381528.269980185898021 ], [ 545081.00000341644045, 1381817.009991420665756 ], [ 545261.97997546591796, 1381817.009973416104913 ], [ 545261.999935753061436, 1381815.99997513089329 ], [ 545257.999985077767633, 1381672.999998058658093 ], [ 545249.999947927775793, 1381654.000030568800867 ], [ 545232.999948880285956, 1381652.999963381327689 ], [ 545231.999929327866994, 1381616.000042506726459 ], [ 545217.99996683455538, 1381580.000059424433857 ], [ 545194.999946602853015, 1381558.000054121017456 ] ] ], [ [ [ 545072.999925885349512, 1381817.009985113283619 ], [ 545072.999958389555104, 1381525.360026282723993 ], [ 545071.999977287254296, 1381525.000036526471376 ], [ 545050.999978336854838, 1381519.000056321965531 ], [ 545021.999995536520146, 1381519.999994876794517 ], [ 544991.000002864864655, 1381512.000056769466028 ], [ 544925.999919038149528, 1381507.999986357055604 ], [ 544893.000009028473869, 1381512.000028231879696 ], [ 544886.999975193641149, 1381516.000052191549912 ], [ 544880.999933343962766, 1381544.999987017828971 ], [ 544880.999998648883775, 1381592.000053154537454 ], [ 544870.999944427283481, 1381590.999984168680385 ], [ 544873.999983880086802, 1381506.000017717480659 ], [ 544829.999984843656421, 1381499.000055352924392 ], [ 544763.999932963168249, 1381499.000024613924325 ], [ 544727.000009686220437, 1381491.99997458094731 ], [ 544582.999951017205603, 1381488.999989111209288 ], [ 544582.909998674411327, 1381515.140060286736116 ], [ 544580.999931917060167, 1381515.11004970758222 ], [ 544581.049980365671217, 1381817.009980085073039 ], [ 545072.999925885349512, 1381817.009985113283619 ] ] ], [ [ [ 544573.050005361903459, 1381817.010013524210081 ], [ 544572.999945802148432, 1381514.999993208097294 ], [ 544354.999933138373308, 1381515.000021026935428 ], [ 544315.999955772422254, 1381530.000045610358939 ], [ 544314.999916225904599, 1381594.000055307056755 ], [ 544293.999984586960636, 1381614.999995272373781 ], [ 544280.999963152920827, 1381613.999988239491358 ], [ 544277.999927767086774, 1381618.999963929643854 ], [ 544241.999922994058579, 1381635.000011004274711 ], [ 544230.999920118832961, 1381653.000009307172149 ], [ 544202.999920440022834, 1381716.999990323092788 ], [ 544179.999983049696311, 1381727.999982632463798 ], [ 544153.999924013274722, 1381793.999964819522575 ], [ 544140.999970020959154, 1381795.999969847733155 ], [ 544133.999940008856356, 1381806.000006023561582 ], [ 544132.99999077746179, 1381816.000000218395144 ], [ 544130.739984496147372, 1381817.010041910223663 ], [ 544573.050005361903459, 1381817.010013524210081 ] ] ], [ [ [ 542832.729916321812198, 1381817.010046491632238 ], [ 542832.729976003640331, 1381816.969967723358423 ], [ 542840.999981641303748, 1381816.999986212700605 ], [ 542832.999956011772156, 1381778.000000322936103 ], [ 542834.999979813001119, 1381738.99999007419683 ], [ 542842.000006875256076, 1381706.000060459133238 ], [ 542840.999925218056887, 1381645.000052927527577 ], [ 542830.9999841687968, 1381587.000020104693249 ], [ 542833.999942103633657, 1381548.999993496574461 ], [ 542829.999991916469298, 1381511.999970935983583 ], [ 542838.999988223076798, 1381470.000000087777153 ], [ 542837.999987933668308, 1381437.99997978284955 ], [ 542829.999949484830722, 1381393.999998542014509 ], [ 542837.999962880159728, 1381332.999977005179971 ], [ 542672.99993695714511, 1381329.000024945940822 ], [ 542653.999930182704702, 1381324.999971932033077 ], [ 542581.999984982423484, 1381323.999962523346767 ], [ 542580.999924462288618, 1381323.999974370235577 ], [ 542580.99998793809209, 1381817.010031404905021 ], [ 542717.669986172113568, 1381817.009995510568842 ], [ 542825.340010100859217, 1381817.009982669958845 ], [ 542832.729916321812198, 1381817.010046491632238 ] ] ], [ [ [ 542572.999934222199954, 1381817.010024240938947 ], [ 542572.99992909329012, 1381323.999971641227603 ], [ 542081.999975457438268, 1381324.000021003652364 ], [ 542081.000013207551092, 1381324.000050370115787 ], [ 542080.99994753068313, 1381817.010035478277132 ], [ 542572.999934222199954, 1381817.010024240938947 ] ] ], [ [ [ 542072.999996219412424, 1381817.009968615137041 ], [ 542072.999924805248156, 1381323.999987611314282 ], [ 541921.99997829948552, 1381323.99998099915683 ], [ 541919.999956429586746, 1381324.000050738686696 ], [ 541910.000004600966349, 1381361.999977418920025 ], [ 541889.99997894722037, 1381428.000031248433515 ], [ 541888.999974701786414, 1381452.999990524956957 ], [ 541876.999917328357697, 1381512.00000073807314 ], [ 541858.999978843377903, 1381570.000056951772422 ], [ 541854.99993889243342, 1381602.999977895757183 ], [ 541847.999964733608067, 1381627.999963257228956 ], [ 541828.999997063190676, 1381701.999972647987306 ], [ 541824.999977862462401, 1381740.999984898604453 ], [ 541814.999962080153637, 1381776.999984350055456 ], [ 541778.99992439430207, 1381790.000038448022678 ], [ 541757.999990835553035, 1381789.999976781196892 ], [ 541744.999915943713859, 1381816.999990232987329 ], [ 541744.989934188430198, 1381817.010020309826359 ], [ 541797.809939886210486, 1381817.010049552889541 ], [ 541815.909985677339137, 1381817.010002491530031 ], [ 541867.989979858975857, 1381817.009979864116758 ], [ 541875.670001708320342, 1381817.010021199006587 ], [ 541998.909962543402798, 1381817.009994772030041 ], [ 542072.999996219412424, 1381817.009968615137041 ] ] ], [ [ [ 556697.999952125828713, 1381825.00005616992712 ], [ 556690.519926145439968, 1381824.000031810021028 ], [ 556592.569992364034988, 1381824.019980671582744 ], [ 556592.570011931005865, 1381824.010035409126431 ], [ 556570.579964237171225, 1381824.019986354745924 ], [ 556561.599927638540976, 1381824.020029277075082 ], [ 556479.510012740269303, 1381824.029983178712428 ], [ 556454.739965193672106, 1381824.029989317292348 ], [ 556378.930009220726788, 1381824.040025390917435 ], [ 556378.936153439572081, 1381824.046203522011638 ], [ 556080.999940469162539, 1381824.090032981708646 ], [ 556080.999993016943336, 1382314.999970694305375 ], [ 556685.369924937724136, 1382315.000005119247362 ], [ 556684.999969568219967, 1382308.999968809308484 ], [ 556689.99992618500255, 1382054.999966942239553 ], [ 556697.999952125828713, 1381825.00005616992712 ] ] ], [ [ [ 556072.999924446921796, 1382010.91002134163864 ], [ 556072.999939377652481, 1381824.090050696395338 ], [ 555582.469968127901666, 1381824.159966727020219 ], [ 555582.460005865781568, 1382010.999974395846948 ], [ 555582.419935955200344, 1382315.000035112723708 ], [ 556072.999933042214252, 1382314.999982575653121 ], [ 556072.999924446921796, 1382010.91002134163864 ] ] ], [ [ [ 555572.429957979591563, 1382315.000019437400624 ], [ 555572.479917181539349, 1381824.160057414090261 ], [ 555081.479995745932683, 1381824.230049530044198 ], [ 555081.429950335528702, 1382315.000049447407946 ], [ 555572.429957979591563, 1382315.000019437400624 ] ] ], [ [ [ 555073.430000192369334, 1382315.000041260384023 ], [ 555073.480006808182225, 1381824.230046857148409 ], [ 554582.469998547690921, 1381824.299983598291874 ], [ 554582.460002095322125, 1381902.329978964291513 ], [ 554582.439918319461867, 1382078.040053581818938 ], [ 554582.4200012300862, 1382315.000019277445972 ], [ 555073.430000192369334, 1382315.000041260384023 ] ] ], [ [ [ 554572.469920926378109, 1381899.690045229392126 ], [ 554572.469995370134711, 1381824.300004851305857 ], [ 554432.689992946223356, 1381824.319979876512662 ], [ 554080.999999118619598, 1381824.369970076717436 ], [ 554080.999925404204987, 1382315.000037463614717 ], [ 554432.999941965215839, 1382315.000006610760465 ], [ 554572.419973234296776, 1382315.000033560674638 ], [ 554572.449919571983628, 1382078.16997552360408 ], [ 554572.469920926378109, 1381899.690045229392126 ] ] ], [ [ [ 554072.999987166374922, 1382315.000009244540706 ], [ 554072.999924219446257, 1381824.370046565541998 ], [ 553580.999969378113747, 1381824.439999115187675 ], [ 553580.999955984763801, 1382315.000007839407772 ], [ 554072.999987166374922, 1382315.000009244540706 ] ] ], [ [ [ 553572.999940078472719, 1382269.94002752751112 ], [ 553572.999998178216629, 1381824.440015938365832 ], [ 553571.770007633254863, 1381824.440012509003282 ], [ 553571.759965737001039, 1381820.440010838210583 ], [ 553571.750002827146091, 1381816.450054029235616 ], [ 553572.99992853263393, 1381816.449995114700869 ], [ 553572.999966203933582, 1381325.559973891824484 ], [ 553284.189950253930874, 1381325.519982651108876 ], [ 553080.999917000881396, 1381325.490036023315042 ], [ 553080.999915533699095, 1381760.700039093848318 ], [ 553081.079947710386477, 1381760.699987873900682 ], [ 553081.08994376915507, 1381806.490032749716192 ], [ 553081.089940406265669, 1381816.500028020003811 ], [ 553181.839976678602397, 1381816.500051866751164 ], [ 553181.839958861935884, 1381760.590226789936423 ], [ 553182.029925595619716, 1381760.589981290046126 ], [ 553182.139955793158151, 1381816.510054488666356 ], [ 553283.999937506043352, 1381816.490012044785544 ], [ 553570.749945222400129, 1381816.44998164055869 ], [ 553570.760005804593675, 1381820.440038071479648 ], [ 553570.779917435254902, 1381824.440058124484494 ], [ 553081.000012958189473, 1381824.509966733399779 ], [ 553080.999959569890052, 1382315.000019338447601 ], [ 553572.999925805488601, 1382315.000019092811272 ], [ 553572.999940078472719, 1382269.94002752751112 ] ] ], [ [ [ 553072.999935295316391, 1382314.999970795819536 ], [ 553072.999949782970361, 1381824.510022972710431 ], [ 552981.939953907043673, 1381824.519971616566181 ], [ 552581.999986794311553, 1381824.580010029952973 ], [ 552581.999971852172166, 1382315.000011160038412 ], [ 552981.999945494579151, 1382315.000023329397663 ], [ 553072.999935295316391, 1382314.999970795819536 ] ] ], [ [ [ 552572.009940110729076, 1382315.000043179374188 ], [ 552572.009980136645027, 1381824.580048782518134 ], [ 552081.000012769480236, 1381824.650015598395839 ], [ 552080.999970244942233, 1382314.999967063311487 ], [ 552572.009940110729076, 1382315.000043179374188 ] ] ], [ [ [ 552072.999957253225148, 1382314.999997832113877 ], [ 552072.999961097841151, 1381824.650051595875993 ], [ 551581.989951991708949, 1381824.719982625218108 ], [ 551581.98994308442343, 1382314.999988586409017 ], [ 551641.949985578656197, 1382315.000008532544598 ], [ 552072.999957253225148, 1382314.999997832113877 ] ] ], [ [ [ 551571.999925568467006, 1382314.999970224220306 ], [ 551571.9999596090056, 1381824.719970866572112 ], [ 551081.999927783384919, 1381824.79000309552066 ], [ 551073.999985112692229, 1381824.790018740808591 ], [ 550841.749990473734215, 1381824.829980819718912 ], [ 550753.60992292012088, 1381824.840011059073731 ], [ 550727.669998656725511, 1381824.84000008017756 ], [ 550728.000005761627108, 1381825.00000395718962 ], [ 550727.999954387312755, 1381836.000014246208593 ], [ 550744.999966054223478, 1381838.000049454160035 ], [ 550762.999916496919468, 1381859.000016081146896 ], [ 550809.999945945688523, 1381882.999968144576997 ], [ 550831.999979426735081, 1381886.000030039809644 ], [ 550899.999994730111212, 1381882.999972752295434 ], [ 550961.999963191687129, 1381899.000037746503949 ], [ 551007.999940137495287, 1381908.00005820998922 ], [ 551063.999936350155622, 1381944.999990768264979 ], [ 551071.999967470532283, 1381961.000051696784794 ], [ 551148.999985936796293, 1382029.000032239127904 ], [ 551192.999943425529636, 1382063.999993173405528 ], [ 551253.999933170154691, 1382112.999985065311193 ], [ 551384.999982122099027, 1382223.999966767849401 ], [ 551496.000007280847058, 1382315.000007281312719 ], [ 551516.63992445054464, 1382314.999983524437994 ], [ 551521.109996106475592, 1382315.000036579091102 ], [ 551571.999925568467006, 1382314.999970224220306 ] ] ], [ [ [ 545308.999969648080878, 1381825.000044401036575 ], [ 545299.299954556976445, 1381824.960003054700792 ], [ 545299.319923745235428, 1381825.000014016404748 ], [ 545080.999988717259839, 1381825.000024739420041 ], [ 545080.999932252801955, 1382316.000042411731556 ], [ 545471.999929151730612, 1382316.000028422335163 ], [ 545465.999988299794495, 1382219.999975278740749 ], [ 545437.999923449242488, 1382204.000005137873814 ], [ 545402.999948343494907, 1382114.000030115712434 ], [ 545390.000008334871382, 1382111.000039224978536 ], [ 545371.999982881592587, 1382046.000032303621992 ], [ 545373.000000043190084, 1382020.000001487322152 ], [ 545366.999985487083904, 1381990.000026029534638 ], [ 545350.999979705899023, 1381971.000033326214179 ], [ 545350.999975535087287, 1381919.999988412484527 ], [ 545329.999943194212392, 1381905.00002358853817 ], [ 545330.999972824472934, 1381875.000054070493206 ], [ 545309.999947471311316, 1381864.000046479748562 ], [ 545308.999969648080878, 1381825.000044401036575 ] ] ], [ [ [ 545072.999993524397723, 1382316.000031654955819 ], [ 545073.000011126045138, 1381825.000018513761461 ], [ 544581.050006821285933, 1381825.000008823582903 ], [ 544581.119948789244518, 1382316.000048495130613 ], [ 545072.999993524397723, 1382316.000031654955819 ] ] ], [ [ [ 544573.119917306816205, 1382315.999977760249749 ], [ 544573.049936320632696, 1381825.00004204059951 ], [ 544114.369946314604022, 1381825.000017192447558 ], [ 544086.99999856739305, 1381868.000019326340407 ], [ 544069.999926307238638, 1381907.999970264034346 ], [ 544056.999983050045557, 1381927.000033843098208 ], [ 544032.99999829614535, 1381975.999977911822498 ], [ 544004.999945560703054, 1381990.000057195313275 ], [ 544006.999929907964543, 1382087.000052768271416 ], [ 544027.999995030346327, 1382086.999973419355229 ], [ 544027.999958611326292, 1382125.000055997632444 ], [ 544039.999946570838802, 1382126.999999955762178 ], [ 544039.999993835808709, 1382158.999981862492859 ], [ 544051.999920083209872, 1382175.000004555797204 ], [ 544052.999938981374726, 1382218.000050489790738 ], [ 544068.999924018280581, 1382233.000060401856899 ], [ 544069.999959248118103, 1382268.000038513215259 ], [ 544101.999940990004689, 1382284.999999107792974 ], [ 544103.000008989591151, 1382316.000044689048082 ], [ 544109.689939379110001, 1382316.010008429177105 ], [ 544109.6799876060104, 1382316.0000480201561 ], [ 544573.119917306816205, 1382315.999977760249749 ] ] ], [ [ [ 542833.999931594240479, 1381877.000037666410208 ], [ 542833.009998985449784, 1381824.999979170970619 ], [ 542825.399936642963439, 1381824.999985237373039 ], [ 542751.379922991385683, 1381824.999967041192576 ], [ 542717.66994391370099, 1381825.000007289461792 ], [ 542580.99998364248313, 1381825.000042032450438 ], [ 542581.000002030050382, 1382316.000056657008827 ], [ 542587.809931105352007, 1382315.999998350860551 ], [ 542672.369981936877593, 1382316.000060231890529 ], [ 542710.809915907331742, 1382316.000049258349463 ], [ 542761.109943652525544, 1382316.000022953376174 ], [ 542767.999963622307405, 1382249.99998491583392 ], [ 542782.99995439813938, 1382229.999973222147673 ], [ 542779.999925286509097, 1382213.999966318719089 ], [ 542790.99993441789411, 1382167.000049373367801 ], [ 542803.999970931676216, 1382149.000020472100005 ], [ 542810.999938330729492, 1382075.000001294771209 ], [ 542831.999965894268826, 1382026.000006739515811 ], [ 542843.000004992121831, 1381988.00005204230547 ], [ 542840.999941957299598, 1381929.999981987522915 ], [ 542832.999987735995091, 1381877.000040314393118 ], [ 542833.999931594240479, 1381877.000037666410208 ] ] ], [ [ [ 542572.999989401549101, 1382316.000045144930482 ], [ 542572.999932148843072, 1381825.000034800730646 ], [ 542080.999984403024428, 1381825.000041779596359 ], [ 542080.999939767061733, 1382315.999985674628988 ], [ 542572.999989401549101, 1382316.000045144930482 ] ] ], [ [ [ 542072.999931680504233, 1382316.000013822922483 ], [ 542072.999937596614473, 1381824.999974707374349 ], [ 541998.999922404997051, 1381825.000032200943679 ], [ 541875.769963118364103, 1381824.999972287099808 ], [ 541867.129965221160091, 1381825.000025310786441 ], [ 541815.909998466493562, 1381825.000006452901289 ], [ 541797.809957703109831, 1381825.000053358729929 ], [ 541743.889959428692237, 1381825.000018473248929 ], [ 541740.999960833811201, 1381825.000001404201612 ], [ 541730.999994064099155, 1381862.000009109033272 ], [ 541697.999979424173944, 1381933.000037756748497 ], [ 541655.999976875842549, 1382048.000060502672568 ], [ 541634.999943979899399, 1382097.000055207405239 ], [ 541597.999990098993294, 1382161.999985634349287 ], [ 541583.99992344120983, 1382210.000017547281459 ], [ 541582.999916563858278, 1382230.999967106152326 ], [ 541587.999932775157504, 1382280.000013755634427 ], [ 541583.999944655690342, 1382316.000018732855096 ], [ 542072.999931680504233, 1382316.000013822922483 ] ] ], [ [ [ 552072.999981395667419, 1382367.269999571144581 ], [ 552072.999924619798549, 1382325.000037477584556 ], [ 551641.950005127582699, 1382325.000042467610911 ], [ 551582.049981801770627, 1382325.000029938528314 ], [ 551581.589929556008428, 1382325.000000244705006 ], [ 551576.99996001238469, 1382325.00002102018334 ], [ 551523.000004910980351, 1382324.999974680133164 ], [ 551522.999962583417073, 1382347.00002603395842 ], [ 551638.999974413309246, 1382429.000033237272874 ], [ 551750.999986142618582, 1382523.000025240471587 ], [ 551805.999955180566758, 1382564.99996786355041 ], [ 551968.999986898270436, 1382656.000045043416321 ], [ 552026.999939731322229, 1382660.000013896962628 ], [ 552072.999924732372165, 1382657.06005074759014 ], [ 552072.999937233631499, 1382637.309990394162014 ], [ 552072.999981395667419, 1382367.269999571144581 ] ] ], [ [ [ 552572.009969624341466, 1382477.660055039217696 ], [ 552572.009929545340128, 1382324.999990177806467 ], [ 552080.999934827908874, 1382325.00000681146048 ], [ 552080.999979843501933, 1382367.269969340413809 ], [ 552080.999974691658281, 1382636.330058292718604 ], [ 552080.999988049385138, 1382660.000036732060835 ], [ 552238.000006589805707, 1382661.999969984637573 ], [ 552373.999928039265797, 1382660.00000737584196 ], [ 552572.009981319424696, 1382659.009994764113799 ], [ 552572.009926768369041, 1382657.330042965710163 ], [ 552572.009973679669201, 1382507.850052760448307 ], [ 552572.009969624341466, 1382477.660055039217696 ] ] ], [ [ [ 553073.000004263827577, 1382723.809975374024361 ], [ 553072.999970252509229, 1382385.390000733314082 ], [ 553072.999945758609101, 1382325.000024148728698 ], [ 552963.499946709373035, 1382325.000005212146789 ], [ 552941.999984187656082, 1382324.999992404598743 ], [ 552860.000003611901775, 1382324.999996075639501 ], [ 552581.999957630760036, 1382325.000057740602642 ], [ 552581.999944852665067, 1382477.66002513282001 ], [ 552581.999938417924568, 1382507.850023245671764 ], [ 552582.000009518698789, 1382656.9699976304546 ], [ 552647.000006700051017, 1382654.99996818904765 ], [ 552761.999932825914584, 1382660.000050310511142 ], [ 552798.999946197727695, 1382664.000040768645704 ], [ 552900.999971119337715, 1382686.999995691468939 ], [ 552951.99998534808401, 1382689.000005239387974 ], [ 553073.000003624358214, 1382724.710021188715473 ], [ 553073.000004263827577, 1382723.809975374024361 ] ] ], [ [ [ 556685.9999980754219, 1382402.290007987059653 ], [ 556685.99993669136893, 1382325.000059020938352 ], [ 556080.999934756779112, 1382324.99996704258956 ], [ 556080.999940132722259, 1382402.000041532330215 ], [ 556080.999928660574369, 1382816.999975621001795 ], [ 556620.589984121732414, 1382816.999970942968503 ], [ 556682.210013198666275, 1382816.999990473734215 ], [ 556686.329923558048904, 1382817.000059734331444 ], [ 556685.999953911988996, 1382816.000004828209057 ], [ 556685.9999980754219, 1382402.290007987059653 ] ] ], [ [ [ 556072.999978535226546, 1382568.300060066394508 ], [ 556072.999975281534716, 1382324.999979003798217 ], [ 555582.41995336744003, 1382325.000024394830689 ], [ 555582.399928843253292, 1382568.119983564596623 ], [ 555582.369947037077509, 1382816.999978862935677 ], [ 556073.000008373404853, 1382816.999981933971867 ], [ 556072.999978535226546, 1382568.300060066394508 ] ] ], [ [ [ 555572.370274020475335, 1382817.000036684097722 ], [ 555572.429978864500299, 1382325.000008582370356 ], [ 555517.999947386910208, 1382324.999983161920682 ], [ 555081.429946539807133, 1382325.000031498726457 ], [ 555081.410007769241929, 1382567.940005634911358 ], [ 555081.369946998194791, 1382817.000011745141819 ], [ 555255.000000080675818, 1382817.000006855465472 ], [ 555518.039964932249859, 1382816.999966507777572 ], [ 555572.370274020475335, 1382817.000036684097722 ] ] ], [ [ [ 555073.429939943482168, 1382343.039970778860152 ], [ 555073.429999177344143, 1382325.000023196684197 ], [ 554582.419975536759011, 1382324.999994190176949 ], [ 554582.419931010808796, 1382343.040028657298535 ], [ 554582.359915930428542, 1382817.000024002976716 ], [ 555073.380005823331885, 1382817.000017009209841 ], [ 555073.429939943482168, 1382343.039970778860152 ] ] ], [ [ [ 554471.580008366261609, 1382817.050035214051604 ], [ 554471.72336323314812, 1382776.880336240166798 ], [ 554471.72999383311253, 1382807.000019650440663 ], [ 554471.72998030949384, 1382817.010041055269539 ], [ 554572.479941003606655, 1382817.010005513438955 ], [ 554572.479967419989407, 1382760.999984732130542 ], [ 554512.020686246687546, 1382760.999930938938633 ], [ 554572.369955272297375, 1382760.940004737349227 ], [ 554572.419928572606295, 1382391.890045441221446 ], [ 554572.419951018644497, 1382325.000008332310244 ], [ 554080.999976371531375, 1382325.000005448469892 ], [ 554081.000010755262338, 1382391.999991018790752 ], [ 554080.999993350822479, 1382817.000000593718141 ], [ 554471.580008366261609, 1382817.050035214051604 ] ] ], [ [ [ 554073.000000273925252, 1382381.709989527706057 ], [ 554072.999943197355606, 1382324.99997693952173 ], [ 553580.999985400703736, 1382324.999968802556396 ], [ 553580.999983603251167, 1382382.000045630848035 ], [ 553580.999959257431328, 1382817.000018205260858 ], [ 554072.999999367166311, 1382816.99996663746424 ], [ 554073.000000273925252, 1382381.709989527706057 ] ] ], [ [ [ 553573.000004326808266, 1382542.870052652200684 ], [ 553572.999958003405482, 1382324.999979949789122 ], [ 553080.999967434559949, 1382324.999973344849423 ], [ 553080.999974941718392, 1382385.390050015412271 ], [ 553080.999931740923785, 1382725.599975737044588 ], [ 553080.99998699745629, 1382729.379969431553036 ], [ 553081.999942136928439, 1382730.000013236422092 ], [ 553142.999941590474918, 1382744.999982160283253 ], [ 553259.99998921121005, 1382816.000035573728383 ], [ 553261.569990959600545, 1382817.000056669348851 ], [ 553274.779981581727043, 1382816.999973648227751 ], [ 553452.55994985497091, 1382817.000056019052863 ], [ 553512.969966174452566, 1382816.999982577981427 ], [ 553572.999971050885506, 1382817.000023955712095 ], [ 553573.000004326808266, 1382542.870052652200684 ] ] ], [ [ [ 549629.999955688486807, 1382404.000041775871068 ], [ 549626.999965768656693, 1382323.99997306172736 ], [ 549581.01000558026135, 1382323.999995530117303 ], [ 549581.019983929232694, 1382525.82998288073577 ], [ 549581.019996756571345, 1382586.219985210569575 ], [ 549581.049929359578528, 1382817.00005737808533 ], [ 549861.999942928785458, 1382817.000047153560445 ], [ 549861.999997599516064, 1382799.000002602580935 ], [ 549784.999934447812848, 1382699.999961528461426 ], [ 549712.999996938160621, 1382595.99999260995537 ], [ 549677.999954279744998, 1382524.999995407881215 ], [ 549644.999919550959021, 1382464.000031844479963 ], [ 549629.999955688486807, 1382404.000041775871068 ] ] ], [ [ [ 549573.029956137645058, 1382586.22002970520407 ], [ 549572.999982372042723, 1382328.520006166072562 ], [ 549573.009949460625648, 1382328.520023350138217 ], [ 549573.009959463379346, 1382323.980035602813587 ], [ 549080.999970273813233, 1382323.020015753339976 ], [ 549080.999927995027974, 1382333.119965467834845 ], [ 549080.999961698544212, 1382525.830055905506015 ], [ 549080.99994997039903, 1382586.220019550761208 ], [ 549080.999989546253346, 1382816.999991956865415 ], [ 549573.049986137542874, 1382816.999982968438417 ], [ 549573.029956137645058, 1382586.22002970520407 ] ] ], [ [ [ 549072.999928994686343, 1382322.999996058177203 ], [ 548787.000010461546481, 1382322.000031428411603 ], [ 548668.999940844369121, 1382382.000027523143217 ], [ 548666.999916563625447, 1382449.000025467714295 ], [ 548638.999961210181937, 1382520.000042462721467 ], [ 548610.999924973235466, 1382608.000009179348126 ], [ 548544.999920582980849, 1382680.000014892779291 ], [ 548521.99999703001231, 1382714.00001419801265 ], [ 548501.999995845020749, 1382769.999991978751495 ], [ 548501.999986072187312, 1382815.000025036744773 ], [ 548495.800010769511573, 1382816.99998534610495 ], [ 548507.229936667252332, 1382816.999979028943926 ], [ 548508.099991434020922, 1382817.000055054202676 ], [ 548557.079960011527874, 1382817.000014942372218 ], [ 548573.049924262217246, 1382817.000047193374485 ], [ 548581.049954667571001, 1382817.000042357714847 ], [ 549072.999953732360154, 1382817.000056547811255 ], [ 549072.9999478146201, 1382586.219987103715539 ], [ 549072.999942739726976, 1382525.83002403867431 ], [ 549073.000011927215382, 1382333.199994619004428 ], [ 549072.999928994686343, 1382322.999996058177203 ] ] ], [ [ [ 547072.999950572499074, 1382531.040027468698099 ], [ 547073.000012726290151, 1382338.049965053331107 ], [ 547073.000008186209016, 1382329.040031969780102 ], [ 546980.999971297685988, 1382333.000002176966518 ], [ 546924.999959133099765, 1382337.999987945426255 ], [ 546842.999970073578879, 1382333.999993610428646 ], [ 546742.00000735418871, 1382342.000017011305317 ], [ 546706.999916405649856, 1382330.999968973919749 ], [ 546661.99992665706668, 1382338.999998462153599 ], [ 546612.999973671510816, 1382337.999994618818164 ], [ 546552.999983938760124, 1382343.999973103636876 ], [ 546520.79999433865305, 1382349.850017294753343 ], [ 546508.999997875420377, 1382351.999969431199133 ], [ 546507.999954682192765, 1382501.999979392858222 ], [ 546503.999936932697892, 1382523.999986288603395 ], [ 546502.99997427535709, 1382567.999987173825502 ], [ 546492.999963847105391, 1382575.000032256590202 ], [ 546488.999974029720761, 1382723.999996589729562 ], [ 546493.999961156514473, 1382733.000011962838471 ], [ 546497.999974847072735, 1382814.999963090056553 ], [ 546497.999920406145975, 1382816.000049686059356 ], [ 546520.999935078318231, 1382815.999972538091242 ], [ 547072.999997062026523, 1382815.99996182997711 ], [ 547073.000005890033208, 1382592.950060334056616 ], [ 547072.999950572499074, 1382531.040027468698099 ] ] ], [ [ [ 547464.999964829068631, 1382341.99998399987817 ], [ 547464.999983565881848, 1382324.999987669987604 ], [ 547186.999944188981317, 1382325.999980753054842 ], [ 547080.999981301138178, 1382327.000047768931836 ], [ 547080.999934597872198, 1382337.830047809518874 ], [ 547080.999947281437926, 1382531.040000116685405 ], [ 547080.999985370086506, 1382592.95003355271183 ], [ 547080.999937455868348, 1382817.000024555949494 ], [ 547157.399980449350551, 1382816.999961955938488 ], [ 547156.999992335680872, 1382815.000025805318728 ], [ 547167.999953372054733, 1382780.999984005698934 ], [ 547167.999923280905932, 1382678.000027850270271 ], [ 547181.999994204845279, 1382678.000030339462683 ], [ 547185.999952448881231, 1382672.000004915054888 ], [ 547187.199934826698154, 1382670.369970470899716 ], [ 547245.999957405263558, 1382589.999988914933056 ], [ 547340.999967255978845, 1382484.999998063780367 ], [ 547436.99993065954186, 1382364.000056076096371 ], [ 547464.999964829068631, 1382341.99998399987817 ] ] ], [ [ [ 545519.999985826667398, 1382717.999983245506883 ], [ 545519.999949119403027, 1382681.000004445202649 ], [ 545512.999928919947706, 1382681.000058956677094 ], [ 545513.000001862412319, 1382633.000037347897887 ], [ 545508.000007196562365, 1382632.999978187959641 ], [ 545506.999931379803456, 1382570.999965041410178 ], [ 545494.999995928723365, 1382569.999981348635629 ], [ 545493.9999437648803, 1382474.000056823017076 ], [ 545481.999949085758999, 1382473.999966256087646 ], [ 545482.000007764319889, 1382365.000027492409572 ], [ 545517.999973091296852, 1382363.000039690639824 ], [ 545517.999937292886898, 1382324.999984621535987 ], [ 545483.240000104997307, 1382323.99998940480873 ], [ 545471.579995670355856, 1382324.000045322114602 ], [ 545080.999994796700776, 1382324.000023683765903 ], [ 545080.999926443095319, 1382815.99999263137579 ], [ 545495.979929209919646, 1382815.999966274248436 ], [ 545494.999999449937604, 1382767.999981341185048 ], [ 545501.999998157145455, 1382768.000022588530555 ], [ 545501.999921045498922, 1382732.000029248651117 ], [ 545519.999985826667398, 1382717.999983245506883 ] ] ], [ [ [ 545072.99993141926825, 1382815.99997710972093 ], [ 545072.999960578046739, 1382324.000012702774256 ], [ 544581.119954970548861, 1382324.000025028595701 ], [ 544581.179987596930005, 1382764.999972042394802 ], [ 544581.190001069684513, 1382816.0000156450551 ], [ 544682.999998833518475, 1382815.999980824999511 ], [ 545072.99993141926825, 1382815.99997710972093 ] ] ], [ [ [ 544573.190010854392312, 1382816.000039781210944 ], [ 544573.129990463145077, 1382323.999969826312736 ], [ 544117.999974902719259, 1382324.00005520763807 ], [ 544119.99999391916208, 1382424.0000462657772 ], [ 544113.999976446270011, 1382424.999973202124238 ], [ 544112.999952456098981, 1382471.99998275982216 ], [ 544102.999923902214505, 1382472.000055718934163 ], [ 544100.999934996361844, 1382517.000055868178606 ], [ 544083.999934621737339, 1382519.000007467577234 ], [ 544081.99996890197508, 1382553.999968202551827 ], [ 544070.999967452371493, 1382560.99999869405292 ], [ 544070.999961104360409, 1382609.00003712088801 ], [ 544025.000005644164048, 1382745.99999266397208 ], [ 544014.999998998478986, 1382768.000045579625294 ], [ 544001.999973811092786, 1382771.999968941323459 ], [ 543999.000007214723155, 1382816.000055458629504 ], [ 544573.190010854392312, 1382816.000039781210944 ] ] ], [ [ [ 542631.199952561641112, 1382816.199998443713412 ], [ 542631.199963735416532, 1382715.260021386668086 ], [ 542631.619932302855887, 1382816.000028107082471 ], [ 542985.999962719157338, 1382816.00005065719597 ], [ 542998.999958257656544, 1382680.999994114972651 ], [ 542998.999930016929284, 1382604.000006067799404 ], [ 543004.000011633965187, 1382548.999966304050758 ], [ 543002.999956876039505, 1382507.999963724985719 ], [ 542998.999979319516569, 1382485.000041563995183 ], [ 542974.999960346962325, 1382471.999981867382303 ], [ 542970.999936784734018, 1382452.999996549915522 ], [ 542960.999976647784933, 1382444.000024373177439 ], [ 542911.999970600823872, 1382415.000044113956392 ], [ 542857.000006803893484, 1382410.000041510676965 ], [ 542826.999944639625028, 1382399.999966274015605 ], [ 542808.999969579163007, 1382384.999973208876327 ], [ 542756.999970675446093, 1382336.000026759225875 ], [ 542752.999927158467472, 1382324.000056081684306 ], [ 542707.259930377709679, 1382324.000006700633094 ], [ 542672.369932876201347, 1382324.000019403640181 ], [ 542587.810003139311448, 1382324.000056405551732 ], [ 542580.999978391686454, 1382324.000015058554709 ], [ 542581.069948940887116, 1382715.479993564076722 ], [ 542581.189943346427754, 1382715.479475161293522 ], [ 542581.189944211975671, 1382816.200057128909975 ], [ 542631.199952561641112, 1382816.199998443713412 ] ] ], [ [ [ 542573.000003987457603, 1382817.000044338637963 ], [ 542572.999967987532727, 1382324.000003479188308 ], [ 542080.999957377440296, 1382324.000039196573198 ], [ 542080.999928999575786, 1382817.00001256656833 ], [ 542573.000003987457603, 1382817.000044338637963 ] ] ], [ [ [ 542072.999962605652399, 1382817.000036401441321 ], [ 542072.999951660749502, 1382323.999967827694491 ], [ 541588.000003622146323, 1382323.99998565739952 ], [ 541586.999983314657584, 1382400.000003378372639 ], [ 541592.00001289951615, 1382488.0000279257074 ], [ 541588.999965152703226, 1382555.000012677395716 ], [ 541592.999964310904033, 1382598.000030164374039 ], [ 541592.999936458887532, 1382690.000019916333258 ], [ 541595.999949635821395, 1382715.000021238578483 ], [ 541591.999938994413242, 1382816.000031758099794 ], [ 541592.220010102028027, 1382817.000033490825444 ], [ 542072.999962605652399, 1382817.000036401441321 ] ] ], [ [ [ 556695.999922922463156, 1382864.999981060158461 ], [ 556688.999972943449393, 1382824.999962230678648 ], [ 556682.179970095632598, 1382825.000037577003241 ], [ 556641.389918017550372, 1382824.999984145862982 ], [ 556080.999954111059196, 1382824.999975541373715 ], [ 556080.999929205514491, 1383009.999984476249665 ], [ 556080.999987058690749, 1383172.000011377967894 ], [ 556080.999983451562002, 1383185.470029312185943 ], [ 556080.999959034030326, 1383315.000049659051001 ], [ 556676.759957736008801, 1383314.999994724756107 ], [ 556680.589975587441586, 1383314.99999161134474 ], [ 556695.999944604816847, 1383314.999962741043419 ], [ 556698.999970302800648, 1383046.00000950624235 ], [ 556694.999965860042721, 1382904.000033674063161 ], [ 556695.999922922463156, 1382864.999981060158461 ] ] ], [ [ [ 555572.320000276085921, 1383315.000044445740059 ], [ 555572.36995245271828, 1382825.000030033523217 ], [ 555555.99998060404323, 1382825.00001019006595 ], [ 555081.369957521557808, 1382825.000000106170774 ], [ 555081.319972898578271, 1383314.999968390678987 ], [ 555555.999946427415125, 1383315.000010137911886 ], [ 555572.320000276085921, 1383315.000044445740059 ] ] ], [ [ [ 555073.320007731672376, 1383315.00004822970368 ], [ 555073.379920848063193, 1382825.000005095964298 ], [ 554582.359967613825575, 1382825.000006764195859 ], [ 554582.309989232686348, 1383315.000025982037187 ], [ 555073.320007731672376, 1383315.00004822970368 ] ] ], [ [ [ 554572.319982798420824, 1383315.000045175431296 ], [ 554572.36998627660796, 1382825.00003291782923 ], [ 554508.219916395028122, 1382825.000035473378375 ], [ 554080.999989140080288, 1382824.999977596802637 ], [ 554080.999989019124769, 1383315.000043902080506 ], [ 554572.319982798420824, 1383315.000045175431296 ] ] ], [ [ [ 554072.999938235501759, 1383315.0000042503234 ], [ 554072.999997197184712, 1382825.000043006846681 ], [ 553580.999996496364474, 1382824.999989700270817 ], [ 553580.999921979615465, 1383315.000012130942196 ], [ 554072.999938235501759, 1383315.0000042503234 ] ] ], [ [ [ 549890.999995630001649, 1382886.000057592988014 ], [ 549872.999937026179396, 1382824.999968597432598 ], [ 549581.050004983786494, 1382824.999986121663824 ], [ 549581.099983585067093, 1383316.000049778958783 ], [ 549830.799945226404816, 1383316.00000829435885 ], [ 549831.999940691632219, 1383315.000009283656254 ], [ 549841.999933434533887, 1383266.000057577388361 ], [ 549867.999916307860985, 1383220.999993522884324 ], [ 549887.999947013682686, 1383175.999976387014613 ], [ 549904.999964536400512, 1383111.000000125262886 ], [ 549904.99996230006218, 1382900.999970003031194 ], [ 549890.999995630001649, 1382886.000057592988014 ] ] ], [ [ [ 549573.099983841646463, 1383315.999970117583871 ], [ 549573.049966102000326, 1382825.000010910443962 ], [ 549081.000008744071238, 1382825.000014929333702 ], [ 549081.00000868702773, 1383266.000041081337258 ], [ 549080.999999960884452, 1383315.999976512975991 ], [ 549181.999938011635095, 1383316.000037426594645 ], [ 549573.099983841646463, 1383315.999970117583871 ] ] ], [ [ [ 548573.099920653970912, 1383315.000004017725587 ], [ 548573.049987280042842, 1382824.999965647701174 ], [ 548557.079929598257877, 1382825.000032529700547 ], [ 548508.099974813987501, 1382824.999972719931975 ], [ 548500.429930934915319, 1382825.000057341298088 ], [ 548470.999922846094705, 1382825.000038253609091 ], [ 548468.999942938797176, 1382854.000045861117542 ], [ 548457.999976410646923, 1382858.000054273521528 ], [ 548439.999969569267705, 1382900.000008805422112 ], [ 548417.999926136923023, 1382922.999994808342308 ], [ 548081.909939233330078, 1383146.390005328925326 ], [ 548081.910004861536436, 1383154.75998135888949 ], [ 548081.899925833800808, 1383315.000045176129788 ], [ 548573.099920653970912, 1383315.000004017725587 ] ] ], [ [ [ 549073.000005335314199, 1383316.000036098994315 ], [ 549072.999975326587446, 1382824.999979997519404 ], [ 548581.049917583004571, 1382825.000060175545514 ], [ 548581.099978161160834, 1383315.999994399957359 ], [ 549073.000005335314199, 1383316.000036098994315 ] ] ], [ [ [ 548073.899978153174743, 1383278.770032891537994 ], [ 548073.919970609829761, 1383159.99996354454197 ], [ 548049.000010718940757, 1383160.000053158495575 ], [ 548034.999972332734615, 1383224.000033667776734 ], [ 548009.99995472538285, 1383243.000018129358068 ], [ 547915.000002843211405, 1383245.000046410597861 ], [ 547888.999946916243061, 1383253.999965280294418 ], [ 547885.000007076305337, 1383260.99998626136221 ], [ 547825.999985533300787, 1383274.00003695813939 ], [ 547780.999951879261062, 1383260.999999198596925 ], [ 547581.000006325542927, 1383267.000013218261302 ], [ 547580.999991321354173, 1383296.039968322962523 ], [ 547580.999959070351906, 1383314.999976271530613 ], [ 548073.899941688287072, 1383314.999985133996233 ], [ 548073.899978153174743, 1383278.770032891537994 ] ] ], [ [ [ 547572.999986173468642, 1383298.000045962631702 ], [ 547559.999948395532556, 1383287.000029111048207 ], [ 547546.999932415434159, 1383280.999962729634717 ], [ 547525.000007612281479, 1383286.99999709893018 ], [ 547466.999993194476701, 1383285.00001479848288 ], [ 547398.999952214653604, 1383236.999987450661138 ], [ 547316.999967587413266, 1383175.999997892882675 ], [ 547285.999959941022098, 1383129.000033619813621 ], [ 547275.999918903340586, 1383098.000051385723054 ], [ 547241.000008408795111, 1383050.000039586797357 ], [ 547214.999970318749547, 1383003.000030578114092 ], [ 547199.99994467291981, 1382961.000053293537349 ], [ 547172.99992824299261, 1382874.000017862766981 ], [ 547158.999931812635623, 1382825.00000502076 ], [ 547081.999940882669762, 1382824.999974929029122 ], [ 547081.999958570115268, 1383315.000017039943486 ], [ 547572.999979900894687, 1383315.000055692624301 ], [ 547572.999986173468642, 1383298.000045962631702 ] ] ], [ [ [ 545081.000005145091563, 1383316.000011582160369 ], [ 545554.97997512400616, 1383295.310008122352883 ], [ 545555.000008881906979, 1383295.370009238598868 ], [ 545555.000008586794138, 1383193.000044609187171 ], [ 545549.999959203298204, 1383191.00000204727985 ], [ 545549.999949998804368, 1383160.00002763653174 ], [ 545536.999918385059573, 1383143.000043685548007 ], [ 545527.999988230643794, 1383101.999970364384353 ], [ 545514.999943775124848, 1383098.000018408056349 ], [ 545514.999936890322715, 1383084.000012088101357 ], [ 545501.999968919204548, 1383061.000030100345612 ], [ 545466.999960304819979, 1383060.000041538616642 ], [ 545462.039918453781866, 1382826.00002612057142 ], [ 545080.999973930302076, 1382826.000047126319259 ], [ 545081.000005145091563, 1383316.000011582160369 ] ] ], [ [ [ 545072.999953882070258, 1383315.999991295626387 ], [ 545072.999981689732522, 1382826.000031515257433 ], [ 544581.199994029360823, 1382825.999980301596224 ], [ 544581.259943403652869, 1383316.0000513009727 ], [ 545072.999953882070258, 1383315.999991295626387 ] ] ], [ [ [ 544573.269961503567174, 1383315.999986867886037 ], [ 544573.189942023600452, 1382825.999988738680258 ], [ 543993.979959303280339, 1382825.999971383716911 ], [ 543992.999990588752553, 1382868.000000481493771 ], [ 543987.999948217649944, 1382868.000005363719538 ], [ 543987.999943247064948, 1382950.999999180901796 ], [ 543993.999944034498185, 1382950.000049317721277 ], [ 543995.999948945362121, 1383058.00003614812158 ], [ 543995.99997184262611, 1383118.999984424794093 ], [ 544001.000000545289367, 1383125.999973345082253 ], [ 544003.999991420656443, 1383202.000010709976777 ], [ 544034.999927337164991, 1383259.999966308940202 ], [ 544034.999991822754964, 1383316.00000226078555 ], [ 544074.000010337447748, 1383316.000030716415495 ], [ 544081.999954336090013, 1383315.999971604440361 ], [ 544573.269961503567174, 1383315.999986867886037 ] ] ], [ [ [ 542989.999949207762256, 1382860.000021915417165 ], [ 542977.730000424780883, 1382826.000046017579734 ], [ 542581.989972356124781, 1382825.999978963285685 ], [ 542581.990007768734358, 1383316.000043001957238 ], [ 542979.999994412530214, 1383316.000041084131226 ], [ 542978.999955771258101, 1383229.999967996962368 ], [ 542989.999983721412718, 1383178.999964639544487 ], [ 542986.999962726724334, 1383151.00001900526695 ], [ 542997.999997628503479, 1383132.999968508025631 ], [ 543005.999998628045432, 1383103.999990764772519 ], [ 543004.000003005145118, 1383068.999967010691762 ], [ 542997.999915707972832, 1383042.999974936945364 ], [ 543003.999973014229909, 1383000.000023730797693 ], [ 543003.999979988555424, 1382935.999999982770532 ], [ 542989.999949207762256, 1382860.000021915417165 ] ] ], [ [ [ 542571.999964519985951, 1383316.000057209050283 ], [ 542571.999969618278556, 1382825.000015938421711 ], [ 542080.999942160211504, 1382824.999969323864207 ], [ 542080.999922217801213, 1383316.000044248765334 ], [ 542571.999964519985951, 1383316.000057209050283 ] ] ], [ [ [ 542072.999997172271833, 1383315.999964330112562 ], [ 542072.999977999832481, 1382824.999993092380464 ], [ 541593.999925864511169, 1382824.999975976534188 ], [ 541593.999932265840471, 1382968.000041833613068 ], [ 541583.999969358090311, 1382992.000049870461226 ], [ 541581.999972536345012, 1383059.999992983415723 ], [ 541573.999940195702948, 1383161.000006495276466 ], [ 541572.99992454634048, 1383222.000038794474676 ], [ 541576.999967262963764, 1383278.000039336970076 ], [ 541573.999923494062386, 1383315.999984250403941 ], [ 541575.970003509428352, 1383316.000050334492698 ], [ 541585.349918363732286, 1383316.000000158557668 ], [ 542072.999997172271833, 1383315.999964330112562 ] ] ], [ [ [ 547072.000007546739653, 1383319.999983064131811 ], [ 547071.99992413725704, 1382825.999993429752067 ], [ 546497.949933646945283, 1382826.000040069920942 ], [ 546495.999949002987705, 1382869.000017025275156 ], [ 546504.999962166650221, 1382910.000034238677472 ], [ 546522.999956256360747, 1382924.000047776615247 ], [ 546539.999950913130306, 1382948.000018317019567 ], [ 546588.999997355160303, 1382991.999991200398654 ], [ 546653.999967830604874, 1383050.999980638734996 ], [ 546677.999932085513137, 1383080.999994687968865 ], [ 546685.999998141429387, 1383122.000052702613175 ], [ 546738.000010636053048, 1383163.000042315106839 ], [ 546768.999924541218206, 1383191.000015496043488 ], [ 546784.999974855221808, 1383209.999973457539454 ], [ 546787.000011734082364, 1383226.000052069080994 ], [ 546857.999973111087456, 1383299.999991316813976 ], [ 546890.999944562907331, 1383335.999992401804775 ], [ 546908.000002925051376, 1383343.999999347142875 ], [ 546954.699956499855034, 1383356.110052676871419 ], [ 547072.129964799038135, 1383320.120035445084795 ], [ 547072.000007546739653, 1383319.999983064131811 ] ] ], [ [ [ 545556.99992063594982, 1383303.000028459122404 ], [ 545556.529946388443932, 1383301.32004201435484 ], [ 545557.010011328035034, 1383303.229976693866774 ], [ 545082.00000109593384, 1383323.970041023334488 ], [ 545081.999954125960357, 1383323.999975881073624 ], [ 545081.280005297041498, 1383324.000039660837501 ], [ 545080.999944406095892, 1383324.010042650159448 ], [ 545080.999989969772287, 1383465.090008043916896 ], [ 545082.999919733847491, 1383463.999974257079884 ], [ 545163.99992520257365, 1383463.000014662044123 ], [ 545302.00000505533535, 1383455.999989523319528 ], [ 545357.999928585952148, 1383455.000050117727369 ], [ 545494.000011858064681, 1383445.000015314668417 ], [ 545493.999920274480246, 1383401.000015013385564 ], [ 545515.99993336526677, 1383387.000043242471293 ], [ 545532.999937542481348, 1383367.000001651234925 ], [ 545553.99995836452581, 1383355.000037153251469 ], [ 545564.999938306864351, 1383344.00002593989484 ], [ 545556.99992063594982, 1383303.000028459122404 ] ] ], [ [ [ 545072.99996387725696, 1383469.459989767987281 ], [ 545073.000008836505003, 1383323.999977858737111 ], [ 544581.25993984809611, 1383324.000033192336559 ], [ 544581.289957458735444, 1383468.000059725018218 ], [ 544581.99993561685551, 1383467.999968064250425 ], [ 544609.999922816641629, 1383470.00004311837256 ], [ 544946.999944806913845, 1383471.999986288370565 ], [ 545072.00000716233626, 1383470.000034408411011 ], [ 545072.99996387725696, 1383469.459989767987281 ] ] ], [ [ [ 544445.999925026437268, 1383471.000033195829019 ], [ 544525.000004345900379, 1383466.999997118022293 ], [ 544572.999943122616969, 1383468.000025626504794 ], [ 544573.289953481289558, 1383467.999978329520673 ], [ 544573.269960172707215, 1383323.999968688236549 ], [ 544081.999991921591572, 1383324.000048422953114 ], [ 544073.999952591955662, 1383324.00000786408782 ], [ 544034.999944934388623, 1383323.999979068757966 ], [ 544020.999961439636536, 1383340.000060252379626 ], [ 544009.999947575852275, 1383377.000045553781092 ], [ 544010.99996682384517, 1383412.000047449022532 ], [ 544003.999934732913971, 1383421.00002755317837 ], [ 544003.999988234019838, 1383472.000044380081818 ], [ 544445.999925026437268, 1383471.000033195829019 ] ] ], [ [ [ 547572.999987669638358, 1383541.000045748893172 ], [ 547572.999935829546303, 1383325.000043889274821 ], [ 547082.059983547544107, 1383324.999998198822141 ], [ 547075.249925929587334, 1383327.110047829337418 ], [ 546957.679948769859038, 1383363.559986466774717 ], [ 546956.999920458300039, 1383371.000059920130298 ], [ 546967.999989866511896, 1383387.000049382681027 ], [ 547073.999975469545461, 1383470.000015938654542 ], [ 547121.999928646604531, 1383497.00002752058208 ], [ 547140.999978551757522, 1383522.999970193486661 ], [ 547159.000005592941307, 1383534.000048795714974 ], [ 547195.999937198823318, 1383536.000024336390197 ], [ 547245.999918029992841, 1383525.99998077028431 ], [ 547396.999983182526194, 1383531.000031862640753 ], [ 547427.999969140510075, 1383542.000053884927183 ], [ 547572.999987669638358, 1383541.000045748893172 ] ] ], [ [ [ 542072.9999252515845, 1383443.360046197427437 ], [ 542073.000007852911949, 1383324.000023148488253 ], [ 541583.99997119163163, 1383323.999990454176441 ], [ 541583.999984033522196, 1383362.000001578358933 ], [ 541628.999930192483589, 1383378.000038780039176 ], [ 541657.999931206693873, 1383394.000016823876649 ], [ 541696.999965327326208, 1383410.00001728720963 ], [ 541726.999946928350255, 1383416.000006395159289 ], [ 541764.999988768133335, 1383437.000052041606978 ], [ 541811.999999250168912, 1383453.999991552205756 ], [ 542073.000012242468074, 1383571.99997776793316 ], [ 542072.999918493325822, 1383571.129977798555046 ], [ 542073.000007322872989, 1383479.599991925992072 ], [ 542072.9999252515845, 1383443.360046197427437 ] ] ], [ [ [ 556677.999950470635667, 1383816.000038070371374 ], [ 556676.99995682341978, 1383324.99998279241845 ], [ 556080.999983238754794, 1383325.000052900519222 ], [ 556081.000007582711987, 1383815.999994343379512 ], [ 556677.999950470635667, 1383816.000038070371374 ] ] ], [ [ [ 556073.000011410214938, 1382874.999981289263815 ], [ 556072.999938334804028, 1382824.999981574248523 ], [ 555972.999944892362691, 1382824.999996634665877 ], [ 555582.369720401940867, 1382824.999972511548549 ], [ 555582.329942562384531, 1383128.960021269740537 ], [ 555582.329504085239023, 1383135.349972286028787 ], [ 555582.309924047091044, 1383314.999974926002324 ], [ 555582.299950868356973, 1383419.80996152991429 ], [ 555582.259943036711775, 1383816.00005767471157 ], [ 555749.709920873981901, 1383815.999984543770552 ], [ 556072.999974578851834, 1383815.999988817377016 ], [ 556073.000008931732737, 1383325.000053202500567 ], [ 556072.999981942819431, 1383315.000050065806136 ], [ 556073.000010955263861, 1383186.000016437843442 ], [ 556072.999972388264723, 1383024.770054656779394 ], [ 556073.000011410214938, 1382874.999981289263815 ] ] ], [ [ [ 555572.269978872733191, 1383815.000020553357899 ], [ 555572.309937146259472, 1383433.060049657244235 ], [ 555572.31994189415127, 1383352.919969205046073 ], [ 555572.31991924229078, 1383345.96005148626864 ], [ 555572.320006092893891, 1383325.000040284823626 ], [ 555323.289957846980542, 1383325.000009501585737 ], [ 555081.319953970145434, 1383325.000056595308706 ], [ 555081.309997783973813, 1383388.399967956589535 ], [ 555081.2999596609734, 1383494.139968030387536 ], [ 555081.309948909911327, 1383438.220004621194676 ], [ 555081.269934038515203, 1383815.999990016687661 ], [ 555511.999965848284774, 1383816.000027531292289 ], [ 555572.269998249481432, 1383816.00002050283365 ], [ 555572.269978872733191, 1383815.000020553357899 ] ] ], [ [ [ 555073.270010862732306, 1383815.999964764574543 ], [ 555073.319991779397242, 1383325.000036866171286 ], [ 554582.309948729583994, 1383325.000007589580491 ], [ 554582.24998909723945, 1383815.99997231643647 ], [ 555073.270010862732306, 1383815.999964764574543 ] ] ], [ [ [ 554572.259961456526071, 1383815.999984411289915 ], [ 554572.319945772062056, 1383325.000026654452085 ], [ 554080.999927563942038, 1383325.000018405728042 ], [ 554080.999931893777102, 1383816.00004855520092 ], [ 554572.259961456526071, 1383815.999984411289915 ] ] ], [ [ [ 554072.999922912102193, 1383816.000003359746188 ], [ 554072.999977276660502, 1383324.99997883150354 ], [ 553580.999936817679554, 1383324.999979796120897 ], [ 553580.99998520698864, 1383815.999965582275763 ], [ 554072.999922912102193, 1383816.000003359746188 ] ] ], [ [ [ 553572.999981815926731, 1383816.000059650279582 ], [ 553573.000000326661393, 1383323.999983238289133 ], [ 553572.999966678093188, 1383316.000009157694876 ], [ 553573.000010516261682, 1382824.999995366437361 ], [ 553512.969924439908937, 1382825.000052622519433 ], [ 553452.559925120091066, 1382825.000025972956792 ], [ 553287.909964090562426, 1382825.000014898367226 ], [ 553274.199965848703869, 1382825.000060043763369 ], [ 553302.499943699222058, 1382842.939975927583873 ], [ 553436.709927886491641, 1382879.830020078225061 ], [ 553442.499953539576381, 1383555.939962811768055 ], [ 553348.709987986134365, 1383635.830006589181721 ], [ 553091.999972184654325, 1383636.00003506266512 ], [ 553089.709996716701426, 1383732.840002136770636 ], [ 552919.499990992248058, 1383730.94003056990914 ], [ 552873.389980424777605, 1383815.999983050860465 ], [ 553072.999916401691735, 1383815.999967703828588 ], [ 553081.000011412193999, 1383816.000032909447327 ], [ 553572.999981815926731, 1383816.000059650279582 ] ] ], [ [ [ 549819.999989780248143, 1383325.000001515028998 ], [ 549825.999964189017192, 1383320.000004801433533 ], [ 549819.999964899383485, 1383324.000009746989235 ], [ 549581.099956098245457, 1383323.999981024302542 ], [ 549573.099958410486579, 1383324.000000742962584 ], [ 549080.999916111235507, 1383324.000002001412213 ], [ 549080.999923535506241, 1383816.000020106555894 ], [ 549282.169949620845728, 1383815.999997461447492 ], [ 549402.890009241411462, 1383816.000034797936678 ], [ 549514.789938017143868, 1383815.999991866992787 ], [ 549545.039946516510099, 1383816.000045296503231 ], [ 549545.99993123265449, 1383815.000018927501515 ], [ 549545.000003915280104, 1383508.99997056927532 ], [ 549606.999928525998257, 1383477.000025473535061 ], [ 549682.999936995562166, 1383464.999983861343935 ], [ 549750.999977169092745, 1383442.999993861652911 ], [ 549750.999933993327431, 1383427.000026995781809 ], [ 549794.999937045271508, 1383399.000007861061022 ], [ 549815.999957819934934, 1383354.999978264328092 ], [ 549819.999989780248143, 1383325.000001515028998 ] ] ], [ [ [ 549072.999970610602759, 1383815.999975219601765 ], [ 549072.999923888477497, 1383323.99996205768548 ], [ 548582.09993416198995, 1383324.000015075551346 ], [ 548582.150012828758918, 1383816.000005858484656 ], [ 548689.409979625139385, 1383816.00003797840327 ], [ 549072.999970610602759, 1383815.999975219601765 ] ] ], [ [ [ 548572.150004935450852, 1383815.999999335967004 ], [ 548572.099921035696752, 1383325.00000488711521 ], [ 548081.899997787899338, 1383325.000039880163968 ], [ 548081.849999601370655, 1383815.999962012283504 ], [ 548572.150004935450852, 1383815.999999335967004 ] ] ], [ [ [ 548073.839992828085087, 1383815.999979667365551 ], [ 548073.899918713723309, 1383324.999979585176334 ], [ 547581.000009927665815, 1383324.999964724760503 ], [ 547580.999966986477375, 1383529.929975550621748 ], [ 547581.999938529217616, 1383530.000054740812629 ], [ 547597.999976893537678, 1383530.999996018595994 ], [ 547627.999970448669046, 1383563.000041607068852 ], [ 547695.000012381351553, 1383711.000016664154828 ], [ 547696.000011211261153, 1383737.999996109399945 ], [ 547719.999982999055646, 1383760.000043432461098 ], [ 547735.999957952066325, 1383795.000004004919901 ], [ 547750.99993524083402, 1383814.999963282607496 ], [ 547751.449993174755946, 1383816.000004808884114 ], [ 547776.689965923083946, 1383816.000010855961591 ], [ 548073.839992828085087, 1383815.999979667365551 ] ] ], [ [ [ 542986.999955257517286, 1383325.000021742191166 ], [ 542986.219945602701046, 1383323.999965196708217 ], [ 542581.989974590251222, 1383324.000006774440408 ], [ 542581.989986996399239, 1383816.000002677552402 ], [ 542992.999943089555018, 1383815.999987143557519 ], [ 542989.99998765939381, 1383510.999961724039167 ], [ 542986.999987376155332, 1383404.00001317425631 ], [ 542986.999955257517286, 1383325.000021742191166 ] ] ], [ [ [ 542571.999922201619484, 1383816.000011336291209 ], [ 542571.9999341230141, 1383324.000020897714421 ], [ 542080.999930816586129, 1383324.000003676163033 ], [ 542081.000010404386558, 1383443.360028005437925 ], [ 542080.999984672525898, 1383479.599973892094567 ], [ 542080.999984241090715, 1383566.849975226912647 ], [ 542080.999980514752679, 1383574.589970330474898 ], [ 542080.999963910318911, 1383610.819974299985915 ], [ 542082.990002067759633, 1383816.000059022568166 ], [ 542111.999975013546646, 1383816.00001486716792 ], [ 542204.689998922985978, 1383816.000021091429517 ], [ 542502.169918781495653, 1383816.000019537750632 ], [ 542571.999922201619484, 1383816.000011336291209 ] ] ], [ [ [ 556675.999988839495927, 1383824.999983882298693 ], [ 556676.21995929221157, 1383824.0000186113175 ], [ 556080.999923130613752, 1383823.999999430729076 ], [ 556080.999964796705171, 1384315.000006507150829 ], [ 556466.619927870924585, 1384314.999989707255736 ], [ 556670.999966701492667, 1384314.999994853278622 ], [ 556672.999965900322422, 1384203.00005928077735 ], [ 556667.999945164192468, 1384168.99997680564411 ], [ 556673.999983938527294, 1384151.000051754759625 ], [ 556671.99992124538403, 1384131.000047633890063 ], [ 556680.999941032379866, 1384072.000007384922355 ], [ 556673.999984051217325, 1383861.99997294228524 ], [ 556675.999988839495927, 1383824.999983882298693 ] ] ], [ [ [ 556072.999973090132698, 1384314.999995248392224 ], [ 556072.999990067211911, 1383823.99999400041997 ], [ 555750.800010833889246, 1383824.00001339497976 ], [ 555582.259997495333664, 1383824.000057253520936 ], [ 555582.199972713598981, 1384314.999991196906194 ], [ 556072.999973090132698, 1384314.999995248392224 ] ] ], [ [ [ 555572.210005892673507, 1384315.000046269036829 ], [ 555572.269957779673859, 1383824.000019782688469 ], [ 555560.23000533413142, 1383823.999998342012987 ], [ 555081.269932615803555, 1383823.999983734916896 ], [ 555081.209971922449768, 1384314.999963590176776 ], [ 555560.999922866933048, 1384315.00003103655763 ], [ 555572.210005892673507, 1384315.000046269036829 ] ] ], [ [ [ 555073.209992137970403, 1384315.000031995819882 ], [ 555073.270011478918605, 1383824.000057847937569 ], [ 554582.249931051628664, 1383824.000059701269493 ], [ 554582.199967443477362, 1384315.00000945944339 ], [ 555073.209992137970403, 1384315.000031995819882 ] ] ], [ [ [ 554572.20991796918679, 1384315.00001447275281 ], [ 554572.260004094452597, 1383823.999972422141582 ], [ 554080.99991593521554, 1383824.000030916417018 ], [ 554080.999951094156131, 1384315.000027217436582 ], [ 554572.20991796918679, 1384315.00001447275281 ] ] ], [ [ [ 553996.174459188245237, 1383880.059994940180331 ], [ 554073.009956862195395, 1383880.060050800908357 ], [ 554073.009977052221075, 1383824.050029339967296 ], [ 553972.249941748799756, 1383824.049963625147939 ], [ 553972.259939871029928, 1383870.049974435241893 ], [ 553972.259982866118662, 1383880.010170239256695 ], [ 553972.15992594207637, 1383880.009982206393033 ], [ 553972.059985100873746, 1383823.999979729996994 ], [ 553581.00001061311923, 1383824.000041888328269 ], [ 553580.999995446996763, 1384314.999993637437001 ], [ 554072.999983410350978, 1384314.999976500170305 ], [ 554072.999982109293342, 1383880.220051566371694 ], [ 553996.174459188245237, 1383880.059994940180331 ] ] ], [ [ [ 553572.999935823725536, 1384314.999982599867508 ], [ 553573.000009630108252, 1383824.00003641936928 ], [ 553080.999980836641043, 1383824.000004125526175 ], [ 553081.000012896605767, 1384315.000014147954062 ], [ 553572.999935823725536, 1384314.999982599867508 ] ] ], [ [ [ 553072.999959002132528, 1384315.000042974250391 ], [ 553072.999985582428053, 1383824.000038468511775 ], [ 552869.059988071210682, 1383824.000036837300286 ], [ 552868.519948402186856, 1383825.000033396296203 ], [ 552855.999984302092344, 1383824.999963476322591 ], [ 552812.999956781510264, 1383902.000021854881197 ], [ 552786.999982859008014, 1383917.999995270045474 ], [ 552786.999948222772218, 1383932.000039720442146 ], [ 552768.999994707526639, 1383944.000030719907954 ], [ 552768.999930386547931, 1383955.99998341454193 ], [ 552739.999942669528536, 1383960.000002149492502 ], [ 552673.999934287974611, 1384019.999961236491799 ], [ 552636.999963308218867, 1384059.999981351895258 ], [ 552611.999991656048223, 1384070.999969750875607 ], [ 552581.999919485417195, 1384074.870016756933182 ], [ 552581.999969538417645, 1384315.000030543189496 ], [ 553072.999959002132528, 1384315.000042974250391 ] ] ], [ [ [ 552572.009974566171877, 1384316.000031427713111 ], [ 552572.009988892357796, 1384072.000021891202778 ], [ 552574.84999934444204, 1384071.930035272845998 ], [ 552572.999974402249791, 1384071.000048311892897 ], [ 552508.999970585224219, 1384075.999982874374837 ], [ 552497.999996047932655, 1384082.000034215394408 ], [ 552452.999992589233443, 1384087.000026077032089 ], [ 552442.999972598510794, 1384081.999982568668202 ], [ 552383.000001005129889, 1384086.000047067645937 ], [ 552360.000002301647328, 1384076.000013042474166 ], [ 552279.999959541019052, 1384076.000050396192819 ], [ 552279.999933654093184, 1384078.000041327439249 ], [ 552229.99996289354749, 1384077.00005806516856 ], [ 552215.000001226435415, 1384045.999973080353811 ], [ 552193.000011875294149, 1384043.999968081479892 ], [ 552180.999952402664348, 1384021.000047736801207 ], [ 552167.000006454531103, 1384015.000000681029633 ], [ 552153.999940218054689, 1383997.00004324875772 ], [ 552132.999957545893267, 1383979.999984567984939 ], [ 552125.999917348497547, 1383971.000050863483921 ], [ 552102.999923414667137, 1383956.00005576829426 ], [ 552081.000001310720108, 1383955.000035465229303 ], [ 552080.999996394850314, 1384316.000014072749764 ], [ 552572.009974566171877, 1384316.000031427713111 ] ] ], [ [ [ 552072.999954240163788, 1384316.000023164786398 ], [ 552072.999948254320771, 1383955.220037420280278 ], [ 552073.000010004267097, 1383932.930041939252988 ], [ 552073.000003052642569, 1383928.999976609367877 ], [ 552045.999935669940896, 1383932.000048080459237 ], [ 552016.999987733201124, 1383940.999973409809172 ], [ 552013.999931210069917, 1383944.999989700503647 ], [ 552013.999961395631544, 1383978.000025302171707 ], [ 551982.000001147971489, 1383980.000055260024965 ], [ 551916.999965269933455, 1384017.000036898301914 ], [ 551917.000013026874512, 1384022.000011777505279 ], [ 551879.999956039711833, 1384052.000022017396986 ], [ 551880.999954756116495, 1384074.000026639550924 ], [ 551858.999980851309374, 1384076.000058320118114 ], [ 551815.9999398982618, 1384116.000001516425982 ], [ 551794.999973438214511, 1384129.000038757920265 ], [ 551749.999915824038908, 1384178.999996715690941 ], [ 551749.999979987740517, 1384191.000034424941987 ], [ 551728.999958427273668, 1384205.000012599397451 ], [ 551726.999977855943143, 1384215.000037570483983 ], [ 551709.999984880909324, 1384217.000037475023419 ], [ 551709.999996357830241, 1384225.999990834854543 ], [ 551681.999952071113512, 1384248.999979540938511 ], [ 551670.999942060443573, 1384262.000004182569683 ], [ 551651.999956357874908, 1384270.999981719534844 ], [ 551581.989959111320786, 1384264.100012916373089 ], [ 551581.989932042080909, 1384315.999985939124599 ], [ 552072.999954240163788, 1384316.000023164786398 ] ] ], [ [ [ 550954.999915827880614, 1383864.000056157819927 ], [ 550940.999995858641341, 1383776.000057561788708 ], [ 550933.599931711098179, 1383744.500018608290702 ], [ 550896.600005744723603, 1383686.500055031385273 ], [ 551191.199985568528064, 1383342.90005048783496 ], [ 551076.469945440418087, 1383243.510048528667539 ], [ 550836.92994065140374, 1383556.820024817017838 ], [ 550798.599952816497535, 1383631.510038408683613 ], [ 550747.279921759734862, 1383780.180025542620569 ], [ 550749.999957796884701, 1383780.000049108173698 ], [ 550675.999936908134259, 1383785.00003702705726 ], [ 550585.999942235648632, 1383812.00002226117067 ], [ 550581.340003024204634, 1383912.73005362204276 ], [ 550581.369996080873534, 1384315.999983576126397 ], [ 551073.999955993145704, 1384316.000013427110389 ], [ 551073.999976185150445, 1384284.790055855177343 ], [ 551049.589928314439021, 1384284.040034118806943 ], [ 551038.999981356784701, 1384271.999996418599039 ], [ 551031.999943510745652, 1384228.000053301686421 ], [ 550982.999965769122355, 1384103.999997759470716 ], [ 550954.999915827880614, 1383864.000056157819927 ] ] ], [ [ [ 550565.00001070194412, 1383905.999983320012689 ], [ 550336.000005161738954, 1383899.000039448030293 ], [ 550335.999993506120518, 1384314.999978352803737 ], [ 550336.109923059819266, 1384315.999965242575854 ], [ 550573.369970634696074, 1384316.000012706266716 ], [ 550573.340009175473824, 1383909.430060097249225 ], [ 550565.00001070194412, 1383905.999983320012689 ] ] ], [ [ [ 549479.789960449910723, 1383880.999995078658685 ], [ 549445.30992319341749, 1383823.999966689618304 ], [ 549402.889928278862499, 1383823.999966819072142 ], [ 549282.169999828212894, 1383824.000027924310416 ], [ 549080.999932064674795, 1383824.000048444606364 ], [ 549080.99994184798561, 1383881.000040165148675 ], [ 549081.000002269400284, 1384316.00003330851905 ], [ 549573.200008961255662, 1384316.000033666146919 ], [ 549573.16997262602672, 1384083.590007543796673 ], [ 549572.999966134666465, 1384069.999968186020851 ], [ 549550.999929137295112, 1384028.000031278235838 ], [ 549530.999954508733936, 1384017.000028429552913 ], [ 549530.999937308719382, 1384005.00002719135955 ], [ 549501.000012263539247, 1383917.00004512979649 ], [ 549480.999994670390151, 1383882.999974637059495 ], [ 549479.789960449910723, 1383880.999995078658685 ] ] ], [ [ [ 549073.000007027643733, 1383880.999994646990672 ], [ 549072.999981362372637, 1383824.000003473600373 ], [ 548689.33994028752204, 1383824.000043046427891 ], [ 548582.149964879732579, 1383824.000029045855626 ], [ 548582.15995408850722, 1383881.000001636333764 ], [ 548582.200010226923041, 1384315.999986488837749 ], [ 549072.999993212753907, 1384315.999983232934028 ], [ 549073.000007027643733, 1383880.999994646990672 ] ] ], [ [ [ 548572.159968827385455, 1383880.999994328944013 ], [ 548572.149959766189568, 1383824.000022426946089 ], [ 548081.849993289448321, 1383823.999980252003297 ], [ 548081.839967318112031, 1383880.999982858076692 ], [ 548081.789989529177547, 1384316.000040624057874 ], [ 548572.199981020647101, 1384315.999973611906171 ], [ 548572.159968827385455, 1383880.999994328944013 ] ] ], [ [ [ 548073.789991057594307, 1384315.999970607692376 ], [ 548073.829978665336967, 1383880.999999890336767 ], [ 548073.839988747145981, 1383823.999997830716893 ], [ 547777.849978424259461, 1383823.999966708011925 ], [ 547777.999963147332892, 1383825.000006783986464 ], [ 547778.999956247047521, 1383859.000020026927814 ], [ 547836.000001425622031, 1383861.999993442557752 ], [ 547838.999970689532347, 1383875.999971295241266 ], [ 547851.000002221320756, 1383875.999972540419549 ], [ 547851.649952920502983, 1383881.000008941162378 ], [ 547867.9999583971221, 1384006.999996355269104 ], [ 547875.999961861874908, 1384019.999971837038174 ], [ 547883.999943118542433, 1384019.999983782181516 ], [ 547883.999931120779365, 1384113.000026819994673 ], [ 547892.999972733203322, 1384238.000043810345232 ], [ 547923.999946359195746, 1384314.999977840576321 ], [ 547924.899943977128714, 1384315.999978359090164 ], [ 547925.999961809953675, 1384316.00002444605343 ], [ 547944.9199183806777, 1384315.999987788265571 ], [ 548002.159937027376145, 1384316.000059230951592 ], [ 548062.559996241470799, 1384315.999965336173773 ], [ 548073.789991057594307, 1384315.999970607692376 ] ] ], [ [ [ 542314.909954721922986, 1384374.500048710033298 ], [ 542339.329957886016928, 1384369.810023878468201 ], [ 542339.339924184372649, 1384369.810038576135412 ], [ 542393.229916607844643, 1384359.65999623388052 ], [ 542479.789979959838092, 1384342.570026142289862 ], [ 542479.84000707953237, 1384342.570000712759793 ], [ 542536.949978948570788, 1384332.050057928776368 ], [ 542537.319994845427573, 1384331.99004025477916 ], [ 542571.999989245436154, 1384328.91001791623421 ], [ 542571.999984884285368, 1383823.999977852450684 ], [ 542502.170000914018601, 1383823.999985459726304 ], [ 542207.719982810900547, 1383823.999961629044265 ], [ 542111.99997039954178, 1383823.999977241270244 ], [ 542082.999972019228153, 1383824.000035752775148 ], [ 542080.999977566883899, 1384320.169973987387493 ], [ 542080.999992036842741, 1384322.159995217807591 ], [ 542080.999947915435769, 1384323.989999164594337 ], [ 542080.999954450293444, 1384356.250023500295356 ], [ 542080.999972427263856, 1384368.370058551430702 ], [ 542080.999960265005939, 1384415.039986342657357 ], [ 542081.119975323555991, 1384418.620012729195878 ], [ 542091.050003518699668, 1384416.770056375302374 ], [ 542091.289937421563081, 1384416.730030918493867 ], [ 542167.559987744432874, 1384407.159970968263224 ], [ 542239.109990615397692, 1384391.799971226835623 ], [ 542314.779957592952996, 1384374.529990871902555 ], [ 542314.909954721922986, 1384374.500048710033298 ] ] ], [ [ [ 542916.99991609249264, 1384430.99997485242784 ], [ 542915.999943181639537, 1384317.999975393293425 ], [ 542918.999939619679935, 1384307.000060200458393 ], [ 542939.999980479595251, 1384256.000049716327339 ], [ 542957.000006950227544, 1384213.000008284114301 ], [ 542959.999955823644996, 1384182.000018380582333 ], [ 542977.999993413221091, 1384145.99998127669096 ], [ 542989.999918077490292, 1384097.000030087074265 ], [ 542997.999979228130542, 1384043.000042394734919 ], [ 542990.000006879679859, 1383925.999987736577168 ], [ 542991.999953961698338, 1383879.000058923382312 ], [ 542992.000012058997527, 1383824.000051724724472 ], [ 542581.989949185866863, 1383823.999969132710248 ], [ 542581.990008352091536, 1384328.029969498282298 ], [ 542583.899986773380078, 1384327.860055322758853 ], [ 542584.249996010796167, 1384327.850032626651227 ], [ 542584.349952597520314, 1384327.849981985287741 ], [ 542615.909987805178389, 1384328.600031686248258 ], [ 542616.949962548678741, 1384328.760001466609538 ], [ 542673.47998208925128, 1384345.480001109419391 ], [ 542674.280007788795047, 1384345.82002118579112 ], [ 542733.820012741256505, 1384378.869962878990918 ], [ 542733.869995105545968, 1384378.899972151266411 ], [ 542856.279951584641822, 1384449.030011689523235 ], [ 542909.979916155105457, 1384478.069989070063457 ], [ 542909.999953342601657, 1384478.000005214009434 ], [ 542916.99991609249264, 1384430.99997485242784 ] ] ], [ [ [ 541884.249979782733135, 1384455.450028848834336 ], [ 542037.519923703395762, 1384426.71005139965564 ], [ 542072.889964806614444, 1384420.150042630499229 ], [ 542072.999945648829453, 1384416.709983054315671 ], [ 542072.999949663877487, 1384368.369969306746498 ], [ 542072.999928163946606, 1384356.250033801188692 ], [ 542073.000010348856449, 1384323.990009876899421 ], [ 542073.000005412846804, 1384323.860026977956295 ], [ 542052.999924714211375, 1384342.9999693504069 ], [ 542043.999941293848678, 1384343.999998081941158 ], [ 542020.999931662576273, 1384357.000018413877115 ], [ 542009.999954939703457, 1384360.999963827896863 ], [ 542002.999998072744347, 1384366.99996336363256 ], [ 541921.999923398368992, 1384403.999986291863024 ], [ 541835.999974786187522, 1384447.999986720504239 ], [ 541567.999943012138829, 1384430.00004098075442 ], [ 541567.999945281771943, 1384530.000003619352356 ], [ 541567.989957292447798, 1384530.149961703224108 ], [ 541776.979929704451934, 1384484.040023539913818 ], [ 541812.210013126721606, 1384474.660048942314461 ], [ 541883.959990633651614, 1384455.509972707601264 ], [ 541884.249979782733135, 1384455.450028848834336 ] ] ], [ [ [ 556681.289989953045733, 1384815.000042996602133 ], [ 556681.289938333211467, 1384324.989993195049465 ], [ 556466.959954262594692, 1384324.990032533649355 ], [ 556080.999993368284777, 1384324.989971730858088 ], [ 556080.999969019670971, 1384792.429994012229145 ], [ 556080.999933551182039, 1384814.999988907482475 ], [ 556467.999969840282574, 1384814.999985276022926 ], [ 556681.289989953045733, 1384815.000042996602133 ] ] ], [ [ [ 556072.999956216663122, 1384797.460018513025716 ], [ 556073.000004250905477, 1384324.990059819770977 ], [ 555582.199979221099056, 1384324.990048618987203 ], [ 555582.139938859618269, 1384814.999993448145688 ], [ 556072.999983473215252, 1384814.999971917364746 ], [ 556072.999956216663122, 1384797.460018513025716 ] ] ], [ [ [ 555572.149950627819635, 1384815.000041298568249 ], [ 555572.209918358130381, 1384324.990003906656057 ], [ 555081.20995732396841, 1384324.990013781934977 ], [ 555081.159974424634129, 1384805.000025586457923 ], [ 555081.15993342094589, 1384815.000024330802262 ], [ 555572.149950627819635, 1384815.000041298568249 ] ] ], [ [ [ 555073.149969662772492, 1384804.999969721538946 ], [ 555073.209980512270704, 1384324.989982626168057 ], [ 554582.199931047274731, 1384324.990052525652573 ], [ 554582.149923718301579, 1384815.000014523277059 ], [ 555073.149931451305747, 1384814.999968350632116 ], [ 555073.149969662772492, 1384804.999969721538946 ] ] ], [ [ [ 554572.149984238552861, 1384814.999993676086888 ], [ 554572.20998276071623, 1384324.990057583432645 ], [ 554080.999991563148797, 1384324.989963913103566 ], [ 554080.999952997313812, 1384804.999988506082445 ], [ 554080.999967336654663, 1384814.999973189085722 ], [ 554572.149984238552861, 1384814.999993676086888 ] ] ], [ [ [ 554072.999926259508356, 1384805.000031631439924 ], [ 554072.999928765348159, 1384324.990012357244268 ], [ 553580.999916561762802, 1384324.990022587124258 ], [ 553580.99993268866092, 1384805.000010488089174 ], [ 553580.999925817130134, 1384814.999988148687407 ], [ 554072.999943386297673, 1384815.000016207341105 ], [ 554072.999926259508356, 1384805.000031631439924 ] ] ], [ [ [ 553573.000009623239748, 1384804.999994257465005 ], [ 553572.999957437627017, 1384324.990011626156047 ], [ 553081.000010276213288, 1384324.990036329953 ], [ 553080.999983401154168, 1384804.999990469077602 ], [ 553080.99995531339664, 1384814.999961172929034 ], [ 553573.000005539041013, 1384814.999971812125295 ], [ 553573.000009623239748, 1384804.999994257465005 ] ] ], [ [ [ 553072.999968345044181, 1384805.000013969605789 ], [ 553072.999959342065267, 1384324.989965599495918 ], [ 552581.999945119488984, 1384324.990045852959156 ], [ 552582.000004141125828, 1384815.000033604213968 ], [ 553072.999943050206639, 1384814.999984568683431 ], [ 553072.999968345044181, 1384805.000013969605789 ] ] ], [ [ [ 552572.009962346288376, 1384815.00003155018203 ], [ 552572.010000534472056, 1384323.990054600406438 ], [ 552080.999963583890349, 1384323.990031813271344 ], [ 552080.999990803422406, 1384805.000022857449949 ], [ 552080.999920295085758, 1384814.999979851068929 ], [ 552572.009962346288376, 1384815.00003155018203 ] ] ], [ [ [ 552072.999987215735018, 1384805.000026733847335 ], [ 552072.999923655414023, 1384323.990040816599503 ], [ 551974.389998094644397, 1384323.989974702708423 ], [ 551581.989940386847593, 1384323.989998392993584 ], [ 551581.989930973039009, 1384815.000014855293557 ], [ 551974.999917212291621, 1384814.999962186906487 ], [ 552072.999919500201941, 1384814.999983625253662 ], [ 552072.999987215735018, 1384805.000026733847335 ] ] ], [ [ [ 551514.000009433249943, 1384278.000047997105867 ], [ 551517.000004792120308, 1384248.000023855362087 ], [ 551483.999969358788803, 1384234.999977833824232 ], [ 551458.999922756338492, 1384235.000014162156731 ], [ 551445.999951143632643, 1384225.000045355409384 ], [ 551408.999945682357065, 1384216.00005951942876 ], [ 551374.999949822784401, 1384215.999969335040078 ], [ 551363.999987447517924, 1384247.999999457737431 ], [ 551350.999936067149974, 1384252.999989747302607 ], [ 551328.999956631218083, 1384255.000023183645681 ], [ 551289.000002427841537, 1384268.999968179734424 ], [ 551262.999987621325999, 1384263.000013480661437 ], [ 551232.550003996351734, 1384264.900002705864608 ], [ 551150.999950155732222, 1384270.000021012267098 ], [ 551102.999962002388202, 1384280.000016248552129 ], [ 551098.999983100686222, 1384285.000027779024094 ], [ 551081.999935394502245, 1384285.000010358169675 ], [ 551081.999986902344972, 1384316.000024336855859 ], [ 551081.999938965891488, 1384323.990031370893121 ], [ 551081.999996129539795, 1384804.999976196791977 ], [ 551081.999980385764502, 1384815.000019369181246 ], [ 551232.99994700611569, 1384815.000058550853282 ], [ 551572.00000111584086, 1384814.999963236739859 ], [ 551571.99993718706537, 1384323.990052657667547 ], [ 551571.999926062184386, 1384316.000040305545554 ], [ 551571.999960729968734, 1384279.969998246757314 ], [ 551514.000009433249943, 1384278.000047997105867 ] ] ], [ [ [ 551074.000003609340638, 1384805.000059623969719 ], [ 551074.000007992726751, 1384323.990020554047078 ], [ 550978.999930360587314, 1384323.990048454841599 ], [ 550581.36998975253664, 1384323.989985409891233 ], [ 550581.389917317195795, 1384566.999970038654283 ], [ 550581.40999467857182, 1384804.999981457367539 ], [ 550581.409957932657562, 1384815.000017997808754 ], [ 551073.999990829848684, 1384815.000003243330866 ], [ 551074.000003609340638, 1384805.000059623969719 ] ] ], [ [ [ 550573.410007798112929, 1384805.000005511799827 ], [ 550573.36996653128881, 1384323.990014460170642 ], [ 550218.269960839650594, 1384323.989968144800514 ], [ 550081.349988940521143, 1384349.9300262699835 ], [ 550081.349936721730046, 1384349.959961315849796 ], [ 550081.38997833582107, 1384804.99996541836299 ], [ 550081.389920394984074, 1384814.99999538785778 ], [ 550573.409973838133737, 1384815.000041946070269 ], [ 550573.410007798112929, 1384805.000005511799827 ] ] ], [ [ [ 550073.389996857731603, 1384805.000029386719689 ], [ 550073.350010896567255, 1384351.480058872140944 ], [ 550072.999971419223584, 1384350.99998889118433 ], [ 549914.999916787375696, 1384360.999963816255331 ], [ 549838.999970988603309, 1384342.000046103959903 ], [ 549779.99994161631912, 1384304.000014615710825 ], [ 549755.999921154929325, 1384278.999977164668962 ], [ 549682.000010552932508, 1384240.000033139716834 ], [ 549642.999986087437719, 1384229.999984034104273 ], [ 549581.189954369328916, 1384222.020047751488164 ], [ 549581.199925780063495, 1384316.000024041859433 ], [ 549581.200002355733886, 1384323.990015637129545 ], [ 549581.239978285389952, 1384746.279991066781804 ], [ 549581.249938670312986, 1384802.730001447722316 ], [ 549581.249944041017443, 1384815.000022759195417 ], [ 549711.250008558272384, 1384815.000041240360588 ], [ 550073.389941697358154, 1384815.000059263315052 ], [ 550073.389996857731603, 1384805.000029386719689 ] ] ], [ [ [ 549573.249949475168251, 1384805.000003592576832 ], [ 549573.199990059016272, 1384323.990025014150888 ], [ 549080.999924920266494, 1384323.990019524935633 ], [ 549080.999994618468918, 1384805.000006791204214 ], [ 549080.999992101802491, 1384815.000023989472538 ], [ 549573.249970872770064, 1384815.000027131754905 ], [ 549573.249949475168251, 1384805.000003592576832 ] ] ], [ [ [ 542928.000000514090061, 1384715.00002085394226 ], [ 542928.750001794658601, 1384496.140034786658362 ], [ 542927.960006349370815, 1384496.349988811416551 ], [ 542926.059997362666763, 1384495.86997958086431 ], [ 542852.430004418129101, 1384456.050010634586215 ], [ 542852.349957902100869, 1384455.999966532224789 ], [ 542729.919924236717634, 1384385.850022616097704 ], [ 542670.780000067898072, 1384353.030018103308976 ], [ 542615.179965411894955, 1384336.589967019157484 ], [ 542584.379988853004761, 1384335.860040412982926 ], [ 542581.990004062652588, 1384336.070017665857449 ], [ 542581.989949317998253, 1384343.089992892928421 ], [ 542581.000002059619874, 1384342.929999114014208 ], [ 542580.999983910121955, 1384816.000051621813327 ], [ 542884.339944066363387, 1384816.000004770932719 ], [ 542914.999928701086901, 1384726.000000044470653 ], [ 542928.000000514090061, 1384715.00002085394226 ] ] ], [ [ [ 542572.999983502086252, 1384816.00001803948544 ], [ 542572.999942089547403, 1384342.419982896884903 ], [ 542571.999938383465633, 1384341.530001319246367 ], [ 542571.999972998397425, 1384336.96001112065278 ], [ 542538.209958911989816, 1384339.950055433204398 ], [ 542481.320004459936172, 1384350.4300430289004 ], [ 542394.75996359216515, 1384367.520007917191833 ], [ 542394.729966977261938, 1384367.519963621627539 ], [ 542340.840003263321705, 1384377.660057653207332 ], [ 542316.489966223598458, 1384382.349985255626962 ], [ 542240.859996167127974, 1384399.609974841587245 ], [ 542240.80995438224636, 1384399.620045249350369 ], [ 542169.069965046597645, 1384415.020038982154801 ], [ 542168.719981551519595, 1384415.079991314793006 ], [ 542092.399924889672548, 1384424.649974265601486 ], [ 542081.389923601178452, 1384426.700034310808405 ], [ 542081.999925043317489, 1384445.159992690198123 ], [ 542081.999986654263921, 1384815.999974982813001 ], [ 542179.800007912795991, 1384816.000036539975554 ], [ 542381.999933503335342, 1384815.999965324997902 ], [ 542572.999983502086252, 1384816.00001803948544 ] ] ], [ [ [ 542071.999986829352565, 1384447.250024422304705 ], [ 542072.619942449848168, 1384428.319972338853404 ], [ 542038.989972381503321, 1384434.570053122704849 ], [ 541885.869997331290506, 1384463.280007219873369 ], [ 541814.269966499763541, 1384482.399963978212327 ], [ 541778.959936924511567, 1384491.800008084625006 ], [ 541778.799929735483602, 1384491.8400529990904 ], [ 541567.689937358023599, 1384538.419996271841228 ], [ 541567.15001173177734, 1384538.479979167226702 ], [ 541566.999977932544425, 1384539.999974387465045 ], [ 541567.989969935500994, 1384816.00005666888319 ], [ 541577.809957506833598, 1384816.000059895915911 ], [ 542035.759919619187713, 1384816.00003668689169 ], [ 542071.999918469577096, 1384816.000032521318644 ], [ 542071.999986829352565, 1384447.250024422304705 ] ] ], [ [ [ 548582.249973671743646, 1384945.920025288593024 ], [ 548591.559938156162389, 1384943.339987754123285 ], [ 548591.579994377330877, 1384943.439971113344654 ], [ 548619.559938732534647, 1384935.980018329340965 ], [ 549072.999926691292785, 1384814.999968735734001 ], [ 549072.999970282777213, 1384805.260019180132076 ], [ 549072.999918090063147, 1384323.989969372050837 ], [ 548582.199973970651627, 1384323.989967727800831 ], [ 548582.209981328458525, 1384520.450053154258057 ], [ 548582.249939629225992, 1384820.000000503845513 ], [ 548582.230007203645073, 1384819.999966762727126 ], [ 548582.249973671743646, 1384945.920025288593024 ] ] ], [ [ [ 548572.219960679649375, 1384519.370004748227075 ], [ 548572.199947384535335, 1384323.990054206456989 ], [ 548081.789994824794121, 1384323.990016920259222 ], [ 548073.78999841294717, 1384323.990046272985637 ], [ 548062.560006715124473, 1384323.990040901117027 ], [ 548002.159964482765645, 1384323.990034764865413 ], [ 547948.169987114961259, 1384323.990019957069308 ], [ 547932.099939256790094, 1384323.990038398187608 ], [ 547932.999919704278, 1384324.999984368449077 ], [ 547965.999927984317765, 1384458.99996681464836 ], [ 547990.999932256061584, 1384534.000039322767407 ], [ 548038.000011096592061, 1384603.00001383619383 ], [ 548049.999991937191226, 1384629.000056903343648 ], [ 548056.999930335092358, 1384696.999983259243891 ], [ 548064.999990388168953, 1384734.999987266259268 ], [ 548160.999923611641861, 1384851.000004802364856 ], [ 548160.999942821916193, 1384867.000054100295529 ], [ 548201.999965292052366, 1384937.000014884630218 ], [ 548245.999929225421511, 1385039.000022323103622 ], [ 548247.409917420241982, 1385038.610054491087794 ], [ 548572.249986927956343, 1384948.680000195978209 ], [ 548572.219952027895488, 1384673.490047767292708 ], [ 548572.239982430241071, 1384673.489982212195173 ], [ 548572.219960679649375, 1384519.370004748227075 ] ] ], [ [ [ 549073.000009768060409, 1384981.400000798283145 ], [ 549072.999927795841359, 1384908.9400238848757 ], [ 549072.999995208461769, 1384836.560010327259079 ], [ 549072.99992682854645, 1384824.999985904432833 ], [ 549072.779985401779413, 1384825.000007638707757 ], [ 548624.939975667744875, 1384944.659968258813024 ], [ 548589.99996109912172, 1384954.000007863854989 ], [ 548588.999934807652608, 1384987.000015237834305 ], [ 548623.999971072538756, 1384985.000043448526412 ], [ 548674.999960484332405, 1384977.000050964066759 ], [ 548708.999991623684764, 1384972.000003531342372 ], [ 548893.999956529121846, 1385034.000030106166378 ], [ 548985.999981041648425, 1385083.999991054879501 ], [ 549073.00001191359479, 1385136.000046458793804 ], [ 549072.999963448499329, 1385135.000054395990446 ], [ 549072.999976408784278, 1385121.109961949754506 ], [ 549073.000009768060409, 1384981.400000798283145 ] ] ], [ [ [ 556685.000008523464203, 1384876.000047460198402 ], [ 556679.999920843867585, 1384825.000003585126251 ], [ 556468.509976768284105, 1384825.000013161683455 ], [ 556080.999934880062938, 1384825.000002217013389 ], [ 556080.999974307604134, 1384827.980016216402873 ], [ 556080.999940991285257, 1385265.000057555967942 ], [ 556081.000009042327292, 1385316.000042256666347 ], [ 556328.399923849035986, 1385315.999984786380082 ], [ 556661.619918195181526, 1385315.999970249366015 ], [ 556660.999998619547114, 1385272.000028343638405 ], [ 556665.99996030353941, 1385260.000027612084523 ], [ 556659.000011663883924, 1385187.000047242967412 ], [ 556671.999962751171552, 1385145.999963071895763 ], [ 556679.99996899033431, 1385084.000001892214641 ], [ 556680.99994194728788, 1384897.000051011098549 ], [ 556685.000008523464203, 1384876.000047460198402 ] ] ], [ [ [ 556072.999990765820257, 1384832.999995714752004 ], [ 556072.999987583840266, 1384824.999985110014677 ], [ 555582.139918576460332, 1384824.999999484745786 ], [ 555582.109928983380087, 1385170.999994271202013 ], [ 555582.090000937692821, 1385315.999985720030963 ], [ 556073.000003212015145, 1385316.00001932727173 ], [ 556073.000012290780433, 1385287.999973320169374 ], [ 556072.999920409987681, 1385267.000038427067921 ], [ 556072.99993908253964, 1385170.900035080034286 ], [ 556072.999990765820257, 1384832.999995714752004 ] ] ], [ [ [ 555572.099991703173146, 1385316.000026330817491 ], [ 555572.149933823966421, 1384825.000047197565436 ], [ 555081.15998997760471, 1384825.000023324275389 ], [ 555081.159948674379848, 1384835.000022196676582 ], [ 555081.09998139902018, 1385316.000035783741623 ], [ 555572.099991703173146, 1385316.000026330817491 ] ] ], [ [ [ 555073.14995228627231, 1384834.999965998344123 ], [ 555073.149990797275677, 1384824.999967235140502 ], [ 554582.149958718335256, 1384825.000006382353604 ], [ 554582.099953372380696, 1385315.999988755909726 ], [ 555073.099987696157768, 1385315.999993298435584 ], [ 555073.14995228627231, 1384834.999965998344123 ] ] ], [ [ [ 554572.099992882460356, 1385316.000060245860368 ], [ 554572.149925015633926, 1384824.99998520873487 ], [ 554080.999981340253726, 1384825.000057391123846 ], [ 554080.999995385413058, 1384835.00004221429117 ], [ 554080.999978194013238, 1385315.999986985465512 ], [ 554572.099992882460356, 1385316.000060245860368 ] ] ], [ [ [ 553681.819983611698262, 1385316.049984515877441 ], [ 553681.819927994976752, 1385260.309953780844808 ], [ 553681.859987911186181, 1385260.310028736013919 ], [ 553681.969959995010868, 1385316.000041467370465 ], [ 554072.999996207654476, 1385316.000024460023269 ], [ 554072.999977197148837, 1384834.999985566129908 ], [ 554072.999960365938023, 1384825.000000849831849 ], [ 553580.999918799847364, 1384824.999965882860124 ], [ 553581.000009152805433, 1384835.000043311854824 ], [ 553581.000012411386706, 1385260.049982918426394 ], [ 553581.059906861628406, 1385260.050094774691388 ], [ 553581.069965090369806, 1385306.03998079826124 ], [ 553581.069932131678797, 1385316.050006521865726 ], [ 553681.819983611698262, 1385316.049984515877441 ] ] ], [ [ [ 553572.99999674083665, 1384835.000026581110433 ], [ 553573.000001116422936, 1384825.000048892339692 ], [ 553080.999926902819425, 1384825.000031396048144 ], [ 553080.999996240250766, 1384835.000002415152267 ], [ 553080.999934006249532, 1385315.999974686186761 ], [ 553572.999993314617313, 1385316.000027984846383 ], [ 553572.99999674083665, 1384835.000026581110433 ] ] ], [ [ [ 553072.999989551724866, 1384835.00002560694702 ], [ 553072.999917426961474, 1384825.00005468679592 ], [ 552581.999954357044771, 1384824.999997503589839 ], [ 552581.999998270301148, 1385316.000002865446731 ], [ 553072.999963707407005, 1385315.999992640921846 ], [ 553072.999989551724866, 1384835.00002560694702 ] ] ], [ [ [ 552572.009935475420207, 1385315.999993946170434 ], [ 552572.009916037437506, 1384824.999995313119143 ], [ 552080.999947178410366, 1384825.000036535318941 ], [ 552080.999974095029756, 1384834.999993834411725 ], [ 552080.999964620918036, 1385316.000006256625056 ], [ 552572.009935475420207, 1385315.999993946170434 ] ] ], [ [ [ 552072.999978874926455, 1384834.999997402541339 ], [ 552072.999949165387079, 1384825.00004020659253 ], [ 551581.989936483325437, 1384824.99996533873491 ], [ 551581.989990962436423, 1385316.000003485241905 ], [ 552073.000005789333954, 1385316.000004692468792 ], [ 552072.999978874926455, 1384834.999997402541339 ] ] ], [ [ [ 551571.999942218651995, 1385316.000044415006414 ], [ 551572.00000992952846, 1384825.000013045035303 ], [ 551081.999964684247971, 1384824.999963162699714 ], [ 551081.999948661308736, 1384835.000006468966603 ], [ 551081.999975456274115, 1385315.999972670571879 ], [ 551571.999942218651995, 1385316.000044415006414 ] ] ], [ [ [ 551073.999964681454003, 1384834.999990141484886 ], [ 551073.999977738712914, 1384825.00004638149403 ], [ 550581.409921054728329, 1384825.000054599717259 ], [ 550581.409981915727258, 1384834.999991988064721 ], [ 550581.43999219709076, 1385315.999991891905665 ], [ 551073.999929980607703, 1385316.000050587113947 ], [ 551073.999964681454003, 1384834.999990141484886 ] ] ], [ [ [ 550573.410003395867534, 1384835.000015742378309 ], [ 550573.409939917270094, 1384824.999979001935571 ], [ 550081.389960020547733, 1384825.000025594606996 ], [ 550081.38999950978905, 1384835.000055868411437 ], [ 550081.429953885148279, 1385316.000056935939938 ], [ 550573.449918425292708, 1385316.00002804887481 ], [ 550573.410003395867534, 1384835.000015742378309 ] ] ], [ [ [ 550073.389928857912309, 1384835.000019923783839 ], [ 550073.389984289300628, 1384824.999989919364452 ], [ 549824.099952005664818, 1384825.000036390498281 ], [ 549581.249962509376928, 1384825.000046463217586 ], [ 549581.299979211995378, 1385315.99997587245889 ], [ 549823.999937391956337, 1385316.000058316392824 ], [ 550073.429919623886235, 1385316.000016038538888 ], [ 550073.389928857912309, 1384835.000019923783839 ] ] ], [ [ [ 549509.669923462322913, 1384825.8300226314459 ], [ 549509.679999260464683, 1384909.249989635078236 ], [ 549509.679970355005935, 1384927.389980947365984 ], [ 549509.669923462322913, 1384825.8300226314459 ], [ 549080.999989451607689, 1384825.00004125549458 ], [ 549080.999986668000929, 1384835.000058594858274 ], [ 549080.99996719090268, 1384908.939980605849996 ], [ 549080.99993109353818, 1384981.400057506747544 ], [ 549080.999948574928567, 1385125.570054035400972 ], [ 549080.999935793108307, 1385140.999965273309499 ], [ 549104.00000398827251, 1385153.000037850113586 ], [ 549130.999964272719808, 1385175.000037166522816 ], [ 549239.999969154596329, 1385315.000031830044463 ], [ 549241.399952449370176, 1385316.000040160259232 ], [ 549247.959977271733806, 1385315.999962856527418 ], [ 549475.899961725343019, 1385316.000011924887076 ], [ 549512.139957784442231, 1385315.999977158382535 ], [ 549573.29995029408019, 1385315.99997498630546 ], [ 549572.869991069776006, 1384927.389968820847571 ], [ 549572.869938594521955, 1384825.830019498709589 ], [ 549509.669923462322913, 1384825.8300226314459 ] ] ], [ [ [ 542877.999932124046609, 1384825.000038172118366 ], [ 542878.749963779118843, 1384823.999980952357873 ], [ 542580.99993711092975, 1384824.000023430678993 ], [ 542580.999998498591594, 1385310.400006069336087 ], [ 542582.999965923139825, 1385309.000012853182852 ], [ 542592.999934202875011, 1385285.000016080681235 ], [ 542624.999986135517247, 1385241.999978444539011 ], [ 542628.999932284001261, 1385219.999999484745786 ], [ 542658.999982514535077, 1385152.999987007351592 ], [ 542709.999960879329592, 1385068.999994167126715 ], [ 542756.999986897455528, 1385022.000013147713616 ], [ 542854.999990268261172, 1384923.000057246070355 ], [ 542869.999995140125975, 1384899.000060480320826 ], [ 542876.999988318537362, 1384863.000039849430323 ], [ 542877.999932124046609, 1384825.000038172118366 ] ] ], [ [ [ 542572.999935381230898, 1385315.99997998517938 ], [ 542572.999938932945952, 1384823.999989780597389 ], [ 542099.460011263377964, 1384823.999990419251844 ], [ 542081.999981093220413, 1384824.000041926512495 ], [ 542081.999993056873791, 1385315.999965792289004 ], [ 542099.999939012224786, 1385316.000019802479073 ], [ 542572.999935381230898, 1385315.99997998517938 ] ] ], [ [ [ 542072.000001404434443, 1385316.000017984071746 ], [ 542071.999915843131021, 1384823.999999930383638 ], [ 542035.759927092934959, 1384824.000003794441 ], [ 541688.309942729305476, 1384824.000005070352927 ], [ 541641.359967392403632, 1384823.999968935502693 ], [ 541641.999984851456247, 1384833.000048724468797 ], [ 541641.999984354479238, 1384918.72002922045067 ], [ 541642.000010266317986, 1384969.000035385368392 ], [ 541587.999987828545272, 1384966.000044380547479 ], [ 541588.999969871365465, 1385029.000030506635085 ], [ 541594.000012923730537, 1385029.000017773127183 ], [ 541593.99998732493259, 1385043.509966763667762 ], [ 541593.99999006849248, 1385315.999973703874275 ], [ 541687.999942392925732, 1385315.99996414873749 ], [ 542072.000001404434443, 1385316.000017984071746 ] ] ], [ [ [ 549573.319922147551551, 1385553.500046117929742 ], [ 549573.300000939751044, 1385324.000016517238691 ], [ 549512.139927772223018, 1385324.000017921440303 ], [ 549475.89994182519149, 1385324.000052332878113 ], [ 549253.689928355626762, 1385323.999991902383044 ], [ 549252.579981100745499, 1385323.999975939514115 ], [ 549323.999983956688084, 1385430.00004982855171 ], [ 549509.99997781321872, 1385532.99997910647653 ], [ 549573.319922147551551, 1385553.500046117929742 ] ] ], [ [ [ 556662.999937532702461, 1385413.999962025089189 ], [ 556661.729965465841815, 1385324.000008822418749 ], [ 556328.859954980900511, 1385324.000009161885828 ], [ 556157.36991572426632, 1385323.999965847237036 ], [ 556081.999943458125927, 1385324.000021206447855 ], [ 556081.000003996537998, 1385324.000055587152019 ], [ 556080.999979071668349, 1385756.000044307671487 ], [ 556080.999998073093593, 1385814.999962337547913 ], [ 556673.289973497157916, 1385815.000001958338544 ], [ 556679.999956206302159, 1385791.999969396507367 ], [ 556674.179997477680445, 1385756.400002584094182 ], [ 556671.999976883060299, 1385743.000032875919715 ], [ 556671.999993161880411, 1385702.000017427606508 ], [ 556661.999994559329934, 1385663.000042730243877 ], [ 556658.999983822694048, 1385540.000049413647503 ], [ 556662.999937532702461, 1385413.999962025089189 ] ] ], [ [ [ 556072.999985778005794, 1385405.990026571787894 ], [ 556073.000000402331352, 1385324.000032569281757 ], [ 555582.089939598110504, 1385323.999993160367012 ], [ 555582.089940532576293, 1385405.999973662896082 ], [ 555582.039946528268047, 1385815.000044933287427 ], [ 556072.999935800209641, 1385815.000032937154174 ], [ 556072.999985778005794, 1385405.990026571787894 ] ] ], [ [ [ 555572.039949700469151, 1385815.00005902047269 ], [ 555572.099933142424561, 1385324.000033661257476 ], [ 555081.099962040665559, 1385324.000037552323192 ], [ 555081.039979611872695, 1385815.000016267411411 ], [ 555572.039949700469151, 1385815.00005902047269 ] ] ], [ [ [ 555073.049993316759355, 1385814.999987312825397 ], [ 555073.099970567040145, 1385323.999994980171323 ], [ 554582.099975450080819, 1385323.999984925379977 ], [ 554582.090009336709045, 1385323.99996596458368 ], [ 554582.039935391512699, 1385815.000013862038031 ], [ 555073.049993316759355, 1385814.999987312825397 ] ] ], [ [ [ 554572.039953634492122, 1385814.999978814274073 ], [ 554572.099920036154799, 1385324.00005611544475 ], [ 554080.999944578390568, 1385323.999977393075824 ], [ 554080.999971980811097, 1385814.99997276510112 ], [ 554081.989925150643103, 1385815.000049446709454 ], [ 554572.039953634492122, 1385814.999978814274073 ] ] ], [ [ [ 554072.999933747225441, 1385815.000004532979801 ], [ 554072.999964821268804, 1385324.000014788238332 ], [ 553582.780007642460987, 1385323.999978027772158 ], [ 553580.999977433821186, 1385324.000034902477637 ], [ 553580.999964522081427, 1385814.999985700938851 ], [ 554071.999916761182249, 1385815.000008639413863 ], [ 554072.999933747225441, 1385815.000004532979801 ] ] ], [ [ [ 553572.999932060018182, 1385815.000057488214225 ], [ 553573.000003640772775, 1385324.000012806383893 ], [ 553080.999983628862537, 1385324.000053587602451 ], [ 553080.999930420424789, 1385814.999963004374877 ], [ 553572.999932060018182, 1385815.000057488214225 ] ] ], [ [ [ 553073.000001578475349, 1385814.999975539045408 ], [ 553072.999918036628515, 1385323.999971825396642 ], [ 552581.99999180145096, 1385323.999976738821715 ], [ 552581.999952347483486, 1385766.999990187352523 ], [ 552581.999978540814482, 1385815.000047687906772 ], [ 552682.000002045300789, 1385814.999982160283253 ], [ 553073.000001578475349, 1385814.999975539045408 ] ] ], [ [ [ 552572.009991824626923, 1385815.000032101757824 ], [ 552572.009931793669239, 1385323.999967715702951 ], [ 552081.000000149360858, 1385323.99997476558201 ], [ 552080.999999091029167, 1385546.589964346727356 ], [ 552081.000008545699529, 1385546.800008320948109 ], [ 552080.999963756650686, 1385815.000010057585314 ], [ 552572.009991824626923, 1385815.000032101757824 ] ] ], [ [ [ 552072.999948264565319, 1385543.070033179363236 ], [ 552072.999945836490951, 1385323.999972941353917 ], [ 551581.989970214548521, 1385323.999966524075717 ], [ 551581.989974359399639, 1385814.999970791628584 ], [ 552072.999948678887449, 1385815.000002997228876 ], [ 552072.99995795940049, 1385543.279977698810399 ], [ 552072.999948264565319, 1385543.070033179363236 ] ] ], [ [ [ 551572.00000169465784, 1385815.000005181645975 ], [ 551571.999924256466329, 1385324.000007346039638 ], [ 551081.999996240483597, 1385324.000029909890145 ], [ 551081.999960014829412, 1385815.00000553461723 ], [ 551572.00000169465784, 1385815.000005181645975 ] ] ], [ [ [ 551073.999956178246066, 1385814.999978776322678 ], [ 551073.999953174032271, 1385324.000008286908269 ], [ 550581.449923383188434, 1385323.999961870722473 ], [ 550581.479949479573406, 1385814.999964770628139 ], [ 551073.999956178246066, 1385814.999978776322678 ] ] ], [ [ [ 550573.490009930217639, 1385815.99999030563049 ], [ 550573.449983482714742, 1385323.999980548862368 ], [ 550081.429960723384283, 1385324.000004188157618 ], [ 550081.469925258657895, 1385815.999995443504304 ], [ 550573.490009930217639, 1385815.99999030563049 ] ] ], [ [ [ 550073.469932557549328, 1385816.000048868823797 ], [ 550073.429928687284701, 1385323.999963217414916 ], [ 549581.299929920583963, 1385324.000017313286662 ], [ 549581.319998146034777, 1385559.200058892602101 ], [ 549627.999956228304654, 1385588.000026863301173 ], [ 549677.999960977234878, 1385663.000036205165088 ], [ 549722.999949811492115, 1385696.000016893260181 ], [ 549752.000006711110473, 1385724.999987757066265 ], [ 549757.999961553374305, 1385735.999979396583512 ], [ 549779.999968783697113, 1385753.000051618553698 ], [ 549785.999941329821013, 1385786.999996002297848 ], [ 549796.999915601336397, 1385815.000011924654245 ], [ 549798.599955375888385, 1385815.999998968094587 ], [ 549841.309948708629236, 1385816.000003010965884 ], [ 549856.400002051726915, 1385815.999977126484737 ], [ 550073.469932557549328, 1385816.000048868823797 ] ] ], [ [ [ 548070.669969670241699, 1385457.930056121433154 ], [ 548070.679996290476993, 1385388.099976351950318 ], [ 547894.999938401975669, 1385445.000031644944102 ], [ 547775.000005707144737, 1385471.999971215613186 ], [ 547644.999930299120024, 1385511.999979450600222 ], [ 547581.999965271563269, 1385527.999975930666551 ], [ 547580.999947202973999, 1385528.000007801456377 ], [ 547580.999958166619763, 1385574.289965925272554 ], [ 547580.999944588867947, 1385725.839987098705024 ], [ 547581.000004025059752, 1385798.299967754865065 ], [ 547580.999949004384689, 1385816.00004931516014 ], [ 548070.639964579488151, 1385816.000001753913239 ], [ 548070.639930797624402, 1385798.300008745165542 ], [ 548070.649962113355286, 1385758.040013713994995 ], [ 548070.639958265936002, 1385749.960008884314448 ], [ 548070.669969670241699, 1385457.930056121433154 ] ] ], [ [ [ 547572.99992041173391, 1385576.590050592087209 ], [ 547572.999998597428203, 1385527.999965970870107 ], [ 547571.999980540014803, 1385527.999998154817149 ], [ 547278.999974953825586, 1385599.999976393999532 ], [ 547217.999972022254951, 1385629.000047213630751 ], [ 547082.000006911461242, 1385678.000049300026149 ], [ 547080.999941702350043, 1385678.329980623908341 ], [ 547080.999985317583196, 1385718.419977725017816 ], [ 547080.999920220114291, 1385725.839992144610733 ], [ 547080.999972547404468, 1385798.300027752527967 ], [ 547080.999933165148832, 1385815.99999901978299 ], [ 547572.999983026413247, 1385816.00000461214222 ], [ 547572.999935234896839, 1385798.300022508017719 ], [ 547572.999953291728161, 1385725.84004269563593 ], [ 547572.99992041173391, 1385576.590050592087209 ] ] ], [ [ [ 542071.9999939101981, 1385815.99997269641608 ], [ 542071.999994200072251, 1385323.999988079303876 ], [ 541592.219918095273897, 1385324.000044087413698 ], [ 541591.999998430721462, 1385325.000006923219189 ], [ 541591.999983374960721, 1385416.999966412549838 ], [ 541585.999993267934769, 1385417.000019568949938 ], [ 541587.000004117609933, 1385816.000059190904722 ], [ 542071.9999939101981, 1385815.99997269641608 ] ] ], [ [ [ 550073.48992124106735, 1385974.039976382628083 ], [ 550073.469936167588457, 1385823.99999873409979 ], [ 549856.399968332611024, 1385824.00002412754111 ], [ 549841.30991920013912, 1385824.000049863709137 ], [ 549811.359917250345461, 1385824.000027540372685 ], [ 549844.999975507613271, 1385872.999976489692926 ], [ 549992.409994463669136, 1385975.29004389164038 ], [ 550073.48992124106735, 1385974.039976382628083 ] ] ], [ [ [ 556672.999949805205688, 1386206.000004707835615 ], [ 556673.999977680621669, 1385825.000041411491111 ], [ 556080.999984140275046, 1385824.99998235469684 ], [ 556080.999929461162537, 1386204.999998353421688 ], [ 556672.999949805205688, 1386206.000004707835615 ] ] ], [ [ [ 553301.999980341992341, 1386208.000002968125045 ], [ 553481.99992052023299, 1386205.999961600173265 ], [ 553572.999943930073641, 1386204.01998659549281 ], [ 553572.99995298741851, 1386203.439977421425283 ], [ 553572.999952325597405, 1386202.290003784699365 ], [ 553573.000010961433873, 1385825.000042012659833 ], [ 553080.99998527567368, 1385825.000040128361434 ], [ 553080.999939701170661, 1385986.070001253159717 ], [ 553080.999948069569655, 1385986.909979586489499 ], [ 553080.999972778372467, 1386206.499980477849022 ], [ 553081.999923335388303, 1386205.999992951750755 ], [ 553301.999980341992341, 1386208.000002968125045 ] ] ], [ [ [ 554072.999989416799508, 1386209.000013360520825 ], [ 554072.999936016392894, 1385824.999995889374986 ], [ 554071.999919379130006, 1385824.999999982537702 ], [ 553580.999942929018289, 1385824.999970149016008 ], [ 553581.00000274030026, 1386204.000028608832508 ], [ 553749.999977916944772, 1386210.000000057043508 ], [ 553939.000006924849004, 1386211.000007269205526 ], [ 554072.999989416799508, 1386209.000013360520825 ] ] ], [ [ [ 556072.999917917069979, 1386204.779974516713992 ], [ 556072.999924656818621, 1385825.00005284929648 ], [ 555581.039990079705603, 1385825.000009346287698 ], [ 555580.999947514035739, 1386214.630020670127124 ], [ 555582.000001690583304, 1386214.000034041469917 ], [ 556072.999960812507197, 1386213.999985447851941 ], [ 556072.999917917069979, 1386204.779974516713992 ] ] ], [ [ [ 551571.999992361990735, 1386055.349961918080226 ], [ 551571.99999665026553, 1385824.999962257454172 ], [ 551081.999930234975182, 1385825.000055487500504 ], [ 551081.99999745702371, 1386208.109997282968834 ], [ 551571.99996360973455, 1386208.220048975199461 ], [ 551571.999992361990735, 1386055.349961918080226 ] ] ], [ [ [ 551074.00000558688771, 1386208.109966378891841 ], [ 551073.999929187819362, 1385825.00002863467671 ], [ 550581.479996516136453, 1385825.000008258735761 ], [ 550581.489920090534724, 1385932.099976737983525 ], [ 550581.519968202221207, 1386207.999972041230649 ], [ 551074.00000558688771, 1386208.109966378891841 ] ] ], [ [ [ 554571.999947967240587, 1386216.999990412266925 ], [ 554572.039977311622351, 1385824.999977244995534 ], [ 554081.989924285328016, 1385825.000040923245251 ], [ 554080.999971460551023, 1385824.99996422836557 ], [ 554080.999925626791082, 1386211.999984050868079 ], [ 554411.999931925791316, 1386213.000011889962479 ], [ 554443.99997522495687, 1386216.999995530582964 ], [ 554571.999947967240587, 1386216.999990412266925 ] ] ], [ [ [ 553072.999929704586975, 1385982.549979519098997 ], [ 553072.999961512628943, 1385825.000052377348766 ], [ 552582.000012160511687, 1385825.000018473481759 ], [ 552581.999935527099296, 1386213.989981159800664 ], [ 553073.000006377696991, 1386210.009976662695408 ], [ 553072.99993812746834, 1385983.390057294396684 ], [ 553072.999929704586975, 1385982.549979519098997 ] ] ], [ [ [ 552572.010005597607233, 1386212.010055048856884 ], [ 552572.009931221255101, 1385825.000002585351467 ], [ 552080.999976651626639, 1385824.99997400934808 ], [ 552080.99993579054717, 1386214.000015243189409 ], [ 552572.010005597607233, 1386212.010055048856884 ] ] ], [ [ [ 555031.999921699985862, 1386219.000006599584594 ], [ 555072.99993588111829, 1386216.999967010924593 ], [ 555073.009999401634559, 1386216.999986341921613 ], [ 555073.009924432612024, 1386215.92002509185113 ], [ 555072.999958621221595, 1386215.920005948282778 ], [ 555073.039998407592066, 1385875.000002209097147 ], [ 555073.049940008437261, 1385824.999992721481249 ], [ 554972.999967167037539, 1385824.999978721840307 ], [ 554582.039955580374226, 1385825.000012427102774 ], [ 554581.999987804330885, 1386219.000031495233998 ], [ 555031.999921699985862, 1386219.000006599584594 ] ] ], [ [ [ 555489.999937785789371, 1386226.000060334568843 ], [ 555497.999982029548846, 1386221.000023562926799 ], [ 555536.000009621493518, 1386223.000015210593119 ], [ 555573.010000081732869, 1386219.099969156552106 ], [ 555573.009921206976287, 1386216.569980029948056 ], [ 555572.999955196166411, 1386216.570060165133327 ], [ 555573.039936782326549, 1385825.000020390376449 ], [ 555081.039923517615534, 1385825.000021784799173 ], [ 555081.009941724478267, 1386122.249988206196576 ], [ 555081.020005271420814, 1386122.250007539056242 ], [ 555081.010002958588302, 1386219.000040780054405 ], [ 555266.999928424716927, 1386220.00003921915777 ], [ 555324.999930593068711, 1386225.000025584828109 ], [ 555380.999916689703241, 1386226.00004078540951 ], [ 555415.999954676139168, 1386234.000053571537137 ], [ 555436.999944667564705, 1386228.999969391617924 ], [ 555489.999937785789371, 1386226.000060334568843 ] ] ], [ [ [ 550573.509999950416386, 1386242.460048173321411 ], [ 550573.489945007255301, 1385992.490008716937155 ], [ 550573.50000854046084, 1385992.490026465849951 ], [ 550573.489954380202107, 1385932.099988976493478 ], [ 550573.489971591858193, 1385824.000044765183702 ], [ 550081.469926463440061, 1385824.000044839922339 ], [ 550081.489952477859333, 1385976.510023851878941 ], [ 550121.000009332085028, 1385984.999989442760125 ], [ 550135.000008702627383, 1385986.999986154725775 ], [ 550137.999938775552437, 1386016.999977477127686 ], [ 550202.999956498853862, 1386044.999965096823871 ], [ 550264.999971916899085, 1386060.999988315161318 ], [ 550300.999940623878501, 1386095.999963665846735 ], [ 550393.999988837516867, 1386160.000003197230399 ], [ 550460.999916581320576, 1386202.000059894984588 ], [ 550540.999944014125504, 1386234.999973071273416 ], [ 550572.999919015797786, 1386241.999976289691404 ], [ 550573.509999950416386, 1386242.460048173321411 ] ] ], [ [ [ 548070.590373485698365, 1386276.030044668586925 ], [ 548070.639940461493097, 1385824.000030626542866 ], [ 547868.999986922484823, 1385823.999991193180904 ], [ 547859.999992916244082, 1385824.070001575862989 ], [ 547860.000012055854313, 1385823.999987323535606 ], [ 547580.999963936861604, 1385823.999973939964548 ], [ 547580.999932436970994, 1386315.000003510853276 ], [ 548070.590001531410962, 1386314.999976458027959 ], [ 548070.589985108235851, 1386286.749992605065927 ], [ 548070.590373485698365, 1386276.030044668586925 ] ] ], [ [ [ 547573.00000780983828, 1386315.000053401105106 ], [ 547573.00000001990702, 1385824.000028613489121 ], [ 547080.999989694333635, 1385824.000018253456801 ], [ 547080.999921508482657, 1386315.000044656917453 ], [ 547082.000009221141227, 1386314.999996432336047 ], [ 547573.00000780983828, 1386315.000053401105106 ] ] ], [ [ [ 547072.99991848366335, 1385720.730044929077849 ], [ 547072.999957033200189, 1385680.999965082854033 ], [ 546931.999943622155115, 1385724.999966907780617 ], [ 546900.999994521262124, 1385728.000044827815145 ], [ 546834.99992724461481, 1385746.000008123926818 ], [ 546746.999989512376487, 1385780.999976842897013 ], [ 546683.000003226101398, 1385796.999983995454386 ], [ 546660.999986939365044, 1385810.000045342603698 ], [ 546582.999969730502926, 1385834.999976447783411 ], [ 546581.999964312184602, 1385835.180050818482414 ], [ 546581.999928345205262, 1385862.269966781837866 ], [ 546582.000007439637557, 1386218.380003069061786 ], [ 546581.999926895368844, 1386314.999988042050973 ], [ 547072.000012288917787, 1386314.999984414316714 ], [ 547073.000002125976607, 1386315.000035167438909 ], [ 547072.999933324521407, 1385824.000013336073607 ], [ 547072.999972261139192, 1385815.999994337325916 ], [ 547073.000006712973118, 1385798.300023235147819 ], [ 547072.999934167251922, 1385725.83998830197379 ], [ 547072.99991848366335, 1385720.730044929077849 ] ] ], [ [ [ 546573.99996274150908, 1385864.570026668952778 ], [ 546573.999987669871189, 1385836.640040287747979 ], [ 546571.999977418221533, 1385836.999990787124261 ], [ 546547.999986351816915, 1385840.999968079850078 ], [ 546498.99998805904761, 1385863.000000802567229 ], [ 546453.999970626551658, 1385887.000008972361684 ], [ 546377.999974107486196, 1385903.000043720938265 ], [ 546376.999986209557392, 1385919.000043307896703 ], [ 546317.999984912690707, 1385929.000050141941756 ], [ 546316.999933242797852, 1385945.000050812959671 ], [ 546242.999987000948749, 1385959.000008807517588 ], [ 546226.999918006360531, 1385970.000047100009397 ], [ 546181.999936604755931, 1385974.999983352608979 ], [ 546151.999964766437188, 1385993.00001664320007 ], [ 546144.999947411706671, 1386003.999966861214489 ], [ 546120.999972239602357, 1386007.9999967336189 ], [ 546103.999971688957885, 1386017.00000708643347 ], [ 546081.999948222190142, 1386018.000036222161725 ], [ 546081.379919517086819, 1386018.000034304335713 ], [ 546081.329919625772163, 1386314.999964796938002 ], [ 546082.330005966941826, 1386314.999981157016009 ], [ 546574.000012528384104, 1386315.000018344959244 ], [ 546573.999968405230902, 1386218.380034103989601 ], [ 546573.99996274150908, 1385864.570026668952778 ] ] ], [ [ [ 546073.329939918476157, 1386218.380009769229218 ], [ 546073.36996165511664, 1386017.999992094933987 ], [ 546072.999957128195092, 1386017.99999428470619 ], [ 546013.999990898068063, 1386020.999998796032742 ], [ 545926.999970545177348, 1386036.999968940857798 ], [ 545864.999969097552821, 1386051.00002248538658 ], [ 545834.000008915201761, 1386051.999968263786286 ], [ 545806.999928566277958, 1386061.99996901745908 ], [ 545764.99991816887632, 1386065.999986367998645 ], [ 545703.000003573019058, 1386078.999999467749149 ], [ 545636.999945821473375, 1386086.000013231998309 ], [ 545581.999961790745147, 1386112.00003766734153 ], [ 545581.999951119883917, 1386150.54001702927053 ], [ 545582.000008724629879, 1386224.74005197477527 ], [ 545581.99993650324177, 1386285.13000589935109 ], [ 545581.999926952179521, 1386314.999975128332153 ], [ 546072.339987270301208, 1386315.000035491306335 ], [ 546073.330010234727524, 1386315.000035365112126 ], [ 546073.349969022208825, 1386218.38004195690155 ], [ 546073.329939918476157, 1386218.380009769229218 ] ] ], [ [ [ 544560.999994201119989, 1385651.000032974639907 ], [ 543842.999926229822449, 1385232.000056946882978 ], [ 543660.999933023471385, 1385582.000037969090044 ], [ 543947.999934997758828, 1385577.0000249450095 ], [ 544235.000010795891285, 1385630.999991832533851 ], [ 544393.999949439079501, 1385722.99997105402872 ], [ 544559.399986079894006, 1385767.83997348183766 ], [ 544557.999921587877907, 1385869.999966866802424 ], [ 544986.000011695548892, 1386270.999973838916048 ], [ 544982.999953706515953, 1386320.000037798192352 ], [ 545076.999921873677522, 1386320.000003737863153 ], [ 545078.000006851507351, 1386319.999985068337992 ], [ 545077.999994801473804, 1385951.00001926952973 ], [ 544560.999994201119989, 1385651.000032974639907 ] ] ], [ [ [ 542502.339974907808937, 1385906.969987562391907 ], [ 542471.140012431074865, 1385646.700027945684269 ], [ 542502.870009675389156, 1385611.950055432273075 ], [ 542526.829972045379691, 1385585.720039402134717 ], [ 542572.920006764004938, 1385415.749972332501784 ], [ 542572.999927333788946, 1385414.829966017510742 ], [ 542572.999983738176525, 1385324.00005401391536 ], [ 542081.999982916750014, 1385324.00003542099148 ], [ 542081.999939359957352, 1385611.949961396399885 ], [ 542082.000006514717825, 1385816.000025443732738 ], [ 542148.489981687394902, 1385815.999808588530868 ], [ 542149.879984028986655, 1385823.999935411382467 ], [ 542081.999991941265762, 1385823.999998308252543 ], [ 542081.999929448473267, 1386316.00005440111272 ], [ 542367.999945786898024, 1386316.000032432377338 ], [ 542565.999959575943649, 1386316.000059064012021 ], [ 542538.830007537151687, 1386122.130026379134506 ], [ 542520.069940889254212, 1386025.739961229963228 ], [ 542514.339958262280561, 1385996.330022698501125 ], [ 542502.339974907808937, 1385906.969987562391907 ] ] ], [ [ [ 542071.999993515433744, 1386315.999996307305992 ], [ 542071.999981980305165, 1385824.000044927932322 ], [ 542058.91994966508355, 1385824.000053063267842 ], [ 541587.229927523992956, 1385823.999963393900543 ], [ 541579.999929232639261, 1385824.000021639512852 ], [ 541580.999923413153738, 1386024.999986524926499 ], [ 541585.999988228897564, 1386024.999977802159265 ], [ 541585.999977124505676, 1386316.000059619080275 ], [ 542059.000008445116691, 1386316.000015407335013 ], [ 542071.999993515433744, 1386315.999996307305992 ] ] ], [ [ [ 545276.999924703268334, 1386363.000007219379768 ], [ 545285.999935399973765, 1386330.999982816865668 ], [ 545287.129982641898096, 1386323.999961329624057 ], [ 545287.999962020316161, 1386316.000038157450035 ], [ 545573.99999616201967, 1386315.999974567675963 ], [ 545573.999926145654172, 1386285.130017009098083 ], [ 545573.999981675529853, 1386224.739964177366346 ], [ 545573.999959956621751, 1386152.840052430750802 ], [ 545573.99995815125294, 1386114.670034237205982 ], [ 545572.999927152763121, 1386115.000017168466002 ], [ 545534.999964689835906, 1386129.000045286025852 ], [ 545496.999973462545313, 1386150.000040540937334 ], [ 545452.999943232396618, 1386164.000002603745088 ], [ 545436.999998314888217, 1386162.00002556364052 ], [ 545400.000011638156138, 1386140.000051313778386 ], [ 545376.999994513345882, 1386133.000023960601538 ], [ 545364.999958672211505, 1386118.00000939401798 ], [ 545282.999951225239784, 1386066.999986726557836 ], [ 545247.999994847923517, 1386052.999998234445229 ], [ 545215.000008888542652, 1386024.000008003087714 ], [ 545182.999990651849657, 1385999.999982028035447 ], [ 545128.99994486826472, 1385974.999983027810231 ], [ 545082.000003917841241, 1385971.999982031295076 ], [ 545081.999950803816319, 1386330.999976030783728 ], [ 545082.999937545042485, 1386331.000056845834479 ], [ 545108.999966787756421, 1386333.000058172270656 ], [ 545133.999919969355687, 1386334.000012460630387 ], [ 545155.9999475000659, 1386331.999973254511133 ], [ 545223.999964110786095, 1386344.00001265341416 ], [ 545269.999976973747835, 1386371.999984184512869 ], [ 545276.999924703268334, 1386363.000007219379768 ] ] ], [ [ [ 550982.999996590078808, 1386436.000027446774766 ], [ 551049.999990435317159, 1386431.000048963120207 ], [ 551073.999951467732899, 1386432.000031332252547 ], [ 551073.999993451987393, 1386324.000028660986573 ], [ 551073.999981553992257, 1386315.999966129893437 ], [ 551073.999938067281619, 1386218.020014263922349 ], [ 550581.520009815925732, 1386218.000018170103431 ], [ 550581.519959986326285, 1386243.889984581619501 ], [ 550581.509994244435802, 1386243.88996699918061 ], [ 550581.509938669623807, 1386249.569996371632442 ], [ 550581.999945440446027, 1386249.999998354585841 ], [ 550614.999921394279227, 1386266.999971119919792 ], [ 550707.999970136210322, 1386306.000017777550966 ], [ 550790.999999677645974, 1386355.000011871336028 ], [ 550844.99993540730793, 1386374.999966637697071 ], [ 550982.999996590078808, 1386436.000027446774766 ] ] ], [ [ [ 548349.99993104825262, 1386484.999965482391417 ], [ 548366.999961809138767, 1386482.00002756761387 ], [ 548378.999959823908284, 1386482.999982254346833 ], [ 548388.999942362541333, 1386481.999962937785313 ], [ 548391.999997327453457, 1386482.000054982258007 ], [ 548395.999967997893691, 1386481.000053387833759 ], [ 548401.999938381719403, 1386479.00005602138117 ], [ 548402.999952138750814, 1386477.999962467700243 ], [ 548406.999923806637526, 1386476.999962372239679 ], [ 548407.999937643529847, 1386475.999968437710777 ], [ 548412.999979880056344, 1386471.999991247663274 ], [ 548411.999966070754454, 1386466.000040691113099 ], [ 548408.999922572635114, 1386455.00003421981819 ], [ 548405.999918879126199, 1386446.000012337928638 ], [ 548405.99992934288457, 1386428.000056580407545 ], [ 548406.999983310350217, 1386408.0000156306196 ], [ 548407.000011022901163, 1386407.000023676082492 ], [ 548405.999963903799653, 1386395.000022256746888 ], [ 548408.999943833099678, 1386391.000048205023631 ], [ 548412.999955652514473, 1386389.000056638149545 ], [ 548417.519977807882242, 1386387.499995110789314 ], [ 548385.999944421462715, 1386255.000008720904589 ], [ 548415.999966384842992, 1386102.999980551190674 ], [ 548191.999928224366158, 1385879.00005575013347 ], [ 548163.569970964454114, 1385809.87004870804958 ], [ 548159.000000069499947, 1385810.000015886966139 ], [ 548155.000000694650225, 1385807.999979813350365 ], [ 548150.999964625458233, 1385808.000026262365282 ], [ 548134.99995344330091, 1385806.000036446144804 ], [ 548116.999986387207173, 1385805.999964419752359 ], [ 548088.999961251625791, 1385804.000058071222156 ], [ 548084.99992512143217, 1385804.000014292774722 ], [ 548084.999940804904327, 1385803.000023127999157 ], [ 548075.99998836114537, 1386468.000002132961527 ], [ 548077.999960169079714, 1386467.99997517443262 ], [ 548085.999961580033414, 1386466.99997675861232 ], [ 548097.000002183252946, 1386467.000033294782043 ], [ 548101.999995257006958, 1386469.000052701449022 ], [ 548113.999923693249002, 1386469.000003576511517 ], [ 548127.999957818421535, 1386467.000052311457694 ], [ 548139.999985178583302, 1386467.00001421244815 ], [ 548146.999984874506481, 1386467.000035717152059 ], [ 548148.999975712853484, 1386466.000022030435503 ], [ 548162.999937260872684, 1386468.000054532894865 ], [ 548173.000012302887626, 1386467.000059569254518 ], [ 548179.999992583529092, 1386467.999981404282153 ], [ 548188.999964464223012, 1386467.999993476783857 ], [ 548215.999978430336341, 1386468.000046806875616 ], [ 548236.999979287269525, 1386467.999973251949996 ], [ 548262.000000042724423, 1386468.999978138832375 ], [ 548284.999949935008772, 1386470.000017096288502 ], [ 548293.999948529759422, 1386473.000037902034819 ], [ 548298.999928195378743, 1386474.999992732191458 ], [ 548307.000010980642401, 1386475.000047836918384 ], [ 548307.99999692896381, 1386475.000042406842113 ], [ 548328.999919853406027, 1386478.000012142118067 ], [ 548330.999989299452864, 1386478.000003023538738 ], [ 548334.999954463681206, 1386481.000060248887166 ], [ 548339.999955583480187, 1386482.000030462397262 ], [ 548349.99993104825262, 1386484.999965482391417 ] ] ], [ [ [ 551571.999990107957274, 1386550.349987601861358 ], [ 551572.000005572917871, 1386536.060037020361051 ], [ 551571.999953463091515, 1386525.500057296361774 ], [ 551571.999958808068186, 1386320.00001043616794 ], [ 551571.999983741203323, 1386218.03999952506274 ], [ 551081.99992717220448, 1386218.020045261830091 ], [ 551081.999943319242448, 1386315.999998117797077 ], [ 551081.999953162041493, 1386323.999961277702823 ], [ 551081.999953397084028, 1386433.330043677473441 ], [ 551185.999953573220409, 1386468.000045500230044 ], [ 551335.999982944689691, 1386482.000009679002687 ], [ 551350.999957610736601, 1386492.999979981919751 ], [ 551372.000001808744855, 1386520.000004606088623 ], [ 551416.999931786558591, 1386549.000017880229279 ], [ 551442.000001834356226, 1386552.000010292278603 ], [ 551520.999976014834829, 1386549.999991894001141 ], [ 551572.000010363059118, 1386554.900044945301488 ], [ 551571.999990107957274, 1386550.349987601861358 ] ] ], [ [ [ 552072.999974409467541, 1386215.000000617699698 ], [ 552072.999964357702993, 1385824.999966846778989 ], [ 551769.679983209236525, 1385824.999990741722286 ], [ 551581.98996565840207, 1385825.000027440721169 ], [ 551581.989978824509308, 1386055.35003021825105 ], [ 551581.989950942690484, 1386319.999982831766829 ], [ 551581.989994840580039, 1386525.269998595584184 ], [ 551581.989945572568104, 1386535.829978270456195 ], [ 551581.989996649441309, 1386548.180006129434332 ], [ 551637.999959915410727, 1386557.999965715454891 ], [ 551677.999971128068864, 1386572.999998391838744 ], [ 551692.999920386471786, 1386571.999999649589881 ], [ 551700.00000344007276, 1386566.000016482081264 ], [ 551699.999990560347214, 1386220.000015578465536 ], [ 551769.999955158331431, 1386220.000026326626539 ], [ 552040.999980934895575, 1386220.000060012796894 ], [ 552048.999971351702698, 1386214.999979936052114 ], [ 552072.999974409467541, 1386215.000000617699698 ] ] ], [ [ [ 545573.999956474755891, 1386656.889971522148699 ], [ 545573.999979583895765, 1386323.999981886707246 ], [ 545290.969992748228833, 1386323.999961235094815 ], [ 545290.189927988685668, 1386325.54997849627398 ], [ 545285.999996576574631, 1386351.000044496264309 ], [ 545285.999959715176374, 1386371.000006839400157 ], [ 545324.999933686573058, 1386395.999987870454788 ], [ 545381.999957019113936, 1386440.000050050206482 ], [ 545443.999988500378095, 1386507.000037029618397 ], [ 545475.99999089341145, 1386569.000052364077419 ], [ 545501.999963480862789, 1386604.000041757011786 ], [ 545572.999930025544018, 1386655.999977662228048 ], [ 545573.999956474755891, 1386656.889971522148699 ] ] ], [ [ [ 548070.529955179430544, 1386816.439962802454829 ], [ 548070.549977380083874, 1386664.999964768998325 ], [ 548070.549991935025901, 1386677.68996460060589 ], [ 548070.56995477154851, 1386566.000022526597604 ], [ 548070.589940483798273, 1386324.99999099946581 ], [ 547971.999934211024083, 1386325.00003175996244 ], [ 547922.000008372124285, 1386325.000045128632337 ], [ 547732.01001210254617, 1386325.000032191164792 ], [ 547580.999944462557323, 1386325.000012099742889 ], [ 547580.99999584199395, 1386796.340011870721355 ], [ 547865.999999685678631, 1386808.039990410441533 ], [ 547947.979999771923758, 1386811.410030036233366 ], [ 548070.529955179430544, 1386816.439962802454829 ] ] ], [ [ [ 547573.000005450681783, 1386816.000053541734815 ], [ 547572.999925088370219, 1386324.999962281668559 ], [ 547081.99999989697244, 1386324.999998864717782 ], [ 547081.999990613432601, 1386815.999992854427546 ], [ 547573.000005450681783, 1386816.000053541734815 ] ] ], [ [ [ 547071.999966021045111, 1386621.609965709038079 ], [ 547072.000006454298273, 1386324.999986723763868 ], [ 546581.999994274461642, 1386324.999984517227858 ], [ 546582.000008694594726, 1386621.750014340272173 ], [ 546581.999951661680825, 1386815.999978513689712 ], [ 547071.999973060330376, 1386815.999974677106366 ], [ 547071.999966021045111, 1386621.609965709038079 ] ] ], [ [ [ 546573.999968371586874, 1386621.75998667976819 ], [ 546573.999984996742569, 1386325.000014575896785 ], [ 546082.329954525106587, 1386324.99997143400833 ], [ 546082.279991710791364, 1386621.900014551822096 ], [ 546082.249953306280077, 1386816.000039194477722 ], [ 546573.999981715343893, 1386816.000003889435902 ], [ 546573.999968371586874, 1386621.75998667976819 ] ] ], [ [ [ 546072.290008871350437, 1386633.309987805550918 ], [ 546072.339939318597317, 1386325.000025660498068 ], [ 545581.999952170881443, 1386325.000059036770836 ], [ 545581.999949480872601, 1386633.000029626302421 ], [ 545581.999986237613484, 1386663.999978276435286 ], [ 545618.999948148848489, 1386705.999998637242243 ], [ 545644.999916944885626, 1386721.000055787386373 ], [ 545658.99999015731737, 1386738.999978787498549 ], [ 545679.999921595910564, 1386758.000015799421817 ], [ 545725.999916063738056, 1386816.000036326004192 ], [ 545746.740003257058561, 1386816.000019883271307 ], [ 545757.459963525063358, 1386816.000029023271054 ], [ 545987.690006401506253, 1386816.000000018859282 ], [ 546072.25043699995149, 1386815.999972858699039 ], [ 546072.290008871350437, 1386633.309987805550918 ] ] ], [ [ [ 543927.999953899998218, 1386616.00003721145913 ], [ 543893.999928953708149, 1386589.000020037172362 ], [ 543871.999926741002128, 1386582.00004449672997 ], [ 543769.999995434656739, 1386579.999965310562402 ], [ 543766.999928362201899, 1386586.999964253045619 ], [ 543645.999978784704581, 1386596.999997269827873 ], [ 543625.99992161244154, 1386610.000002718064934 ], [ 543606.999943559290841, 1386604.000011328374967 ], [ 543584.999980203108862, 1386606.000035885022953 ], [ 543565.999922039918602, 1386620.999984394060448 ], [ 543566.99993511964567, 1386673.999987343791872 ], [ 543553.999962822301313, 1386706.999968502437696 ], [ 543537.999951859819703, 1386772.000035206088796 ], [ 543531.999928133795038, 1386815.999970820033923 ], [ 543555.279986437526532, 1386816.000039051054046 ], [ 543573.509986642166041, 1386816.000005345093086 ], [ 543581.509927076054737, 1386816.000037440797314 ], [ 543833.669981611194089, 1386816.000052392249927 ], [ 543895.489918556064367, 1386816.000000816537067 ], [ 544073.999998274026439, 1386816.000001384643838 ], [ 544073.99993338342756, 1386705.440022020367905 ], [ 544072.119969882187434, 1386705.310031670378521 ], [ 544071.999917861190625, 1386691.000038134865463 ], [ 543927.999953899998218, 1386616.00003721145913 ] ] ], [ [ [ 542520.999970063217916, 1386816.000050369882956 ], [ 542545.999929873272777, 1386662.000035909703001 ], [ 542545.999941269401461, 1386615.000033496180549 ], [ 542545.650005849194713, 1386614.650041332002729 ], [ 542544.999986182898283, 1386614.000055686570704 ], [ 542550.999925779760815, 1386567.999996068887413 ], [ 542551.999925228068605, 1386464.000040057348087 ], [ 542557.999917453969829, 1386463.000011822674423 ], [ 542557.999932545237243, 1386323.999996132683009 ], [ 542082.000007997616194, 1386324.000030095688999 ], [ 542081.99994413589593, 1386615.000028745271266 ], [ 542081.999957974301651, 1386765.899967526318505 ], [ 542183.169969725306146, 1386765.900026310700923 ], [ 542183.379946426139213, 1386816.000028615584597 ], [ 542520.829970890074037, 1386815.999997029080987 ], [ 542520.999970063217916, 1386816.000050369882956 ] ] ], [ [ [ 542183.160006138496101, 1386816.21004480891861 ], [ 542183.159938773373142, 1386766.21000190009363 ], [ 542082.159927510540001, 1386766.209993846947327 ], [ 542082.159975695540197, 1386816.210031207418069 ], [ 542183.160006138496101, 1386816.21004480891861 ] ] ], [ [ [ 542072.000000341795385, 1386815.999989423202351 ], [ 542072.000005746725947, 1386562.889974744757637 ], [ 542071.999977153143845, 1386323.999971775570884 ], [ 541582.509974973858334, 1386324.000040399376303 ], [ 541581.999984117690474, 1386324.999980790540576 ], [ 541580.999940929235891, 1386563.000006424030289 ], [ 541580.999955748557113, 1386563.999990583630279 ], [ 541579.999984203837812, 1386616.999987425049767 ], [ 541586.999988983618096, 1386616.999999450519681 ], [ 541586.999957495834678, 1386689.000055436044931 ], [ 541593.99994488270022, 1386688.999970238655806 ], [ 541592.999964661779813, 1386764.000023579923436 ], [ 541597.909960026037879, 1386815.999969226075336 ], [ 542072.000000341795385, 1386815.999989423202351 ] ] ], [ [ [ 550073.589995439862832, 1387251.149984758114442 ], [ 550073.579973931889981, 1387126.919999659992754 ], [ 550073.589939361787401, 1387126.920017077121884 ], [ 550073.589925790438429, 1387107.529967474285513 ], [ 550072.999958351952955, 1387107.000048140063882 ], [ 550068.999973575701006, 1387105.000030150637031 ], [ 549870.999934304505587, 1387023.999961480498314 ], [ 549862.99995705508627, 1387017.000001795822755 ], [ 549840.999933993560262, 1387016.000019677216187 ], [ 549808.999935218365863, 1387001.000055242097005 ], [ 549780.999988548690453, 1386990.999986718641594 ], [ 549710.999953111400828, 1386950.000033778138459 ], [ 549632.999977523693815, 1386902.999964842805639 ], [ 549623.99995378497988, 1386893.000052787363529 ], [ 549582.999961592140608, 1386875.000001884065568 ], [ 549581.469953891588375, 1386874.719981842441484 ], [ 549581.489959527156316, 1387168.610020730644464 ], [ 549581.499929971527308, 1387316.000012114178389 ], [ 549797.999968604068272, 1387316.000018171966076 ], [ 549884.999985291040502, 1387316.000021605985239 ], [ 550073.599938678788021, 1387315.999982901616022 ], [ 550073.589995439862832, 1387251.149984758114442 ] ] ], [ [ [ 549571.999998380313627, 1386872.999978637788445 ], [ 549397.000009940122254, 1386782.999999695690349 ], [ 549240.999957426334731, 1386783.000050575472414 ], [ 549081.999983065295964, 1386824.999998863087967 ], [ 549080.999958913540468, 1386825.199975409777835 ], [ 549080.999983864719979, 1386853.080042846733704 ], [ 549080.99997803545557, 1387168.609989286866039 ], [ 549080.999942406429909, 1387251.149970965925604 ], [ 549080.999919892987236, 1387315.999968347605318 ], [ 549573.499970629578456, 1387315.999990712385625 ], [ 549573.489970047026873, 1387251.150034561753273 ], [ 549573.459930858807638, 1386885.209986966103315 ], [ 549573.459971593576483, 1386873.270031229360029 ], [ 549571.999998380313627, 1386872.999978637788445 ] ] ], [ [ [ 548070.530001483741216, 1386824.450041857780889 ], [ 547580.999983938061632, 1386804.349986396497115 ], [ 547580.999985653324984, 1386816.000008691335097 ], [ 547580.999990063719451, 1386824.000038143247366 ], [ 547581.000007480150089, 1387315.000000982312486 ], [ 547925.530003191437572, 1387314.999992694240063 ], [ 548070.489949302049354, 1387315.000015618978068 ], [ 548070.510001753573306, 1387076.080005071358755 ], [ 548070.529979541548528, 1386910.369981359690428 ], [ 548070.530001483741216, 1386824.450041857780889 ] ] ], [ [ [ 547572.999971193145029, 1387315.0000408180058 ], [ 547573.000012252596207, 1386823.999983466230333 ], [ 547081.9999389143195, 1386824.00001730537042 ], [ 547082.000006879796274, 1387314.999977705767378 ], [ 547572.999971193145029, 1387315.0000408180058 ] ] ], [ [ [ 547071.999967917101458, 1387315.00005285651423 ], [ 547071.999924151343293, 1386823.999999041203409 ], [ 546581.999941838555969, 1386823.999998179730028 ], [ 546581.999979644198902, 1387315.000058032106608 ], [ 547071.999967917101458, 1387315.00005285651423 ] ] ], [ [ [ 546477.61543901078403, 1386873.990024555008858 ], [ 546574.019945627078414, 1386873.99001046968624 ], [ 546574.019921441562474, 1386823.990011241519824 ], [ 546473.019970112713054, 1386823.990037214243785 ], [ 546473.01999059971422, 1386873.980482941260561 ], [ 546472.769974575843662, 1386873.979978022631258 ], [ 546472.659925180836581, 1386823.999995239311829 ], [ 546082.249594488181174, 1386824.000053493538871 ], [ 546082.160007885308005, 1387314.99997255182825 ], [ 546573.999953788123094, 1387314.999979040818289 ], [ 546573.99998272373341, 1386874.1899760349188 ], [ 546477.61543901078403, 1386873.990024555008858 ] ] ], [ [ [ 546072.169946987763979, 1387315.000014940975234 ], [ 546072.249983271118253, 1386823.999986909329891 ], [ 545987.689967081067152, 1386824.000013921642676 ], [ 545762.139967670780607, 1386824.000055029755458 ], [ 545746.999916031141765, 1386824.000048665562645 ], [ 545748.000004079542123, 1386844.000033653341234 ], [ 545760.000009896466509, 1386864.999968462157995 ], [ 545809.999962684814818, 1386933.000054181320593 ], [ 545836.999982290551998, 1387014.999982974957675 ], [ 545855.999951795325615, 1387084.000010217772797 ], [ 545866.999963096226566, 1387101.000032643321902 ], [ 545875.000009283539839, 1387142.999963604146615 ], [ 545886.999935984029435, 1387178.000014082994312 ], [ 545906.999936681822874, 1387224.000044286018237 ], [ 545912.99992114235647, 1387250.000038189813495 ], [ 545941.999965745140798, 1387279.999972141813487 ], [ 545953.999984708847478, 1387313.999969753902406 ], [ 545987.299956197966821, 1387314.000002601882443 ], [ 545987.269920253427699, 1387315.000043485080823 ], [ 546072.169946987763979, 1387315.000014940975234 ] ] ], [ [ [ 544145.999920601723716, 1386714.000057914527133 ], [ 544100.999992836616002, 1386705.999998843530193 ], [ 544081.999927479191683, 1386706.000006604939699 ], [ 544081.999943576054648, 1386815.99997429177165 ], [ 544081.999947734409943, 1386823.999970450764522 ], [ 544081.999933730228804, 1387314.99997879518196 ], [ 544789.999966977164149, 1387314.999977727653459 ], [ 544788.999924022937194, 1387292.999965952010825 ], [ 544762.999965572031215, 1387276.999992978526279 ], [ 544739.999928088509478, 1387254.00003900937736 ], [ 544710.999940731562674, 1387236.000029292190447 ], [ 544669.999958662083372, 1387192.000046805245802 ], [ 544654.999996247352101, 1387185.000018256017938 ], [ 544642.000003103516065, 1387171.000015905592591 ], [ 544614.999982388224453, 1387153.00004315469414 ], [ 544585.999935094732791, 1387138.000031284289435 ], [ 544486.999958099797368, 1387032.999983251560479 ], [ 544483.999955736566335, 1387022.000035653589293 ], [ 544450.99993012228515, 1386979.999961428809911 ], [ 544412.999919423949905, 1386948.000011056428775 ], [ 544388.999919116380624, 1386942.999979767948389 ], [ 544379.999937618151307, 1386929.000037773279473 ], [ 544311.999936305452138, 1386875.000004271510988 ], [ 544301.000012096366845, 1386847.000058174831793 ], [ 544275.999949162825942, 1386837.000034984434023 ], [ 544273.999995787045918, 1386820.000044771237299 ], [ 544236.999977262225002, 1386789.999974581878632 ], [ 544226.999916098779067, 1386762.000014165882021 ], [ 544193.999953693943098, 1386732.000012011965737 ], [ 544145.999920601723716, 1386714.000057914527133 ] ] ], [ [ [ 544073.999932358972728, 1387315.000001236330718 ], [ 544074.000004672445357, 1386823.999997480073944 ], [ 543895.489974780823104, 1386823.999995358288288 ], [ 543833.66995739156846, 1386824.000046248082072 ], [ 543573.52000050758943, 1386824.000012104166672 ], [ 543553.969969725818373, 1386824.000028390204534 ], [ 543526.999953628634103, 1386824.00002481834963 ], [ 543523.999929862562567, 1386915.999993289122358 ], [ 543510.999962062574923, 1386937.00005647004582 ], [ 543491.999961390625685, 1387007.999990719836205 ], [ 543485.999954763567075, 1387092.999985652742907 ], [ 543491.999999478808604, 1387105.999968267511576 ], [ 543494.999921924667433, 1387183.000012796372175 ], [ 543508.999974407139234, 1387262.000032326206565 ], [ 543516.999984988127835, 1387293.000037749763578 ], [ 543525.999978557229042, 1387314.000007404014468 ], [ 543525.16997042298317, 1387315.000025938497856 ], [ 543777.099931783392094, 1387315.000032220734283 ], [ 543837.509965860983357, 1387315.000023460946977 ], [ 544073.999932358972728, 1387315.000001236330718 ] ] ], [ [ [ 542520.999970063217916, 1386816.000050369882956 ], [ 542514.769938939018175, 1386824.000038027996197 ], [ 542513.979931092471816, 1386824.000059409765527 ], [ 542081.999933505896479, 1386824.00003123935312 ], [ 542081.999967784620821, 1387094.000044330023229 ], [ 542081.999960222863592, 1387158.06005187262781 ], [ 542081.999954654485919, 1387310.039990067947656 ], [ 542081.999995677964762, 1387315.000035990495235 ], [ 542487.089924465864897, 1387314.999983709305525 ], [ 542492.999938748078421, 1387249.00005243299529 ], [ 542493.999955235980451, 1387162.999992542900145 ], [ 542485.629957455559634, 1387157.979993689339608 ], [ 542484.059966591885313, 1387157.029991538729519 ], [ 542483.999925887561403, 1387156.999967585317791 ], [ 542409.999939777189866, 1387157.000422933604568 ], [ 542410.9999222853221, 1387109.000017115846276 ], [ 542404.00000613136217, 1387103.999972660560161 ], [ 542404.43993931740988, 1387093.840056123444811 ], [ 542405.000004469184205, 1387080.999998594634235 ], [ 542399.000009254319593, 1387078.000014063203707 ], [ 542397.999934404622763, 1387052.000008639413863 ], [ 542406.999989611795172, 1387036.000036830315366 ], [ 542429.000005581532605, 1387040.000027466565371 ], [ 542437.999992148950696, 1387035.999988818774 ], [ 542447.999954616068862, 1387025.000044831074774 ], [ 542495.999983468442224, 1387012.999964508926496 ], [ 542499.999921222799458, 1387001.999990898184478 ], [ 542504.999918156303465, 1386942.000028027454391 ], [ 542511.000010946649127, 1386919.000015902100131 ], [ 542510.999978921492584, 1386872.000007093884051 ], [ 542513.9999418099178, 1386824.999974976992235 ], [ 542520.999970063217916, 1386816.000050369882956 ] ] ], [ [ [ 542071.99999451811891, 1387309.959962058579549 ], [ 542071.999979402171448, 1386823.999967572977766 ], [ 541599.99998473119922, 1386823.99999369494617 ], [ 541599.999925813870504, 1386848.000015577999875 ], [ 541635.999960037996061, 1386873.999979773769155 ], [ 541630.000006462913007, 1386899.000022316118702 ], [ 541628.999979694490321, 1386916.999979739077389 ], [ 541636.000009263982065, 1386917.000006029615179 ], [ 541637.999972683959641, 1386928.000055737094954 ], [ 541614.999949741759337, 1386933.999965754104778 ], [ 541601.999919688561931, 1386924.000040935119614 ], [ 541601.999974323087372, 1386971.000004797242582 ], [ 541595.999918548041023, 1386971.000045710243285 ], [ 541594.999937797663733, 1387019.000035214936361 ], [ 541589.999948621843942, 1387019.000037114834413 ], [ 541583.999975490500219, 1387030.999993206933141 ], [ 541583.999966836650856, 1387057.999971516197547 ], [ 541571.999973079073243, 1387076.99996493360959 ], [ 541570.999954902334139, 1387140.000023278174922 ], [ 541567.829996572225355, 1387139.99999862886034 ], [ 541567.849941209075041, 1387222.139980777166784 ], [ 541578.999985679751262, 1387223.000007130904123 ], [ 541578.999949500896037, 1387262.000002859625965 ], [ 541584.000007834052667, 1387262.999985063681379 ], [ 541584.999957977095619, 1387263.000044266460463 ], [ 541583.999961648019962, 1387315.999965919647366 ], [ 542071.999916529748589, 1387316.000051402719691 ], [ 542071.999974637757987, 1387310.040020508691669 ], [ 542071.99999451811891, 1387309.959962058579549 ] ] ], [ [ [ 544073.999926561256871, 1387657.479966543149203 ], [ 544073.999920282629319, 1387373.300014414358884 ], [ 544073.999998540151864, 1387324.990029774140567 ], [ 543837.509919121628627, 1387324.990049131214619 ], [ 543777.100003807921894, 1387324.99005738645792 ], [ 543530.239932208205573, 1387324.989994713105261 ], [ 543516.840011828229763, 1387324.990023094927892 ], [ 543515.999926243326627, 1387325.999971748096868 ], [ 543517.999964794726111, 1387397.999972082674503 ], [ 543509.999938423396088, 1387399.000038608908653 ], [ 543504.999992721132003, 1387456.000048252521083 ], [ 543504.999929314246401, 1387534.000019910046831 ], [ 543502.999961273744702, 1387552.000028567155823 ], [ 543504.99993446143344, 1387626.99999925121665 ], [ 543518.999984410358593, 1387642.999977607745677 ], [ 543757.000007431022823, 1387643.000019441125914 ], [ 543794.999947307049297, 1387637.000000247266144 ], [ 543853.209916224819608, 1387639.4299685372971 ], [ 543952.730002588359639, 1387653.790008798940107 ], [ 543978.999924220261164, 1387662.000002026557922 ], [ 544040.999971227487549, 1387674.000054182950407 ], [ 544071.99995395692531, 1387671.000043414067477 ], [ 544072.999990618787706, 1387670.999991158489138 ], [ 544072.999943781644106, 1387670.839973168913275 ], [ 544073.999933467013761, 1387670.680002409731969 ], [ 544073.999926561256871, 1387657.479966543149203 ] ] ], [ [ [ 551144.999959483975545, 1387493.00005538482219 ], [ 551081.999943118193187, 1387479.999962149886414 ], [ 551081.999916431377642, 1387496.340028983540833 ], [ 551081.999916200176813, 1387593.409975233254954 ], [ 551081.999971766024828, 1387815.099961559753865 ], [ 551082.999995298334397, 1387815.000005405163392 ], [ 551154.999990683514625, 1387794.00001699407585 ], [ 551221.99999282869976, 1387737.000038741389289 ], [ 551262.000009360606782, 1387708.000005959067494 ], [ 551313.999920448753983, 1387657.000018399907276 ], [ 551366.999988207826391, 1387611.000007322523743 ], [ 551389.999937480315566, 1387585.999978717649356 ], [ 551389.999929998302832, 1387578.000005481531844 ], [ 551352.99996071588248, 1387561.000033559976146 ], [ 551326.999984361114912, 1387542.00003750086762 ], [ 551262.999930233694613, 1387506.000016268808395 ], [ 551233.999951086589135, 1387501.000060302205384 ], [ 551144.999959483975545, 1387493.00005538482219 ] ] ], [ [ [ 551073.999987350427546, 1387494.260032278485596 ], [ 551073.999962898669764, 1387478.220014125108719 ], [ 551073.000009681330994, 1387478.000032035866752 ], [ 551039.999929870013148, 1387466.000032125273719 ], [ 550968.999969829455949, 1387458.000040017068386 ], [ 550889.999962856061757, 1387410.999995211372152 ], [ 550836.999942402355373, 1387397.00002477504313 ], [ 550790.999934787978418, 1387391.999996007652953 ], [ 550773.999948898330331, 1387380.000043546315283 ], [ 550710.999967636540532, 1387356.000035760225728 ], [ 550676.000010234420188, 1387350.999978804960847 ], [ 550634.999980342574418, 1387337.000040578655899 ], [ 550593.99997926899232, 1387339.99998560314998 ], [ 550581.999930141726509, 1387334.000004698289558 ], [ 550581.629923953907564, 1387334.119987302692607 ], [ 550581.629992394009605, 1387484.24004294606857 ], [ 550581.619947122875601, 1387484.229980498552322 ], [ 550581.63991653942503, 1387816.000022929161787 ], [ 551072.99995503295213, 1387815.999966648640111 ], [ 551073.999978490523063, 1387815.900010181823745 ], [ 551073.99997563357465, 1387590.529980349121615 ], [ 551073.999987350427546, 1387494.260032278485596 ] ] ], [ [ [ 550573.639988224138506, 1387816.000015414552763 ], [ 550573.599995930213481, 1387363.930038906401023 ], [ 550573.629972134949639, 1387363.94003708451055 ], [ 550573.629934548400342, 1387336.789987397845834 ], [ 550572.999985324568115, 1387337.000013012904674 ], [ 550535.92997744679451, 1387319.949986535590142 ], [ 550523.000009326613508, 1387314.000006589805707 ], [ 550504.249944583862089, 1387311.819962302455679 ], [ 550454.999927508761175, 1387275.999980328138918 ], [ 550396.999972923542373, 1387240.999996213475242 ], [ 550332.999924000236206, 1387216.999981061089784 ], [ 550293.99998784053605, 1387210.000046181026846 ], [ 550214.999915808090009, 1387181.000054529635236 ], [ 550181.000013104407117, 1387158.999969391385093 ], [ 550121.999940485460684, 1387136.000043435720727 ], [ 550081.999934881692752, 1387115.000022182939574 ], [ 550081.589945854386315, 1387114.630038486793637 ], [ 550081.589965368853882, 1387168.6100571625866 ], [ 550081.579999953391962, 1387168.610039742663503 ], [ 550081.600001062499359, 1387316.000044683692977 ], [ 550081.600003438768908, 1387323.990057468879968 ], [ 550081.63001287158113, 1387740.189975301967934 ], [ 550081.559948437730782, 1387815.000025454908609 ], [ 550221.020006833830848, 1387815.000013316283002 ], [ 550266.059982929378748, 1387814.999974362319335 ], [ 550266.099944619927555, 1387816.000039839884266 ], [ 550573.639988224138506, 1387816.000015414552763 ] ] ], [ [ [ 550073.629977330681868, 1387814.999981608707458 ], [ 550073.599943280802108, 1387323.989995613927022 ], [ 549581.499974129139446, 1387323.990019811317325 ], [ 549581.549971879692748, 1387815.000025825807825 ], [ 550028.969961550086737, 1387814.999992484226823 ], [ 550073.629977330681868, 1387814.999981608707458 ] ] ], [ [ [ 549573.549956514965743, 1387814.999999177874997 ], [ 549573.499919320573099, 1387323.989998162025586 ], [ 549081.000005938345566, 1387323.989970997674391 ], [ 549080.999964181799442, 1387814.999973625410348 ], [ 549172.609928251826204, 1387815.000002541812137 ], [ 549217.679931376827881, 1387815.000057064462453 ], [ 549573.549956514965743, 1387814.999999177874997 ] ] ], [ [ [ 548573.559940483421087, 1387814.999965606024489 ], [ 548573.539986359071918, 1387666.810003287158906 ], [ 548573.549951419699937, 1387666.810119640780613 ], [ 548581.539922453113832, 1387666.990056022303179 ], [ 548581.541762070963159, 1387678.806486478773877 ], [ 548581.489961340790614, 1387765.09004040947184 ], [ 548581.520052471430972, 1387765.0899920060765 ], [ 548581.519986583269201, 1387815.000042913015932 ], [ 548682.479985198937356, 1387815.000047024106607 ], [ 548682.479968291474506, 1387815.009992229053751 ], [ 549072.999954123632051, 1387814.999987359624356 ], [ 549072.999956435523927, 1387323.989989665569738 ], [ 548672.999936058069579, 1387323.989996234187856 ], [ 548670.999919797061011, 1387315.999981096712872 ], [ 549072.999965851544403, 1387315.999987261369824 ], [ 549072.999970262637362, 1387251.14999050879851 ], [ 549072.999982843874022, 1387168.61000963114202 ], [ 549072.999916326953098, 1386855.410035382257774 ], [ 549072.999961303430609, 1386826.799988242564723 ], [ 549071.99993729381822, 1386826.999965099152178 ], [ 549058.999969216063619, 1386828.999970415141433 ], [ 549035.999925826559775, 1386824.000022449530661 ], [ 548989.999920566100627, 1386838.000015385914594 ], [ 548887.99995332758408, 1386832.999998963903636 ], [ 548775.999944005976431, 1386811.000056224875152 ], [ 548693.999939194414765, 1386762.999993913806975 ], [ 548477.999939196626656, 1386825.00000183773227 ], [ 548425.999974464764819, 1386820.000036421231925 ], [ 548344.999969410710037, 1386825.999972995370626 ], [ 548344.999929740326479, 1386835.000002243788913 ], [ 548320.999952941783704, 1386839.999961257213727 ], [ 548320.999996921978891, 1386873.000002095010132 ], [ 548301.999938558554277, 1386884.999998776707798 ], [ 548291.999979867599905, 1386911.000047150999308 ], [ 548270.999968136311509, 1386920.999990458367392 ], [ 548251.999991694814526, 1386935.999995408114046 ], [ 548233.999918949208222, 1386933.000046809436753 ], [ 548222.999932828359306, 1386943.000051554758102 ], [ 548191.999957862426527, 1386944.999994945013896 ], [ 548173.000003362656571, 1386956.999974808422849 ], [ 548151.999952310230583, 1386957.999974929960445 ], [ 548143.999945250921883, 1386951.000014117220417 ], [ 548136.999947091448121, 1386951.999981139786541 ], [ 548125.000011077849194, 1386978.999996892409399 ], [ 548098.999978887848556, 1386978.000007954891771 ], [ 548099.999945919495076, 1387022.000042311381549 ], [ 548096.999939904315397, 1387028.00003050127998 ], [ 548088.999950737808831, 1387026.000044602900743 ], [ 548088.999951833975501, 1387075.770011196611449 ], [ 548084.509926647995599, 1387075.83000349230133 ], [ 548084.490004107123241, 1387316.000033502234146 ], [ 548157.670004593324848, 1387316.000040550017729 ], [ 548450.259940776159056, 1387316.000027357134968 ], [ 548459.61000082094688, 1387316.000029931077734 ], [ 548452.010004539508373, 1387323.989999907556921 ], [ 548451.999941500020213, 1387323.989982886938378 ], [ 548287.539989909855649, 1387323.990058852126822 ], [ 548167.020011201268062, 1387323.990040284814313 ], [ 548084.489977295161225, 1387323.990025916835293 ], [ 548084.48000574298203, 1387386.620054916013032 ], [ 548084.459954441292211, 1387570.129998845281079 ], [ 548084.439996594912373, 1387815.000024075154215 ], [ 548287.999931634054519, 1387815.00004664901644 ], [ 548573.559940483421087, 1387814.999965606024489 ] ] ], [ [ [ 548070.450012630666606, 1387611.009998489636928 ], [ 548070.489989766734652, 1387324.989992397138849 ], [ 547925.529996507335454, 1387324.989967590197921 ], [ 547845.620002204319462, 1387324.99005212332122 ], [ 547761.060003269463778, 1387324.989965797401965 ], [ 547580.999925542273559, 1387324.989971495000646 ], [ 547580.999999451334588, 1387815.000053644645959 ], [ 547760.989976142067462, 1387815.000040160957724 ], [ 547845.439986300771125, 1387814.999993900768459 ], [ 548070.439973145257682, 1387814.999989746138453 ], [ 548070.450012630666606, 1387611.009998489636928 ] ] ], [ [ [ 547573.000004850560799, 1387815.999981065979227 ], [ 547572.999989744275808, 1387324.990011392859742 ], [ 547080.999948782729916, 1387324.989989266032353 ], [ 547080.999995483201928, 1387816.000060147373006 ], [ 547573.000004850560799, 1387815.999981065979227 ] ] ], [ [ [ 547073.000006676302291, 1387816.000035883160308 ], [ 547072.999920537462458, 1387324.989969734335318 ], [ 546581.999952982296236, 1387324.990016440395266 ], [ 546581.999956222833134, 1387815.999988432740793 ], [ 547073.000006676302291, 1387816.000035883160308 ] ] ], [ [ [ 546573.999972434714437, 1387816.000004117609933 ], [ 546573.999929747311398, 1387324.990036808187142 ], [ 545993.119949901825748, 1387324.990038292482495 ], [ 545987.019990536849946, 1387324.989991382928565 ], [ 545987.000001649721526, 1387325.999993599485606 ], [ 545986.999950943049043, 1387354.999992159195244 ], [ 545992.999975744518451, 1387372.999991568503901 ], [ 546023.999992885510437, 1387409.999975269660354 ], [ 546046.99997219548095, 1387453.000001922715455 ], [ 546067.999915831838734, 1387517.000002486864105 ], [ 546096.999991226242855, 1387558.000002925982699 ], [ 546175.999923496390693, 1387724.000007202383131 ], [ 546175.999978647916578, 1387815.999998982762918 ], [ 546219.909937418531626, 1387816.000029059592634 ], [ 546374.099958758335561, 1387815.999990823678672 ], [ 546494.899935776134953, 1387816.000054113101214 ], [ 546573.999972434714437, 1387816.000004117609933 ] ] ], [ [ [ 545072.000009442330338, 1387799.000039952807128 ], [ 545049.000013151206076, 1387760.999974880833179 ], [ 545036.999967045034282, 1387752.999985775677487 ], [ 545017.999934834660962, 1387748.000002591637895 ], [ 545004.999978287611157, 1387770.00000873208046 ], [ 544996.999989163596183, 1387771.000056342920288 ], [ 544991.000000590807758, 1387694.000047950772569 ], [ 544997.999990031705238, 1387691.000040493439883 ], [ 544997.999923825613223, 1387675.000021825544536 ], [ 544978.999973835423589, 1387650.99998337472789 ], [ 544954.999990230891854, 1387597.000009540701285 ], [ 544949.999996059457771, 1387563.999996762024239 ], [ 544943.999941988731734, 1387548.000012488802895 ], [ 544939.000005, 1387517.999969167634845 ], [ 544900.999988963827491, 1387440.000047540990636 ], [ 544868.999948272597976, 1387393.999963748268783 ], [ 544832.999997039791197, 1387349.000013281358406 ], [ 544832.999929674435407, 1387333.000001384643838 ], [ 544821.999982669600286, 1387326.999963779002428 ], [ 544789.430008601164445, 1387326.860011254902929 ], [ 544789.519982381840236, 1387324.990059546660632 ], [ 544581.849993303185329, 1387324.990025353152305 ], [ 544581.919942542910576, 1387816.000038696220145 ], [ 545072.999956127488986, 1387816.000032826559618 ], [ 545072.000009442330338, 1387799.000039952807128 ] ] ], [ [ [ 542260.999959983513691, 1387819.999967344803736 ], [ 542273.999927597353235, 1387812.999962212052196 ], [ 542273.99994751799386, 1387783.999978486914188 ], [ 542304.999946564435959, 1387798.000010349554941 ], [ 542323.999994636396877, 1387793.000012441538274 ], [ 542351.999919540365227, 1387731.000024367822334 ], [ 542366.999931332655251, 1387688.000049583381042 ], [ 542393.999988312018104, 1387600.999972976977006 ], [ 542395.000000383704901, 1387563.000007255701348 ], [ 542408.999966945382766, 1387561.999962624628097 ], [ 542425.999998402548954, 1387520.99996742955409 ], [ 542425.999960476532578, 1387480.000056887045503 ], [ 542447.000006689690053, 1387422.999963007401675 ], [ 542446.999992200173438, 1387406.000007967231795 ], [ 542457.00001247075852, 1387396.00005408283323 ], [ 542456.999972537974827, 1387375.000057123368606 ], [ 542468.999926635995507, 1387375.00004386715591 ], [ 542469.999971679062583, 1387375.000034778378904 ], [ 542469.019944748608395, 1387324.990051058586687 ], [ 542080.999928716104478, 1387324.989965388318524 ], [ 542080.999982098117471, 1387818.009996752953157 ], [ 542081.999928164994344, 1387818.000029295217246 ], [ 542260.999959983513691, 1387819.999967344803736 ] ] ], [ [ [ 541930.999954659841023, 1387830.000024105655029 ], [ 542008.000012982753105, 1387824.999975455226377 ], [ 542032.999946566764265, 1387827.000033915275708 ], [ 542072.000012823613361, 1387821.999996349681169 ], [ 542072.999945633928291, 1387821.599979517050087 ], [ 542072.9999521500431, 1387323.989964657695964 ], [ 541585.999983017332852, 1387323.990016720723361 ], [ 541585.999968579853885, 1387323.99996184790507 ], [ 541585.999989737290889, 1387796.000053616240621 ], [ 541596.999957256834023, 1387814.000046661822125 ], [ 541673.000013180659153, 1387816.000027020461857 ], [ 541709.99993979127612, 1387820.000033626332879 ], [ 541778.999976518563926, 1387822.000045923050493 ], [ 541930.999954659841023, 1387830.000024105655029 ] ] ], [ [ [ 544573.939948756597005, 1387988.94005747907795 ], [ 544573.929935184773058, 1387934.310042777564377 ], [ 544573.939997971872799, 1387934.310058442642912 ], [ 544573.92995904001873, 1387873.919993388233706 ], [ 544573.929996304796077, 1387824.000038083642721 ], [ 544573.929943775525317, 1387816.00003192294389 ], [ 544573.849989964510314, 1387324.990007576067001 ], [ 544081.999997127102688, 1387324.990007420070469 ], [ 544082.000003078370355, 1387373.299992632120848 ], [ 544081.999979322194122, 1387658.399975736392662 ], [ 544081.999995616381057, 1387669.370004451135173 ], [ 544082.979957368341275, 1387669.210003174375743 ], [ 544082.999963517999277, 1387675.000017239479348 ], [ 544155.999991989927366, 1387698.000014813151211 ], [ 544163.999999712686986, 1387707.999996014637873 ], [ 544241.000011833151802, 1387724.99999294267036 ], [ 544272.99998485960532, 1387737.999961113091558 ], [ 544339.999926930991933, 1387755.999975016107783 ], [ 544386.999937511631288, 1387784.000051349867135 ], [ 544412.999990332056768, 1387814.000028066104278 ], [ 544446.000007077818736, 1387825.999968921067193 ], [ 544498.999974344507791, 1387873.999968099873513 ], [ 544517.999980544787832, 1387922.999988176394254 ], [ 544546.99991696793586, 1387961.999983701854944 ], [ 544556.999928796547465, 1387966.999971174634993 ], [ 544573.000004337052815, 1387987.9999675527215 ], [ 544573.939948756597005, 1387988.94005747907795 ] ] ], [ [ [ 551073.999922729795799, 1387830.940035450737923 ], [ 551073.999990839743987, 1387824.000030723167583 ], [ 550581.639951776829548, 1387823.999988950556144 ], [ 550581.67000201868359, 1388245.799999054055661 ], [ 550582.999995039077476, 1388244.999965416733176 ], [ 550583.309986184816808, 1388243.949995211092755 ], [ 550800.999976008897647, 1388067.999989197123796 ], [ 550819.999971265555359, 1388063.000012980075553 ], [ 550825.000012524658814, 1388022.99998982087709 ], [ 550864.999940130743198, 1388019.000029426533729 ], [ 550888.999948401469737, 1388009.000048507237807 ], [ 550965.999976117862388, 1387928.000060199061409 ], [ 550985.999985241098329, 1387912.000021149637178 ], [ 551007.999978165724315, 1387870.99996955296956 ], [ 551074.000011163996533, 1387831.000005552778021 ], [ 551073.999922729795799, 1387830.940035450737923 ] ] ], [ [ [ 550471.99993402545806, 1388316.9999703487847 ], [ 550499.000005025183782, 1388306.999992297030985 ], [ 550556.999948468292132, 1388256.000038010068238 ], [ 550572.999990421929397, 1388250.999975962331519 ], [ 550573.679983096662909, 1388250.599985433043912 ], [ 550573.639928005402908, 1387823.999981183558702 ], [ 550266.19991565158125, 1387823.999979078071192 ], [ 550266.370011484716088, 1387824.999974634032696 ], [ 550221.129965038271621, 1387825.000059438636526 ], [ 550082.629937976715155, 1387825.000057576224208 ], [ 550082.669952849973924, 1388315.999989242758602 ], [ 550398.070002805674449, 1388315.999999144114554 ], [ 550469.509945584926754, 1388316.000059527112171 ], [ 550469.439990296028554, 1388317.000031574629247 ], [ 550471.99993402545806, 1388316.9999703487847 ] ] ], [ [ [ 550072.679993506171741, 1388316.000016154255718 ], [ 550072.629940002108924, 1387824.999973869416863 ], [ 550031.079966721474193, 1387825.000048876740038 ], [ 549581.549949945299886, 1387824.999970237724483 ], [ 549581.599924708949402, 1388315.999998149694875 ], [ 549634.730002743192017, 1388315.999981099274009 ], [ 549991.529934035148472, 1388315.999998300801963 ], [ 550041.269971918547526, 1388315.999987036688253 ], [ 550062.969934877706692, 1388316.000038811704144 ], [ 550072.679993506171741, 1388316.000016154255718 ] ] ], [ [ [ 549573.599951631156728, 1388315.99996639881283 ], [ 549573.549937207601033, 1387825.000042943749577 ], [ 549219.78992455767002, 1387825.000043217092752 ], [ 549174.719937048153952, 1387824.999984825495631 ], [ 549081.989993804949336, 1387825.000017349375412 ], [ 549081.989916984457523, 1388316.000042399624363 ], [ 549573.599951631156728, 1388315.99996639881283 ] ] ], [ [ [ 549071.999971206998453, 1388316.000020718667656 ], [ 549071.999974408769049, 1387825.000001788837835 ], [ 548581.549916266929358, 1387825.000025410437956 ], [ 548581.599941845866852, 1388316.000023060943931 ], [ 549071.999971206998453, 1388316.000020718667656 ] ] ], [ [ [ 548573.609944471390918, 1388315.999989333096892 ], [ 548573.55997727427166, 1387824.999996734317392 ], [ 548084.440008791629225, 1387825.000049034133554 ], [ 548084.389920523623005, 1388315.999969346215948 ], [ 548573.609944471390918, 1388315.999989333096892 ] ] ], [ [ [ 548070.390337271383032, 1388316.000026483088732 ], [ 548070.439990230835974, 1387825.000014532590285 ], [ 547846.729987664613873, 1387824.999983332119882 ], [ 547580.999992221244611, 1387824.999972864985466 ], [ 547580.999959944747388, 1388315.999968828167766 ], [ 547846.000004011904821, 1388316.000014697900042 ], [ 548070.390337271383032, 1388316.000026483088732 ] ] ], [ [ [ 547573.000007902621292, 1388315.999998911749572 ], [ 547573.000001137843356, 1387824.000015820842236 ], [ 547080.999933984945528, 1387823.999990522395819 ], [ 547080.999927132972516, 1388318.00005743233487 ], [ 547082.999962720321491, 1388317.999965688446537 ], [ 547567.999915753258392, 1388316.000043514883146 ], [ 547573.000007902621292, 1388315.999998911749572 ] ] ], [ [ [ 547072.999980900785886, 1388318.000028325710446 ], [ 547072.999947414384224, 1387823.999966177390888 ], [ 546805.77992500225082, 1387824.000025574117899 ], [ 546581.999936259700917, 1387824.000013477168977 ], [ 546581.999941405374557, 1388317.999979765852913 ], [ 546805.999988826340996, 1388317.999988368479535 ], [ 547072.999980900785886, 1388318.000028325710446 ] ] ], [ [ [ 546574.000000185100362, 1388317.999990666517988 ], [ 546573.999954711995088, 1387824.000029088463634 ], [ 546494.899940306902863, 1387823.999978904146701 ], [ 546374.099996874458157, 1387824.000013956567273 ], [ 546219.989935462013818, 1387823.999980868306011 ], [ 546177.779929123353213, 1387824.00000634463504 ], [ 546177.99999255023431, 1387825.00005308073014 ], [ 546176.99993853783235, 1387933.999964026734233 ], [ 546193.999957060441375, 1387973.000056382268667 ], [ 546192.999992242082953, 1388069.000004961388186 ], [ 546199.999929607729428, 1388205.000056683318689 ], [ 546214.999922452727333, 1388255.000026013702154 ], [ 546213.999994285637513, 1388318.000005879905075 ], [ 546572.999983013607562, 1388318.000054299132898 ], [ 546574.000000185100362, 1388317.999990666517988 ] ] ], [ [ [ 544683.999976217630319, 1388324.00001211813651 ], [ 544809.999985888600349, 1388311.999997226521373 ], [ 544838.999918979941867, 1388317.000003454275429 ], [ 544893.999961408320814, 1388316.999985096044838 ], [ 544901.000007007620297, 1388310.00000201864168 ], [ 544955.999939735978842, 1388314.00005857180804 ], [ 544978.999939682544209, 1388309.000043426873162 ], [ 545095.999990656855516, 1388317.000053882598877 ], [ 545162.999975213082507, 1388307.999963480280712 ], [ 545170.000008038128726, 1388300.00005458551459 ], [ 545168.999978545936756, 1388248.000026078661904 ], [ 545176.000005203182809, 1388248.000032940413803 ], [ 545175.999965258873999, 1388007.000041080405936 ], [ 545181.999942017369904, 1388005.999972144840285 ], [ 545184.000010768184438, 1387946.000000607920811 ], [ 545118.99999183579348, 1387878.999976093880832 ], [ 545079.999998767510988, 1387824.000023484928533 ], [ 545072.999966939562, 1387824.000043565873057 ], [ 544581.919992841547355, 1387824.00004492723383 ], [ 544581.930004455149174, 1387873.920016332529485 ], [ 544581.949967758264393, 1387977.619989109225571 ], [ 544581.939936111448333, 1387977.599983666790649 ], [ 544581.939995164051652, 1387996.950033769709989 ], [ 544582.999935121275485, 1387998.000006257556379 ], [ 544607.999935953179374, 1388063.000008683186024 ], [ 544625.999937996501103, 1388078.000041336985305 ], [ 544656.999939712695777, 1388127.999972558114678 ], [ 544669.999958288506605, 1388175.000029294518754 ], [ 544664.999931230209768, 1388267.000039890408516 ], [ 544673.999982014182024, 1388306.000020695850253 ], [ 544683.999976217630319, 1388324.00001211813651 ] ] ], [ [ [ 550467.999963193200529, 1388334.000009368406609 ], [ 550468.000008570728824, 1388324.000050056260079 ], [ 550397.509989497484639, 1388323.999974436592311 ], [ 550082.66992646525614, 1388324.000052094925195 ], [ 550082.689997423673049, 1388652.20996238454245 ], [ 550082.999961620313115, 1388651.999963734066114 ], [ 550113.99996018235106, 1388623.000056182267144 ], [ 550138.50996507180389, 1388591.959977139253169 ], [ 550147.169939618208446, 1388582.959972490789369 ], [ 550174.999938145279884, 1388564.999975619604811 ], [ 550187.99991825374309, 1388545.999976647086442 ], [ 550220.999995784368366, 1388522.999980843393132 ], [ 550240.999931328580715, 1388501.999964546179399 ], [ 550295.999956102692522, 1388465.000050024595112 ], [ 550300.999931547790766, 1388455.000027300324291 ], [ 550331.999975910875946, 1388436.999999374616891 ], [ 550334.999932151287794, 1388426.00004970561713 ], [ 550360.999932719278149, 1388410.99999861093238 ], [ 550398.000002869521268, 1388384.999988212483004 ], [ 550467.999963193200529, 1388334.000009368406609 ] ] ], [ [ [ 549573.649945214740001, 1388815.000013469019905 ], [ 549573.599969817441888, 1388324.000024063279852 ], [ 549416.999916913569905, 1388324.00005656783469 ], [ 549081.989975032978691, 1388323.999995645601302 ], [ 549081.989962058607489, 1388814.999987296294421 ], [ 549417.069968401454389, 1388814.999981618952006 ], [ 549573.649945214740001, 1388815.000013469019905 ] ] ], [ [ [ 549071.999994886573404, 1388815.000058683101088 ], [ 549071.999934345833026, 1388323.999973700381815 ], [ 548581.599944335292093, 1388323.999971139477566 ], [ 548581.649937498150393, 1388815.000034730648622 ], [ 549071.999994886573404, 1388815.000058683101088 ] ] ], [ [ [ 548573.649919214192778, 1388814.999978952575475 ], [ 548573.609949031844735, 1388324.000036780722439 ], [ 548084.389964108122513, 1388324.000011957483366 ], [ 548084.33994789456483, 1388814.999998251209036 ], [ 548192.859966543968767, 1388814.99996876809746 ], [ 548573.649919214192778, 1388814.999978952575475 ] ] ], [ [ [ 549973.999993352917954, 1388816.0000356270466 ], [ 549988.999991705291905, 1388802.00004198984243 ], [ 550022.999938200460747, 1388744.000039084581658 ], [ 550027.999982336885296, 1388726.000007182359695 ], [ 550059.999935185420327, 1388674.000003372784704 ], [ 550072.699989596498199, 1388659.340038322610781 ], [ 550072.679970087250695, 1388323.999979455489665 ], [ 550062.970011867000721, 1388324.000002187443897 ], [ 550040.70996089221444, 1388323.999965587165207 ], [ 549991.52993311942555, 1388324.000060250749812 ], [ 549634.73000384576153, 1388324.000039363512769 ], [ 549581.599940652726218, 1388324.000055886339396 ], [ 549581.649974206113257, 1388815.000050459755585 ], [ 549973.999981293454766, 1388815.000039980281144 ], [ 549972.999939975095913, 1388819.999962281901389 ], [ 549973.999993352917954, 1388816.0000356270466 ] ] ], [ [ [ 548070.340003437711857, 1388816.00003929506056 ], [ 548070.389994146418758, 1388323.999968853080645 ], [ 547576.999973901896738, 1388324.000021070707589 ], [ 547574.749933178420179, 1388323.999961138004437 ], [ 547574.999936518608592, 1388324.999971090117469 ], [ 547572.999980687862262, 1388815.999986535869539 ], [ 547580.999988364055753, 1388815.99996148259379 ], [ 547949.539996062056161, 1388816.000042281812057 ], [ 548070.340003437711857, 1388816.00003929506056 ] ] ], [ [ [ 549672.999917089240626, 1388974.000001578591764 ], [ 549692.999925121665001, 1388967.000054940581322 ], [ 549721.999999910476618, 1388968.000010870629922 ], [ 549881.999938794411719, 1388953.000013046897948 ], [ 549907.999942663358524, 1388933.999987087678164 ], [ 549931.999988020514138, 1388901.000035464996472 ], [ 549934.999916033470072, 1388888.000056663760915 ], [ 549951.99998136528302, 1388867.99998149392195 ], [ 549963.999981035827659, 1388841.999962557340041 ], [ 549973.999978662701324, 1388830.999970038887113 ], [ 549972.11992133106105, 1388824.410042115719989 ], [ 549971.999996498227119, 1388824.999984245747328 ], [ 549581.649938744143583, 1388825.000001606531441 ], [ 549581.669965934474021, 1389002.869990195147693 ], [ 549581.999946688418277, 1389003.000049250433221 ], [ 549596.9999257074669, 1389000.000005785608664 ], [ 549608.999988180003129, 1388987.999982341425493 ], [ 549633.999932180275209, 1388983.999998753890395 ], [ 549647.999985695118085, 1388974.999965675873682 ], [ 549672.999917089240626, 1388974.000001578591764 ] ] ], [ [ [ 549564.999990053824149, 1388999.000050448346883 ], [ 549571.99997039232403, 1388999.000044862972572 ], [ 549573.679971162462607, 1388999.590024069184437 ], [ 549573.650010248296894, 1388824.99996468052268 ], [ 549080.999965598108247, 1388825.00002412754111 ], [ 549080.999945744872093, 1389274.999996631173417 ], [ 549075.579979430418462, 1389283.569966384675354 ], [ 549081.999932590639219, 1389275.000021767569706 ], [ 549106.99996942828875, 1389265.000017884420231 ], [ 549187.999947057804093, 1389202.999972445657477 ], [ 549322.999997060280293, 1389120.000016557984054 ], [ 549403.999962787143886, 1389082.00004023569636 ], [ 549422.999962617992423, 1389072.999982659239322 ], [ 549468.000003590714186, 1389052.999982971930876 ], [ 549486.999997864360921, 1389038.999990872107446 ], [ 549564.999990053824149, 1388999.000050448346883 ] ] ], [ [ [ 551677.999958834727295, 1389316.00000571180135 ], [ 551678.999929167679511, 1388727.99999752920121 ], [ 551594.999921014066786, 1388729.999984788475558 ], [ 551573.999927029712126, 1388740.999995696591213 ], [ 551519.999944527633488, 1388806.00003384356387 ], [ 551403.999976078164764, 1388882.999975197715685 ], [ 551375.999988873372786, 1388922.000012456206605 ], [ 551347.99995691946242, 1388940.000027744099498 ], [ 551291.999937177635729, 1388975.000040297629312 ], [ 551256.999975233455189, 1389005.999991236953065 ], [ 551226.99991671834141, 1389035.999986658105627 ], [ 551194.999922082177363, 1389063.000021 ], [ 551161.999967590207234, 1389081.000015446916223 ], [ 551136.999953641556203, 1389098.000026635592803 ], [ 551082.000000168103725, 1389147.999991502147168 ], [ 551081.999916704022326, 1389316.000044798012823 ], [ 551677.999958834727295, 1389316.00000571180135 ] ] ], [ [ [ 549049.000009741052054, 1389315.999989722389728 ], [ 549049.789923524367623, 1389315.049981744494289 ], [ 549072.999979397049174, 1389287.000032381853089 ], [ 549072.999944704701193, 1388825.000027553411201 ], [ 548581.649958410300314, 1388824.999973238212988 ], [ 548581.69995563919656, 1389315.000009915325791 ], [ 548733.939943216508254, 1389315.000010138610378 ], [ 548733.939997946261428, 1389316.000004606787115 ], [ 549049.000009741052054, 1389315.999989722389728 ] ] ], [ [ [ 548573.699979301658459, 1389315.000048604328185 ], [ 548573.649942753138021, 1388825.000016810139641 ], [ 548176.239935153629631, 1388825.000060316175222 ], [ 548084.339947039610706, 1388825.00002993713133 ], [ 548084.289924294920638, 1389314.999989788746461 ], [ 548225.359998542116955, 1389314.999990224372596 ], [ 548573.699979301658459, 1389315.000048604328185 ] ] ], [ [ [ 548070.289930779254064, 1389316.000022379215807 ], [ 548070.33994818769861, 1388823.999984848545864 ], [ 547949.5399745835457, 1388823.999986687907949 ], [ 547581.019999366952106, 1388824.000034997239709 ], [ 547573.889963325229473, 1388824.00001458148472 ], [ 547573.999965556547977, 1388824.999991154763848 ], [ 547576.989990011090413, 1389316.000016584293917 ], [ 547582.049988550483249, 1389315.999979925807565 ], [ 547949.489982804167084, 1389316.000049881404266 ], [ 548070.289930779254064, 1389316.000022379215807 ] ] ], [ [ [ 548070.259933920693584, 1389571.00003742845729 ], [ 548070.289967997698113, 1389323.999970788601786 ], [ 547949.489956119679846, 1389323.99999697948806 ], [ 547582.069993731216528, 1389324.000056155957282 ], [ 547571.999920706497505, 1389324.000014380784705 ], [ 547571.999941197689623, 1389511.999989609001204 ], [ 547591.999995318241417, 1389502.000016949838027 ], [ 547609.999940826557577, 1389509.999985304893926 ], [ 547624.999955068458803, 1389538.000003776047379 ], [ 547624.999998664716259, 1389550.000020995270461 ], [ 547633.99993848206941, 1389557.000044072279707 ], [ 547651.999974072910845, 1389557.99998919153586 ], [ 547666.999925633543171, 1389569.000048705842346 ], [ 548070.259933920693584, 1389571.00003742845729 ] ] ], [ [ [ 549048.99998368578963, 1389339.999963892158121 ], [ 549049.999953726539388, 1389323.999971942044795 ], [ 548733.999930699821562, 1389323.999962275149301 ], [ 548733.939947083592415, 1389324.0000589878764 ], [ 548733.940001801354811, 1389325.000053456053138 ], [ 548581.699969753157347, 1389325.000051235314459 ], [ 548581.729945982107893, 1389527.000035867793486 ], [ 548581.739936661440879, 1389688.750013859709725 ], [ 548582.999929674551822, 1389688.999990010401234 ], [ 548630.999964883667417, 1389686.000045423395932 ], [ 548651.999993441510014, 1389678.000007255002856 ], [ 548746.999925947748125, 1389623.999976185383275 ], [ 548762.999949027202092, 1389611.999969522235915 ], [ 548899.999980140593834, 1389545.000043107895181 ], [ 548921.000001898617484, 1389533.000018798280507 ], [ 548931.999930549645796, 1389512.000051039038226 ], [ 548960.999936591717415, 1389470.999971530633047 ], [ 548982.999947638949379, 1389434.000042710686103 ], [ 548985.999928431469016, 1389421.999972457997501 ], [ 549017.999968223390169, 1389377.000034081051126 ], [ 549034.99997035798151, 1389367.999980939319357 ], [ 549040.99995504389517, 1389361.00006043468602 ], [ 549048.99998368578963, 1389339.999963892158121 ] ] ], [ [ [ 548264.440010099671781, 1389695.490042914636433 ], [ 548264.999929463607259, 1389665.999965610448271 ], [ 548347.999981771572493, 1389672.000009880634025 ], [ 548432.999953301739879, 1389675.00002102390863 ], [ 548572.999994753859937, 1389687.000019904924557 ], [ 548573.750011969357729, 1389687.149975311011076 ], [ 548573.69999638106674, 1389324.999990376178175 ], [ 548219.55991743854247, 1389324.999995104037225 ], [ 548084.289916913839988, 1389325.000024839304388 ], [ 548084.259919690084644, 1389614.029967373702675 ], [ 548083.969970185891725, 1389701.760013974970207 ], [ 548265.069951779907569, 1389700.509972321568057 ], [ 548264.440010099671781, 1389695.490042914636433 ] ] ], [ [ [ 547571.999952329671942, 1389755.000012509990484 ], [ 547681.999930776422843, 1389731.999991470016539 ], [ 547928.999956292798743, 1389737.99996537482366 ], [ 548070.249947444302961, 1389700.729991374770179 ], [ 548070.259971312712878, 1389574.000018638093024 ], [ 547667.00000533356797, 1389572.00002847192809 ], [ 547648.999929498648271, 1389562.000035378616303 ], [ 547632.999948935583234, 1389560.000048680463806 ], [ 547621.999970541568473, 1389550.999991033924744 ], [ 547606.999999016523361, 1389513.000042814295739 ], [ 547591.999985454371199, 1389504.999996152706444 ], [ 547571.999930790741928, 1389515.999961815774441 ], [ 547571.999952329671942, 1389755.000012509990484 ] ] ], [ [ [ 551680.999925217009149, 1389816.000042306724936 ], [ 551679.999941427493468, 1389324.000024525215849 ], [ 551082.819930207100697, 1389323.999996780883521 ], [ 551082.909931283211336, 1389815.999965250259265 ], [ 551680.999925217009149, 1389816.000042306724936 ] ] ], [ [ [ 551073.999924125266261, 1389315.830016194842756 ], [ 551073.99995404179208, 1389154.400011463556439 ], [ 551071.999943074188195, 1389156.000016787322238 ], [ 551064.999924208968878, 1389150.999965839087963 ], [ 550976.999965872731991, 1389193.000035629142076 ], [ 550879.999976717983373, 1389278.000046605244279 ], [ 550859.999918985180557, 1389276.999986441805959 ], [ 550797.999920128146186, 1389348.999995078193024 ], [ 550797.999925937037915, 1389371.000030065886676 ], [ 550744.999927379307337, 1389455.999981161672622 ], [ 550719.999962487607263, 1389488.999993809498847 ], [ 550707.000000901636668, 1389523.000014570774511 ], [ 550669.999968667747453, 1389557.999971885001287 ], [ 550660.000002748798579, 1389578.99999576783739 ], [ 550657.999949950608425, 1389593.999988741707057 ], [ 550581.99992604018189, 1389665.000007586320862 ], [ 550581.579972409876063, 1389665.869973231106997 ], [ 550581.789935917244293, 1389666.629964415216818 ], [ 550581.799934002920054, 1389816.000002807239071 ], [ 551072.909931200556457, 1389816.000003142748028 ], [ 551072.829966264776886, 1389318.830007905839011 ], [ 551073.499916592496447, 1389316.329967454075813 ], [ 551073.999924125266261, 1389315.830016194842756 ] ] ], [ [ [ 551072.999938869965263, 1390315.00996116339229 ], [ 551072.919966856366955, 1389824.000003018416464 ], [ 550581.810009360662661, 1389823.999997391598299 ], [ 550581.839996686438099, 1390315.0100449079182 ], [ 551072.999938869965263, 1390315.00996116339229 ] ] ], [ [ [ 551680.999972616089508, 1389825.000029386719689 ], [ 551680.999923935160041, 1389824.000030739698559 ], [ 551082.909999461728148, 1389824.000046880217269 ], [ 551082.999959612614475, 1390315.010029412573203 ], [ 551082.730599731090479, 1390316.010142822051421 ], [ 551681.999997799284756, 1390316.00996272242628 ], [ 551680.999972616089508, 1389825.000029386719689 ] ] ], [ [ [ 550573.839985585771501, 1390315.010010952362791 ], [ 550573.789934709435329, 1389682.319994445424527 ], [ 550572.999957246473059, 1389684.000044293468818 ], [ 550557.999985747854225, 1389679.999986859504133 ], [ 550507.99995309789665, 1389721.000017040874809 ], [ 550494.999942842288874, 1389742.999963867710903 ], [ 550470.000000158790499, 1389749.999963189475238 ], [ 550454.000008081435226, 1389773.999996801139787 ], [ 550432.999923906521872, 1389792.999986633192748 ], [ 550369.999934840248898, 1389820.000040038954467 ], [ 550358.999951449455693, 1389829.000029013492167 ], [ 550342.999950793455355, 1389830.999992392491549 ], [ 550328.000003928202204, 1389842.000005161389709 ], [ 550281.999975206679665, 1389859.999969835858792 ], [ 550217.999918798450381, 1389881.999998795101419 ], [ 550200.999927487340756, 1389896.000033774645999 ], [ 550149.999922757735476, 1389907.999999973690137 ], [ 550142.999996500788257, 1389915.000030966242775 ], [ 550081.999978230334818, 1389937.000048917718232 ], [ 550081.799969827989116, 1389937.019986906787381 ], [ 550081.839956198702566, 1390315.010038661537692 ], [ 550573.839985585771501, 1390315.010010952362791 ] ] ], [ [ [ 551681.999958839616738, 1390325.000007411697879 ], [ 551682.00000859296415, 1390324.000008603092283 ], [ 551081.999960919376463, 1390323.999970485456288 ], [ 551081.999954154947773, 1390489.999962137080729 ], [ 551082.999998796964064, 1390490.00005893339403 ], [ 551682.999982057139277, 1390490.000051832990721 ], [ 551681.999958839616738, 1390325.000007411697879 ] ] ], [ [ [ 551073.99998639523983, 1390489.99998532794416 ], [ 551073.999918219982646, 1390324.999993396690115 ], [ 550581.839999603107572, 1390324.999974522041157 ], [ 550581.859922300907783, 1390489.659964934689924 ], [ 550581.7699701981619, 1390489.980043629650027 ], [ 550581.999992816825397, 1390490.00004294142127 ], [ 551072.99994158744812, 1390489.999988299328834 ], [ 551073.99998639523983, 1390489.99998532794416 ] ] ], [ [ [ 550085.229983561555855, 1390491.000007677124813 ], [ 550572.999980123480782, 1390489.00997538305819 ], [ 550573.859974037157372, 1390489.100010188296437 ], [ 550573.839991120970808, 1390325.000039918813854 ], [ 550082.829925582162105, 1390325.000005679437891 ], [ 550082.849966189474799, 1390491.010058476822451 ], [ 550085.229983561555855, 1390491.000007677124813 ] ] ], [ [ [ 549577.799917011288926, 1390341.420022184029222 ], [ 549581.800000227987766, 1390339.230052420403808 ], [ 549581.849941416294314, 1390816.000034847762436 ], [ 549613.920010828413069, 1390816.000011481810361 ], [ 549734.999918702756986, 1390815.999976118095219 ], [ 549831.619951792061329, 1390816.000050976173952 ], [ 549849.549991828855127, 1390816.000000258674845 ], [ 549867.62998320790939, 1390816.000023601343855 ], [ 550072.879957048222423, 1390815.999965630471706 ], [ 550072.839977456605993, 1390324.000009706709534 ], [ 550029.379990184912458, 1390323.999987676739693 ], [ 549849.14999119262211, 1390324.000056479359046 ], [ 549789.789953397819772, 1390324.000022177118808 ], [ 549757.999986586277373, 1390324.000057803932577 ], [ 549756.999992430442944, 1390316.000036789802834 ], [ 550029.939963094657287, 1390316.010044320486486 ], [ 550073.839957019081339, 1390316.010041967965662 ], [ 550073.799979504663497, 1389938.67996178008616 ], [ 550077.33998832385987, 1389937.519980072742328 ], [ 550073.000006534508429, 1389937.999995204852894 ], [ 549949.99999710416887, 1389961.999968632590026 ], [ 549869.99993682152126, 1389981.999968372983858 ], [ 549768.999970891047269, 1390078.000031337374821 ], [ 549726.999947182834148, 1390137.000014361226931 ], [ 549725.999938567518257, 1390185.999978853855282 ], [ 549736.000004626810551, 1390186.999968355987221 ], [ 549733.999940321547911, 1390279.000024110311642 ], [ 549595.999959255568683, 1390326.000040537444875 ], [ 549581.999934607883915, 1390332.999990645097569 ], [ 549577.799960403935984, 1390336.269967540865764 ], [ 549572.999961556633934, 1390339.999966693809256 ], [ 549555.000001644599251, 1390340.999977353727445 ], [ 549505.000012945267372, 1390373.000028270995244 ], [ 549441.000001042964868, 1390402.000021053245291 ], [ 549355.999949842342176, 1390449.000007003545761 ], [ 549349.999934207298793, 1390463.000031405128539 ], [ 549312.189981579198502, 1390485.120056887622923 ], [ 549267.999989261501469, 1390510.999975651269779 ], [ 549259.999953440972604, 1390528.000037990277633 ], [ 549232.999957161489874, 1390529.000050580129027 ], [ 549146.999957044026814, 1390577.000002824468538 ], [ 549081.999937673448585, 1390621.999979265267029 ], [ 549080.999967888463289, 1390623.609990271274 ], [ 549080.999982952023856, 1390816.000025501940399 ], [ 549311.999974764068611, 1390816.000060179037973 ], [ 549573.849983794498257, 1390815.999977329280227 ], [ 549573.800012376625091, 1390343.62003751238808 ], [ 549577.799917011288926, 1390341.420022184029222 ] ] ], [ [ [ 549072.999932947801426, 1390816.000008592382073 ], [ 549072.999977567233145, 1390636.399975025793537 ], [ 549071.999928164179437, 1390638.000040925107896 ], [ 549065.999973592581227, 1390634.999994633486494 ], [ 549029.999949982855469, 1390628.999989872332662 ], [ 549008.999940367881209, 1390631.000058750156313 ], [ 548982.999980138381943, 1390636.000012126518413 ], [ 548955.999933262355626, 1390644.000052276300266 ], [ 548941.999982736888342, 1390652.000003265682608 ], [ 548938.000011556316167, 1390643.000055119162425 ], [ 548937.919970558723435, 1390643.020007459446788 ], [ 548827.999974607024342, 1390666.000041259452701 ], [ 548827.279954461846501, 1390667.920035318238661 ], [ 548824.999972623656504, 1390674.000049914000556 ], [ 548811.999965434311889, 1390682.999976724386215 ], [ 548790.999978253268637, 1390689.999981875764206 ], [ 548711.000000210246071, 1390681.999981307424605 ], [ 548703.000006408314221, 1390671.000022186897695 ], [ 548688.999948935001157, 1390678.999994578538463 ], [ 548659.999986010720022, 1390667.999977307859808 ], [ 548634.999994164449163, 1390663.000006147893146 ], [ 548620.000007981085218, 1390664.000034581869841 ], [ 548616.999950961093418, 1390669.99997313064523 ], [ 548581.999971740529872, 1390668.000028271693736 ], [ 548581.829960084985942, 1390668.020027539227158 ], [ 548581.849931686650962, 1390816.000049268361181 ], [ 548825.299986553844064, 1390816.000016659032553 ], [ 548942.289966999320313, 1390815.999976644758135 ], [ 549072.999932947801426, 1390816.000008592382073 ] ] ], [ [ [ 548573.849984773783945, 1390815.99997336929664 ], [ 548573.839986055507325, 1390668.909970698412508 ], [ 548573.000006610527635, 1390669.000039173755795 ], [ 548519.999941191752441, 1390668.00000640982762 ], [ 548519.999936052248813, 1390675.999966565752402 ], [ 548479.999941054033116, 1390667.00004629814066 ], [ 548451.999949528253637, 1390675.000053591560572 ], [ 548433.999944217153825, 1390673.999975831713527 ], [ 548417.999959756969474, 1390686.000049443915486 ], [ 548415.999968713964336, 1390704.000049795722589 ], [ 548396.99997351015918, 1390717.000018986407667 ], [ 548373.999925500480458, 1390715.999963265843689 ], [ 548360.99995235633105, 1390720.000016016885638 ], [ 548335.000007756520063, 1390721.999971071956679 ], [ 548331.999948611133732, 1390708.00004110019654 ], [ 548339.999980912776664, 1390702.999974811682478 ], [ 548357.999934684368782, 1390702.00000414904207 ], [ 548373.999952486949041, 1390700.000045530032367 ], [ 548393.999952124431729, 1390679.000005648704246 ], [ 548394.999963827431202, 1390650.000058237696066 ], [ 548384.999933585175313, 1390646.000051690498367 ], [ 548363.999970254488289, 1390651.999975068960339 ], [ 548300.999934712657705, 1390657.000003629131243 ], [ 548247.999984060646966, 1390669.000009587965906 ], [ 548244.999931691912934, 1390712.999981519533321 ], [ 548208.999999913037755, 1390716.999965542694554 ], [ 548206.999928037286736, 1390694.999990792246535 ], [ 548170.999930512392893, 1390701.000012346543372 ], [ 548084.149924736353569, 1390700.000031940173358 ], [ 548084.129967408138327, 1390816.000060260761529 ], [ 548573.849984773783945, 1390815.99997336929664 ] ] ], [ [ [ 550129.999959653127007, 1390808.999997211387381 ], [ 550127.999998745508492, 1390504.999965260270983 ], [ 550085.000007929862477, 1390505.000058574136347 ], [ 550085.799999412265606, 1390823.899962896713987 ], [ 550105.000008835573681, 1390825.000058088218793 ], [ 550122.999961577355862, 1390817.00002602301538 ], [ 550129.999959653127007, 1390808.999997211387381 ] ] ], [ [ [ 550072.919934908975847, 1391314.999967930838466 ], [ 550072.880003830534406, 1390824.000042023602873 ], [ 549867.080006767297164, 1390824.000032963696867 ], [ 549829.890012989286333, 1390823.999991810880601 ], [ 549612.189938090159558, 1390823.99996301648207 ], [ 549581.849930475582369, 1390824.000006607733667 ], [ 549581.899960789480247, 1391315.000035395845771 ], [ 550072.919934908975847, 1391314.999967930838466 ] ] ], [ [ [ 549573.899947530240752, 1391314.999972630292177 ], [ 549573.849974922486581, 1390824.000048456480727 ], [ 549080.9999168664217, 1390823.999992037424818 ], [ 549080.999943023780361, 1391315.000016990816221 ], [ 549573.899947530240752, 1391314.999972630292177 ] ] ], [ [ [ 548682.929971889709122, 1391315.030017861165106 ], [ 548682.930020978441462, 1391265.139931942801923 ], [ 548682.999964148621075, 1391265.140051156515256 ], [ 548682.99996630824171, 1391315.000003037974238 ], [ 549072.999935070285574, 1391314.999995069345459 ], [ 549072.99996678950265, 1390823.999975218437612 ], [ 548892.040010314085521, 1390824.000036026583984 ], [ 548842.899915591697209, 1390824.000027294969186 ], [ 548581.850005353800952, 1390824.0000109821558 ], [ 548581.889975621830672, 1391265.030052141053602 ], [ 548581.929929191363044, 1391265.030120098264888 ], [ 548581.929967455449514, 1391315.029995432356372 ], [ 548682.929971889709122, 1391315.030017861165106 ] ] ], [ [ [ 548573.899928423692472, 1391315.000027532922104 ], [ 548573.849962824257091, 1390824.000034291995689 ], [ 548084.129985047504306, 1390824.000016884645447 ], [ 548084.0799354033079, 1391315.000036558369175 ], [ 548573.899928423692472, 1391315.000027532922104 ] ] ], [ [ [ 548070.129947335808538, 1390815.999973666621372 ], [ 548070.139944837777875, 1390724.120036247884855 ], [ 548019.999957181396894, 1390730.999986939597875 ], [ 547875.999949442688376, 1390742.000054631149396 ], [ 547805.999921236303635, 1390739.000025257235393 ], [ 547702.999968182761222, 1390752.000057727331296 ], [ 547571.000006977119483, 1390767.99998000706546 ], [ 547573.059939057915471, 1390816.00003482052125 ], [ 547573.399954996188171, 1390824.000055219512433 ], [ 547573.999988906783983, 1390837.999975065002218 ], [ 547599.00000487070065, 1390893.000010560732335 ], [ 547627.99996632267721, 1390894.999994282145053 ], [ 547642.999980816151947, 1390906.999970353674144 ], [ 547640.999972609337419, 1390914.999969300348312 ], [ 547626.99999624164775, 1390916.999986868584529 ], [ 547626.999953718390316, 1390939.000055448850617 ], [ 547631.999925977783278, 1390946.999989927513525 ], [ 547629.999981776811182, 1390961.00005383649841 ], [ 547623.99997819843702, 1390970.00004287995398 ], [ 547617.999996336991899, 1390992.000055982964113 ], [ 547618.999959757551551, 1391263.00005269004032 ], [ 547603.999990241951309, 1391274.00004799105227 ], [ 547589.999989425181411, 1391294.999969067052007 ], [ 547576.999921598588116, 1391296.999980343040079 ], [ 547576.000008694129065, 1391315.999996062368155 ], [ 547860.079925643862225, 1391316.000026769703254 ], [ 548070.079941960633732, 1391316.000035662669688 ], [ 548070.089967271895148, 1391267.14997964957729 ], [ 548070.12996873317752, 1390824.000029608607292 ], [ 548070.129947335808538, 1390815.999973666621372 ] ] ], [ [ [ 549070.999985571135767, 1391815.99998745857738 ], [ 549070.000005362904631, 1391324.999973963014781 ], [ 548581.899918903945945, 1391324.999964465154335 ], [ 548581.950006179860793, 1391816.000029873568565 ], [ 549070.999985571135767, 1391815.99998745857738 ] ] ], [ [ [ 548573.909985616803169, 1391382.090049140853807 ], [ 548573.899918987066485, 1391324.999982780311257 ], [ 548417.499962457455695, 1391325.000060092192143 ], [ 548409.499964366201311, 1391325.000025008805096 ], [ 548324.349980083294213, 1391325.000034047523513 ], [ 548084.079999770503491, 1391324.999985786620528 ], [ 548084.059982156264596, 1391574.01004460058175 ], [ 548084.029923216905445, 1391815.999972822377458 ], [ 548306.999977596802637, 1391816.000031712697819 ], [ 548573.949948441586457, 1391816.000043123727664 ], [ 548573.929978011292405, 1391573.989991094917059 ], [ 548573.909985616803169, 1391382.090049140853807 ] ] ], [ [ [ 548070.030393122229725, 1391815.999969091964886 ], [ 548070.079958304064348, 1391323.99999484885484 ], [ 547862.99993214989081, 1391324.000003869645298 ], [ 547574.999957089661621, 1391323.999975183513016 ], [ 547575.999941893504001, 1391816.000004539266229 ], [ 548025.999970723642036, 1391815.999962592730299 ], [ 548070.030393122229725, 1391815.999969091964886 ] ] ], [ [ [ 548070.00992842472624, 1392104.64005793328397 ], [ 548070.029915657243691, 1391824.00002960418351 ], [ 547578.619982207776047, 1391824.000051127979532 ], [ 547578.9999681096524, 1391824.999982820125297 ], [ 547570.999946088064462, 1391925.000040479702875 ], [ 547577.9999670679681, 1391925.999964935239404 ], [ 547584.000002766377293, 1391942.000034561613575 ], [ 547603.999964928836562, 1391958.99997155345045 ], [ 547617.999972868477926, 1391963.000027489382774 ], [ 547634.999982568086125, 1391962.000050114002079 ], [ 547676.999922915943898, 1391980.00005527283065 ], [ 547708.999971220968291, 1392003.999988268595189 ], [ 547805.999994976329617, 1392047.000043618027121 ], [ 547846.99998203618452, 1392061.000045368215069 ], [ 547888.999920364934951, 1392069.000023897271603 ], [ 547908.999962544301525, 1392061.000007271068171 ], [ 547901.759998873574659, 1392064.410018674796447 ], [ 547901.759964004857466, 1392159.369982483563945 ], [ 548069.479923831531778, 1392158.860002355184406 ], [ 548070.00992842472624, 1392104.64005793328397 ] ] ], [ [ [ 548573.999925774056464, 1392255.759985072771087 ], [ 548573.949916054261848, 1391824.000009988900274 ], [ 548101.689980132039636, 1391824.000045928172767 ], [ 548084.029930248740129, 1391824.000034289900213 ], [ 548084.019977362127975, 1391868.479966176906601 ], [ 548084.019946531392634, 1391886.13000728818588 ], [ 548083.999990431824699, 1392151.000059007201344 ], [ 548083.549933159607463, 1392152.700039056828246 ], [ 548082.99993657914456, 1392152.550033174687997 ], [ 548082.999938025604934, 1392158.000033383723348 ], [ 548126.999970768229105, 1392157.000000346684828 ], [ 548155.999996028840542, 1392158.999972179532051 ], [ 548203.999984260066412, 1392185.000025332439691 ], [ 548230.999967201263644, 1392192.000056755496189 ], [ 548324.99998378905002, 1392227.999974659644067 ], [ 548358.999996474361978, 1392227.999977771891281 ], [ 548436.999945329269394, 1392257.000050425063819 ], [ 548459.999945579911582, 1392259.999995593214408 ], [ 548545.999985555536114, 1392261.000043525593355 ], [ 548573.999925774056464, 1392255.759985072771087 ] ] ], [ [ [ 549071.000005495850928, 1392279.000027047470212 ], [ 549069.999916099361144, 1391824.00003072922118 ], [ 548581.949971551075578, 1391823.999996815109625 ], [ 548581.989971321541816, 1392218.929966487456113 ], [ 548582.999992031836882, 1392219.000009621726349 ], [ 548601.999951161560602, 1392216.000045968452469 ], [ 548616.999922958901152, 1392210.000055485172197 ], [ 548659.999997349223122, 1392210.00003425613977 ], [ 548659.999997642589733, 1392273.999993733130395 ], [ 548670.999996009748429, 1392282.000023133354262 ], [ 548675.999992830911651, 1392308.000000811414793 ], [ 548703.000012571923435, 1392317.999979500891641 ], [ 548935.999969848431647, 1392315.00004157028161 ], [ 549036.999938694993034, 1392310.999965369235724 ], [ 549071.000005495850928, 1392279.000027047470212 ] ] ] ] } }
]
}
