{
"type": "FeatureCollection",
"name": "hien_trang_mang_luoi_duong_bo_WSG84",
"crs": { "type": "name", "properties": { "name": "urn:ogc:def:crs:OGC:1.3:CRS84" } },
"features": [
{ "type": "Feature", "properties": { "gid": 1, "objectid": 1.0, "phanloai": "Đường tỉnh", "capkythuat": null, "madoituong": "T79-SH01-00000001", "ten": "Trần Văn Giàu", "chieudai": 0.0, "quymo": null, "loaihientr": "Đối tượng hiện trạng dự kiến được nâng cấp, điều chỉnh trong quy hoạch", "nam": 2022.0, "nguon": "Hệ thống bản đồ quy hoạch Thành phố Hồ Chí Minh thời kỳ 2021 - 2030, tầm nhìn đến năm 2050", "nhan": null, "shape_leng": 10367.786095900001 }, "geometry": { "type": "MultiLineString", "coordinates": [ [ [ 106.591894314766151, 10.756403106983234 ], [ 106.588077262996805, 10.75682766679474 ], [ 106.586793878444112, 10.756840998514894 ], [ 106.586000906872002, 10.756922523584983 ], [ 106.583606482139217, 10.757492976702164 ], [ 106.581921917720308, 10.757960073098817 ], [ 106.578906001087049, 10.758703197432983 ], [ 106.575549860227667, 10.759571669985494 ], [ 106.574418049731946, 10.75986664376682 ], [ 106.572568808352614, 10.760805257571489 ], [ 106.569414553866835, 10.762154494790536 ], [ 106.565865948486348, 10.763717738623054 ], [ 106.558972630221831, 10.766983272028217 ], [ 106.551804077590887, 10.770589732406945 ], [ 106.539078933561996, 10.777007433569713 ], [ 106.51427213697248, 10.789484883888491 ], [ 106.505627394595493, 10.793864515074858 ] ] ] } },
{ "type": "Feature", "properties": { "gid": 2, "objectid": 2.0, "phanloai": "Đường tỉnh", "capkythuat": null, "madoituong": "T79-SH01-00000002", "ten": "Nguyễn Hữu Trí", "chieudai": 0.0, "quymo": null, "loaihientr": "Đối tượng hiện trạng dự kiến được nâng cấp, điều chỉnh trong quy hoạch", "nam": 2022.0, "nguon": "Hệ thống bản đồ quy hoạch Thành phố Hồ Chí Minh thời kỳ 2021 - 2030, tầm nhìn đến năm 2050", "nhan": null, "shape_leng": 5231.09727656 }, "geometry": { "type": "MultiLineString", "coordinates": [ [ [ 106.550744227589931, 10.684557143485833 ], [ 106.552550659221026, 10.685065242338782 ], [ 106.566932466978841, 10.689640312500224 ], [ 106.568731269608293, 10.690312798804042 ], [ 106.570639048878235, 10.690934463619666 ], [ 106.574698003329772, 10.691791612088819 ], [ 106.580173538821313, 10.692985241328426 ], [ 106.584242287513788, 10.694140126043017 ], [ 106.588022783898282, 10.6952723072918 ], [ 106.58949924507958, 10.695732337439212 ], [ 106.592008862747775, 10.696206041820162 ], [ 106.596821737190879, 10.69685627840895 ] ] ] } },
{ "type": "Feature", "properties": { "gid": 3, "objectid": 4.0, "phanloai": "Đường liên quận, huyện", "capkythuat": null, "madoituong": "T79-SH01-00000003", "ten": null, "chieudai": 0.0, "quymo": null, "loaihientr": "Đối tượng hiện trạng dự kiến được nâng cấp, điều chỉnh trong quy hoạch", "nam": 2022.0, "nguon": "Hệ thống bản đồ quy hoạch Thành phố Hồ Chí Minh thời kỳ 2021 - 2030, tầm nhìn đến năm 2050", "nhan": null, "shape_leng": 1715.62679809 }, "geometry": { "type": "MultiLineString", "coordinates": [ [ [ 106.733179548501511, 10.870017783191754 ], [ 106.733135283806874, 10.871622699383053 ], [ 106.733016033171751, 10.875946615173309 ], [ 106.733564857457836, 10.879680340025457 ], [ 106.73400425215317, 10.880321996646119 ], [ 106.735812783783871, 10.883074035015019 ], [ 106.736702373123521, 10.88458593770736 ] ] ] } },
{ "type": "Feature", "properties": { "gid": 4, "objectid": 5.0, "phanloai": "Đường tỉnh", "capkythuat": null, "madoituong": "T79-SH01-00000004", "ten": "Đinh Đức Thiện", "chieudai": 0.0, "quymo": null, "loaihientr": "Đối tượng hiện trạng dự kiến được nâng cấp, điều chỉnh trong quy hoạch", "nam": 2022.0, "nguon": "Hệ thống bản đồ quy hoạch Thành phố Hồ Chí Minh thời kỳ 2021 - 2030, tầm nhìn đến năm 2050", "nhan": null, "shape_leng": 2344.5007348499998 }, "geometry": { "type": "MultiLineString", "coordinates": [ [ [ 106.569829213129623, 10.664841989263271 ], [ 106.570369949633289, 10.663713870151478 ], [ 106.570767980492846, 10.663544164080935 ], [ 106.572149970040314, 10.662965982419786 ], [ 106.573657814022681, 10.66237611442234 ], [ 106.575551130454116, 10.661430748269838 ], [ 106.580611637187616, 10.658472076653103 ], [ 106.586004825136399, 10.65523981474832 ], [ 106.586495719099361, 10.654845136427909 ], [ 106.586734590105408, 10.653848774186013 ], [ 106.586881890447259, 10.653234359518127 ] ] ] } },
{ "type": "Feature", "properties": { "gid": 5, "objectid": 6.0, "phanloai": "Đường tỉnh", "capkythuat": null, "madoituong": "T79-SH01-00000005", "ten": "8", "chieudai": 0.0, "quymo": null, "loaihientr": "Đối tượng hiện trạng dự kiến được nâng cấp, điều chỉnh trong quy hoạch", "nam": 2022.0, "nguon": "Hệ thống bản đồ quy hoạch Thành phố Hồ Chí Minh thời kỳ 2021 - 2030, tầm nhìn đến năm 2050", "nhan": "8", "shape_leng": 4991.9738258799998 }, "geometry": { "type": "MultiLineString", "coordinates": [ [ [ 106.453507787598454, 10.941918782907766 ], [ 106.453836332560414, 10.942285403708432 ], [ 106.456274030600184, 10.944785444999798 ], [ 106.461993504754659, 10.950650927116278 ], [ 106.463284646613374, 10.951974981788331 ], [ 106.464082685604495, 10.953011538095218 ], [ 106.464681758664867, 10.953760062126889 ], [ 106.465484337390421, 10.954495315287872 ], [ 106.466776771736079, 10.955676135324209 ], [ 106.467510101798325, 10.956278580236155 ], [ 106.469141108904708, 10.958283259880185 ], [ 106.469813875461668, 10.959327254820581 ], [ 106.470332291483132, 10.960248050819393 ], [ 106.470595670807796, 10.960756135315064 ], [ 106.471166341773156, 10.961161796428124 ], [ 106.47176730710693, 10.961441724248488 ], [ 106.472958234055383, 10.96157384315587 ], [ 106.47417132275072, 10.961499493583924 ], [ 106.474609786455233, 10.961443552199293 ], [ 106.475375195451491, 10.961164496806848 ], [ 106.475824051132051, 10.960998308823724 ], [ 106.477628486558388, 10.960889016014873 ], [ 106.479718194260712, 10.960927171169281 ], [ 106.480286648232251, 10.961038160919438 ], [ 106.481838368754495, 10.961977305566029 ], [ 106.483507425291776, 10.96299965214812 ], [ 106.484018504155316, 10.963366222757342 ], [ 106.484426584089093, 10.963845022531165 ], [ 106.485262767716378, 10.966354354321934 ], [ 106.486040181506652, 10.968443278688248 ] ] ] } },
{ "type": "Feature", "properties": { "gid": 6, "objectid": 7.0, "phanloai": "Đường tỉnh", "capkythuat": null, "madoituong": "T79-SH01-00000006", "ten": "8", "chieudai": 0.0, "quymo": null, "loaihientr": "Đối tượng hiện trạng dự kiến được nâng cấp, điều chỉnh trong quy hoạch", "nam": 2022.0, "nguon": "Hệ thống bản đồ quy hoạch Thành phố Hồ Chí Minh thời kỳ 2021 - 2030, tầm nhìn đến năm 2050", "nhan": "8", "shape_leng": 18711.0043965 }, "geometry": { "type": "MultiLineString", "coordinates": [ [ [ 106.485603815812695, 10.968355282364577 ], [ 106.487667899886659, 10.969137310962424 ], [ 106.489866554895485, 10.97029311291044 ], [ 106.492887829319244, 10.972086042952622 ], [ 106.496586130721241, 10.974262245699462 ], [ 106.500035931445197, 10.976198216967688 ], [ 106.501303482769387, 10.976873080290304 ], [ 106.503056195196876, 10.977883636341268 ], [ 106.505408034700721, 10.979255214436565 ], [ 106.507097887302649, 10.980205225812874 ], [ 106.508203964427835, 10.980852472859558 ], [ 106.509153926986116, 10.98139612714877 ], [ 106.509863334847779, 10.981792589163208 ], [ 106.510493118927187, 10.982164520034633 ], [ 106.510924731159179, 10.982332640937312 ], [ 106.511493195067374, 10.982473019605122 ], [ 106.512269789303659, 10.98268907916461 ], [ 106.513189998049469, 10.982912849611079 ], [ 106.513906936844791, 10.983113686852507 ], [ 106.515306476427753, 10.98344416025512 ], [ 106.516957941741524, 10.983891183218402 ], [ 106.518634725767072, 10.984322882095118 ], [ 106.520032120276824, 10.984661344350336 ], [ 106.52188121109964, 10.985159356258393 ], [ 106.522667468029766, 10.985349260103318 ], [ 106.522984025339795, 10.985336589333418 ], [ 106.524212166388082, 10.985040400826017 ], [ 106.526114339930402, 10.984551516982426 ], [ 106.526529550930121, 10.984488971962717 ], [ 106.526968963064846, 10.984473705247041 ], [ 106.527705620134668, 10.984503129708962 ], [ 106.528546119368713, 10.984605220453243 ], [ 106.531043846073814, 10.984899049895121 ], [ 106.534741863727376, 10.985371695343986 ], [ 106.539629503623729, 10.985922784251217 ], [ 106.54118681595827, 10.986072679397612 ], [ 106.541820258737204, 10.986078945206049 ], [ 106.542582776039851, 10.985860483805409 ], [ 106.543421896336241, 10.985413809606461 ], [ 106.544030818909476, 10.985041674685011 ], [ 106.545257407043238, 10.98445872308506 ], [ 106.546322915465026, 10.983983863123074 ], [ 106.547046699062165, 10.983689346140375 ], [ 106.547523144785444, 10.98361113647846 ], [ 106.548053496810752, 10.983695142071626 ], [ 106.549522459342668, 10.984030571855007 ], [ 106.550449974135901, 10.984213581615618 ], [ 106.551842781859875, 10.984309211603888 ], [ 106.553201893531806, 10.984433288044746 ], [ 106.555511628375356, 10.984664564993039 ], [ 106.556542870061762, 10.984714768211392 ], [ 106.559269835980245, 10.984979635844612 ], [ 106.560206645543929, 10.984925842822642 ], [ 106.561680977350619, 10.98480077892726 ], [ 106.563158123838548, 10.984696489426449 ], [ 106.565091755018898, 10.984542964253517 ], [ 106.567434497310131, 10.984377592445485 ], [ 106.569273143721219, 10.984237570216683 ], [ 106.570956808944416, 10.984106003131771 ], [ 106.572828389254099, 10.983984401264907 ], [ 106.574425139030879, 10.983871809243682 ], [ 106.576603006156617, 10.983714681784196 ], [ 106.580297431968049, 10.983535724757546 ], [ 106.594827923606147, 10.982526992438014 ], [ 106.600024918562752, 10.982215177613782 ], [ 106.60118270235229, 10.982035967302826 ], [ 106.604212936735834, 10.981515509405712 ], [ 106.611369999302823, 10.980236299286501 ], [ 106.614709668906457, 10.979610679585834 ], [ 106.617435809148162, 10.979074110927632 ], [ 106.618275170794476, 10.978780360685978 ], [ 106.618949030885886, 10.978454803965118 ], [ 106.619787684128127, 10.977986113389122 ], [ 106.620830037105193, 10.977227890601712 ], [ 106.621837623565, 10.976506324658065 ], [ 106.622478625853887, 10.976120984195436 ], [ 106.623677420379281, 10.97549041616031 ], [ 106.625726215665765, 10.974580747150592 ], [ 106.626354012001656, 10.974355220945098 ], [ 106.627325525296897, 10.9741423001282 ], [ 106.628175592419012, 10.974008904355932 ], [ 106.630441777653147, 10.973600798515703 ], [ 106.63204334148908, 10.973333478522285 ], [ 106.634343874463156, 10.97319054506004 ], [ 106.636389319778687, 10.973222239144116 ], [ 106.637540476740455, 10.973278725745812 ], [ 106.639944637522007, 10.973409177687794 ], [ 106.64201904900915, 10.973974153376838 ], [ 106.643237607564743, 10.974450846648708 ], [ 106.643825357904234, 10.974748358603055 ], [ 106.64391408336175, 10.975667301693779 ], [ 106.643506055324849, 10.978880112828945 ], [ 106.643397895405045, 10.980203108180783 ], [ 106.643372958974822, 10.980682863438757 ] ] ] } },
{ "type": "Feature", "properties": { "gid": 7, "objectid": 8.0, "phanloai": "Đường tỉnh", "capkythuat": null, "madoituong": "T79-SH01-00000007", "ten": "7", "chieudai": 0.0, "quymo": null, "loaihientr": "Đối tượng hiện trạng dự kiến được nâng cấp, điều chỉnh trong quy hoạch", "nam": 2022.0, "nguon": "Hệ thống bản đồ quy hoạch Thành phố Hồ Chí Minh thời kỳ 2021 - 2030, tầm nhìn đến năm 2050", "nhan": "7", "shape_leng": 11632.40526 }, "geometry": { "type": "MultiLineString", "coordinates": [ [ [ 106.440039040302011, 11.02366712847609 ], [ 106.441118174576218, 11.025518782669042 ], [ 106.444189832183554, 11.031264113850105 ], [ 106.44522101169099, 11.032666254136315 ], [ 106.448723338292439, 11.036059784779829 ], [ 106.451338172527514, 11.038413191719092 ], [ 106.45458674796707, 11.040717671950112 ], [ 106.454862533754792, 11.041134519432799 ], [ 106.455190671370644, 11.044083622678523 ], [ 106.455246570788688, 11.047914925500526 ], [ 106.455226400698606, 11.049080050765538 ], [ 106.455243960945609, 11.049148391537035 ], [ 106.455675446191975, 11.049696527592422 ], [ 106.456670988883289, 11.054280096269864 ], [ 106.456986960683295, 11.054838798646818 ], [ 106.458119373735116, 11.056013928630087 ], [ 106.459613203505526, 11.056314215008184 ], [ 106.46431312564259, 11.055762926116904 ], [ 106.469088018250304, 11.05541815722262 ], [ 106.474017157405484, 11.058123147501291 ], [ 106.476382906085206, 11.059588999819841 ], [ 106.485200966556945, 11.065113796152957 ], [ 106.494525236753518, 11.071986245716447 ], [ 106.497314050498417, 11.074131888239423 ], [ 106.500921171455644, 11.076620898446427 ], [ 106.502105027840642, 11.077402550173851 ], [ 106.50576861115556, 11.080985027107973 ], [ 106.513876330914215, 11.088455882144377 ] ] ] } },
{ "type": "Feature", "properties": { "gid": 8, "objectid": 11.0, "phanloai": "Đường tỉnh", "capkythuat": null, "madoituong": "T79-SH01-00000008", "ten": "6", "chieudai": 0.0, "quymo": null, "loaihientr": "Đối tượng hiện trạng dự kiến được nâng cấp, điều chỉnh trong quy hoạch", "nam": 2022.0, "nguon": "Hệ thống bản đồ quy hoạch Thành phố Hồ Chí Minh thời kỳ 2021 - 2030, tầm nhìn đến năm 2050", "nhan": "6", "shape_leng": 2939.7842543500001 }, "geometry": { "type": "MultiLineString", "coordinates": [ [ [ 106.473049884294227, 11.139566475735208 ], [ 106.470850615284078, 11.138542742852671 ], [ 106.469456072691727, 11.137805205734333 ], [ 106.468535465101994, 11.137438198980036 ], [ 106.466155617110331, 11.137069259253202 ], [ 106.465547146573144, 11.136978305258792 ], [ 106.462391075362177, 11.135534510222007 ], [ 106.462402372526867, 11.135537537354029 ] ], [ [ 106.462402372526867, 11.135537537354029 ], [ 106.462430919347085, 11.135545187333213 ], [ 106.462521617689461, 11.135593354732924 ], [ 106.462402372526867, 11.135537537354029 ] ], [ [ 106.462402372526867, 11.135537537354029 ], [ 106.458915119054225, 11.133905168499233 ], [ 106.455259848795535, 11.132206848506897 ], [ 106.454486254699404, 11.132165623095311 ], [ 106.448973393610899, 11.13154939824004 ], [ 106.44806842512871, 11.131480645966226 ] ] ] } },
{ "type": "Feature", "properties": { "gid": 9, "objectid": 12.0, "phanloai": "Đường cao tốc", "capkythuat": null, "madoituong": "T79-SH01-00000009", "ten": "CT01", "chieudai": 0.0, "quymo": "4 làn xe", "loaihientr": "Đối tượng hiện trạng dự kiến được nâng cấp, điều chỉnh trong quy hoạch", "nam": 2022.0, "nguon": "Hệ thống bản đồ quy hoạch Thành phố Hồ Chí Minh thời kỳ 2021 - 2030, tầm nhìn đến năm 2050", "nhan": null, "shape_leng": 4833.7937907699998 }, "geometry": { "type": "MultiLineString", "coordinates": [ [ [ 106.594469196386797, 10.689746079556208 ], [ 106.59111554300263, 10.689131730033193 ], [ 106.570578897318526, 10.685112364257474 ], [ 106.567286709938756, 10.684368357713463 ], [ 106.565423283949983, 10.683869754076978 ], [ 106.563233056359834, 10.683262401822381 ], [ 106.558563018709648, 10.682017436852364 ], [ 106.554079524258995, 10.680688928344924 ], [ 106.553482690865948, 10.680450690868287 ], [ 106.552523348897822, 10.680145524897352 ], [ 106.551540882623812, 10.679680231540592 ] ] ] } },
{ "type": "Feature", "properties": { "gid": 10, "objectid": 13.0, "phanloai": "Đường trục chính đô thị", "capkythuat": null, "madoituong": "T79-SH01-00000010", "ten": "Nguyễn Văn Linh", "chieudai": 0.0, "quymo": null, "loaihientr": "Đối tượng hiện trạng dự kiến được nâng cấp, điều chỉnh trong quy hoạch", "nam": 2022.0, "nguon": "Hệ thống bản đồ quy hoạch Thành phố Hồ Chí Minh thời kỳ 2021 - 2030, tầm nhìn đến năm 2050", "nhan": null, "shape_leng": 26207.746396400002 }, "geometry": { "type": "MultiLineString", "coordinates": [ [ [ 106.792480267875931, 10.796111501889046 ], [ 106.792543679771441, 10.792650003207889 ], [ 106.792591979987378, 10.790013556640888 ], [ 106.792488814058615, 10.788583564332605 ], [ 106.79227250577523, 10.787655844921368 ], [ 106.7918889809105, 10.786989138020735 ], [ 106.790884550165899, 10.785707141845972 ], [ 106.786698415245112, 10.781573793099215 ], [ 106.775056261188155, 10.769917782629783 ], [ 106.767069460741041, 10.762320346905165 ], [ 106.760224785532756, 10.755439086939493 ], [ 106.754500163334569, 10.749939448091226 ], [ 106.739758371050982, 10.742404432083374 ], [ 106.732333852741476, 10.738632783898174 ], [ 106.7304201049688, 10.737474096988381 ], [ 106.729061226175773, 10.735934240022839 ], [ 106.7280877611189, 10.734826093602255 ], [ 106.727342909985254, 10.734239747290349 ], [ 106.726235063493661, 10.733758053385875 ], [ 106.724947818059505, 10.733610667322667 ], [ 106.722797117485342, 10.733843754634131 ], [ 106.721264857858827, 10.733767711675615 ], [ 106.719873316305438, 10.731578204264563 ], [ 106.718178716096929, 10.730215951236204 ], [ 106.717022183136947, 10.729643106096532 ], [ 106.715277411021503, 10.729247269574705 ], [ 106.713178507238865, 10.729259816199727 ], [ 106.705629646805221, 10.729052614949047 ], [ 106.691667931412894, 10.72866891020823 ], [ 106.679508719719038, 10.728334230494974 ], [ 106.673903249816021, 10.727979660805531 ], [ 106.670698992847463, 10.727691207062252 ], [ 106.665626844371246, 10.726307161965815 ], [ 106.66313935432791, 10.725062954882906 ], [ 106.660063113814758, 10.723351677152776 ], [ 106.654014162891201, 10.718432142873464 ], [ 106.641005106729764, 10.708159701996552 ], [ 106.633400792723407, 10.702154446927953 ], [ 106.632102749205544, 10.701310181683947 ], [ 106.629959968624661, 10.699832992436717 ], [ 106.624903454447633, 10.698145912759658 ], [ 106.609161910723785, 10.693766220846879 ], [ 106.594469196386797, 10.689746079556208 ] ] ] } },
{ "type": "Feature", "properties": { "gid": 11, "objectid": 15.0, "phanloai": "Quốc lộ", "capkythuat": null, "madoituong": "T79-SH01-00000011", "ten": "QL1", "chieudai": 0.0, "quymo": "8-10 làn xe", "loaihientr": "Đối tượng hiện trạng dự kiến được nâng cấp, điều chỉnh trong quy hoạch", "nam": 2022.0, "nguon": "Hệ thống bản đồ quy hoạch Thành phố Hồ Chí Minh thời kỳ 2021 - 2030, tầm nhìn đến năm 2050", "nhan": "1", "shape_leng": 50401.7074173 }, "geometry": { "type": "MultiLineString", "coordinates": [ [ [ 106.555588387666674, 10.656164867586446 ], [ 106.56296410488973, 10.660311029804097 ], [ 106.568471240573814, 10.663782524729308 ], [ 106.572605333402876, 10.667007808079536 ], [ 106.577450565620069, 10.670928506073594 ], [ 106.582126706440661, 10.675422418711104 ], [ 106.586693958253662, 10.679451589911784 ], [ 106.588827564496711, 10.681144491744208 ], [ 106.591896404449997, 10.684093972129547 ], [ 106.592399053183001, 10.684686717247853 ], [ 106.592776629429125, 10.685211876292563 ], [ 106.593459869047507, 10.686451954057542 ], [ 106.594248953996825, 10.688874110086621 ], [ 106.595603956505329, 10.693155643099091 ], [ 106.596821737190879, 10.69685627840895 ], [ 106.597351022371612, 10.699980726508013 ], [ 106.597404060634446, 10.704073656092699 ], [ 106.598044744479211, 10.706422468637358 ], [ 106.598902530658819, 10.711460664315794 ], [ 106.600250849259027, 10.718833437522312 ], [ 106.602323685090795, 10.731552327719914 ] ], [ [ 106.6023562225528, 10.731743391535792 ], [ 106.602568283663132, 10.733178378423904 ], [ 106.602579199869197, 10.733809760336504 ], [ 106.602510597684784, 10.734543188477829 ], [ 106.602456106815993, 10.734854371849448 ], [ 106.602298674653511, 10.735466353507844 ], [ 106.601994402571179, 10.736252427715538 ], [ 106.601686108919566, 10.736831938802903 ], [ 106.601294495683817, 10.737471993424252 ], [ 106.593947187430672, 10.749460637083851 ], [ 106.593152882391891, 10.750842925461393 ], [ 106.592818856843351, 10.751741278604928 ], [ 106.592430146169718, 10.753698208270462 ], [ 106.590564578081683, 10.764199502362915 ], [ 106.59052150244402, 10.765236390190772 ], [ 106.590707285537533, 10.766759231867782 ], [ 106.591644905252579, 10.771153340096221 ], [ 106.603404790575425, 10.82671571305668 ], [ 106.603727860073761, 10.828314541830434 ], [ 106.604124863459916, 10.829441364274583 ], [ 106.604655675210893, 10.830395571309278 ], [ 106.607025490761771, 10.834459744900274 ], [ 106.608000468150493, 10.835994891493344 ], [ 106.608515999562471, 10.836580035548947 ], [ 106.610575725293643, 10.838439223243697 ], [ 106.612637322488666, 10.840281806492087 ], [ 106.61358629025294, 10.84113357954522 ], [ 106.618323405473063, 10.845434227719586 ], [ 106.619452621985218, 10.846381202188262 ], [ 106.619653722312933, 10.846513301708589 ], [ 106.619994521543774, 10.846712747283817 ], [ 106.620763091358782, 10.847085417736153 ], [ 106.62576275278947, 10.84942248045911 ], [ 106.62972437085871, 10.851274227360378 ], [ 106.633356479436188, 10.853167126088001 ], [ 106.6367079370591, 10.854985495257349 ], [ 106.639755180670008, 10.856638755130401 ], [ 106.644974853889011, 10.859470531103865 ], [ 106.648424762677536, 10.861342091037184 ], [ 106.648719791106274, 10.861500006282119 ], [ 106.649334419084227, 10.861761576126542 ], [ 106.649618530052223, 10.861848923806852 ], [ 106.649771630502556, 10.861887873783765 ], [ 106.650080409648183, 10.861949932288217 ], [ 106.650335040807022, 10.86198374356395 ], [ 106.650600653833393, 10.86200526465182 ], [ 106.650847925383147, 10.862010315290519 ], [ 106.654898262763112, 10.861861750177971 ], [ 106.659399492461134, 10.861694089008282 ], [ 106.660682451955637, 10.861646289404458 ], [ 106.662762805699131, 10.861568769655822 ], [ 106.664176046321018, 10.861516100572452 ], [ 106.665693785427507, 10.861510891321673 ], [ 106.678426671562192, 10.861462332106564 ], [ 106.680164421282896, 10.861460848880762 ], [ 106.681515081092343, 10.861377756417339 ], [ 106.681868411180261, 10.861354989397491 ], [ 106.683828224699212, 10.861228699660124 ], [ 106.684481163208389, 10.861186622065292 ], [ 106.688166298905799, 10.860949112363665 ], [ 106.690413853395043, 10.86080423450497 ], [ 106.692038017372539, 10.860699529592084 ], [ 106.696260932494909, 10.860192477640892 ], [ 106.703907003601415, 10.859182320309106 ], [ 106.708605198742546, 10.858709946993059 ], [ 106.70949746163744, 10.858601425476987 ], [ 106.709862779628608, 10.858583604903071 ], [ 106.710151009494652, 10.8585905672068 ], [ 106.710476620667379, 10.858619401460768 ], [ 106.710817572204419, 10.85867479008145 ], [ 106.711161899441834, 10.858757956733102 ], [ 106.711766646790878, 10.858975622118679 ], [ 106.723610683117769, 10.865097405150438 ], [ 106.731103093793507, 10.869004636414919 ], [ 106.733864778003621, 10.870332517236317 ], [ 106.735719817230489, 10.871158633761434 ], [ 106.736154858087701, 10.87130600086444 ], [ 106.736675630067793, 10.871439309690517 ], [ 106.737853400886905, 10.871666148112329 ], [ 106.738234324875023, 10.871738878457696 ], [ 106.739467870284926, 10.871974398770448 ], [ 106.740976957502269, 10.872262521189613 ], [ 106.741541776084318, 10.872397190644902 ], [ 106.741935371100226, 10.872520178235209 ], [ 106.744476493390749, 10.873341804221262 ], [ 106.751641810497816, 10.875658437107093 ], [ 106.752782090468884, 10.875983300861618 ], [ 106.753501103454369, 10.876088437086517 ], [ 106.754123732277364, 10.876113206635518 ], [ 106.75474584758598, 10.876078028236227 ], [ 106.755361556353762, 10.875983236668562 ], [ 106.75594843603416, 10.875818862419445 ], [ 106.758779531577005, 10.875241998352189 ], [ 106.763962994993861, 10.873716405716259 ], [ 106.768338573828913, 10.872249903744096 ], [ 106.77412324705891, 10.8701917206589 ], [ 106.776032281274823, 10.869598906478698 ], [ 106.780184850433628, 10.868309359457189 ], [ 106.78171601032308, 10.867836809909395 ], [ 106.782251318563979, 10.867712334693708 ], [ 106.782624119455576, 10.867653241168513 ], [ 106.783503393108887, 10.867565971332645 ], [ 106.785090951120338, 10.867415752524343 ], [ 106.788727941023964, 10.867071582392889 ], [ 106.789588457770904, 10.866987464847909 ], [ 106.790054133071479, 10.866917489142851 ], [ 106.790957323084967, 10.866692527961106 ], [ 106.791486362985907, 10.866502003663188 ], [ 106.792062141247953, 10.866241110174208 ], [ 106.792716706016648, 10.865864643196309 ], [ 106.793317554249143, 10.865432685727349 ], [ 106.793850835781896, 10.864962662074646 ], [ 106.794332937006956, 10.864446187283596 ], [ 106.794550225832836, 10.864176958421993 ], [ 106.794997626478207, 10.86355989729692 ], [ 106.795460434408966, 10.862749564825185 ] ], [ [ 106.795460511342853, 10.862749430584653 ], [ 106.795871587945058, 10.862978447727178 ], [ 106.802772103777883, 10.866781460821219 ], [ 106.805212461698588, 10.868736785051569 ], [ 106.80949855360582, 10.874330401007176 ], [ 106.813729206389866, 10.879805465347427 ], [ 106.817441507676946, 10.885231386330494 ], [ 106.823023466406624, 10.892804249561843 ], [ 106.82507531025648, 10.895346452661 ], [ 106.826657900652037, 10.896586474363657 ], [ 106.828502334336534, 10.897600307940722 ], [ 106.831345006194525, 10.898535126504216 ] ] ] } },
{ "type": "Feature", "properties": { "gid": 12, "objectid": 16.0, "phanloai": "Đường trục chính đô thị", "capkythuat": null, "madoituong": "T79-SH01-00000012", "ten": "1K", "chieudai": 0.0, "quymo": "4 làn xe", "loaihientr": "Đối tượng hiện trạng dự kiến được nâng cấp, điều chỉnh trong quy hoạch", "nam": 2022.0, "nguon": "Hệ thống bản đồ quy hoạch Thành phố Hồ Chí Minh thời kỳ 2021 - 2030, tầm nhìn đến năm 2050", "nhan": "1K", "shape_leng": 1938.5499070799999 }, "geometry": { "type": "MultiLineString", "coordinates": [ [ [ 106.765127247221074, 10.87333044333395 ], [ 106.766099677333301, 10.875958283049266 ], [ 106.766434365098945, 10.876833251556359 ], [ 106.766545648930418, 10.878058301510716 ], [ 106.766775137956046, 10.878764068301761 ], [ 106.76757136338216, 10.879751195091451 ], [ 106.768565439079708, 10.880899720329635 ], [ 106.771435117662662, 10.884346347554601 ], [ 106.772539747911154, 10.885602436009176 ], [ 106.772788809271361, 10.885843684208719 ], [ 106.773790867643768, 10.88663900809329 ], [ 106.774862096823881, 10.887380824741125 ], [ 106.774870385584094, 10.887386451213951 ] ] ] } },
{ "type": "Feature", "properties": { "gid": 13, "objectid": 17.0, "phanloai": "Quốc lộ", "capkythuat": null, "madoituong": "T79-SH01-00000013", "ten": "QL50", "chieudai": 0.0, "quymo": "2-4 làn xe", "loaihientr": "Đối tượng hiện trạng dự kiến được nâng cấp, điều chỉnh trong quy hoạch", "nam": 2022.0, "nguon": "Hệ thống bản đồ quy hoạch Thành phố Hồ Chí Minh thời kỳ 2021 - 2030, tầm nhìn đến năm 2050", "nhan": "50", "shape_leng": 12194.382984 }, "geometry": { "type": "MultiLineString", "coordinates": [ [ [ 106.660426261352114, 10.748887153402784 ], [ 106.660553917846784, 10.748229954458953 ], [ 106.660513316633384, 10.747253107631117 ], [ 106.660442556586872, 10.746894159618934 ], [ 106.659988254693204, 10.746302793190214 ], [ 106.65897681349432, 10.745873031084518 ], [ 106.658078464292927, 10.745339165527204 ], [ 106.656291200610042, 10.744310685365729 ], [ 106.655675083099482, 10.743838520694799 ], [ 106.65546792144842, 10.743239889733836 ], [ 106.655641443870707, 10.74259606403333 ], [ 106.656216590479261, 10.741072549216844 ], [ 106.656321514386377, 10.740665025093264 ], [ 106.656232973156236, 10.739245196454606 ], [ 106.656219480741413, 10.738558931526205 ], [ 106.656212467589469, 10.736110091746351 ], [ 106.656149552317686, 10.734049354627548 ], [ 106.656032084446096, 10.729967128047148 ], [ 106.655725503652135, 10.71969021763576 ], [ 106.655595665397144, 10.715926842929653 ], [ 106.655525617735819, 10.714118952667462 ], [ 106.655632583553611, 10.712568016868596 ], [ 106.655752916722605, 10.711056728305758 ], [ 106.655463671788695, 10.708548329851913 ], [ 106.654732935045971, 10.703948172875549 ], [ 106.654481900585708, 10.701867371576093 ], [ 106.654178274146389, 10.700033674596202 ], [ 106.654413396104744, 10.698675183780868 ], [ 106.65466452842935, 10.697107655778252 ], [ 106.655013307328446, 10.695126254603966 ], [ 106.655136972692446, 10.69425157019286 ], [ 106.655067536030558, 10.693129190440983 ], [ 106.654858283961971, 10.691641183465189 ], [ 106.654667391230646, 10.6908567081532 ], [ 106.654228877468825, 10.68989905807884 ], [ 106.65383773025367, 10.689056239236329 ], [ 106.653519588352196, 10.688292412745959 ], [ 106.652234601976886, 10.685555996965844 ], [ 106.651944136125053, 10.684881301528696 ], [ 106.65102929552944, 10.682846226062448 ], [ 106.650642259648308, 10.682031110869799 ], [ 106.650512740265853, 10.68166817239957 ], [ 106.65041289643861, 10.681085723750783 ], [ 106.65034910801036, 10.680550981219412 ], [ 106.650417887906173, 10.679638624885698 ], [ 106.650518607521605, 10.678444878372629 ], [ 106.650734159186698, 10.675940519568316 ], [ 106.650816203303563, 10.674951748165658 ], [ 106.651051288221993, 10.671372669079155 ], [ 106.651071484291776, 10.669630763038001 ], [ 106.651222046731647, 10.667789623353025 ], [ 106.651463066209558, 10.66454654703127 ], [ 106.651696604937186, 10.661558876255439 ], [ 106.651795319434441, 10.659953583466104 ], [ 106.652040000936822, 10.658757801540911 ], [ 106.652619555234736, 10.657495335520521 ], [ 106.653179278464492, 10.656283880038444 ], [ 106.654270525034534, 10.653929127959135 ], [ 106.655229355677221, 10.650667181335981 ], [ 106.656336142867843, 10.646959337831802 ], [ 106.656611037312032, 10.645817919269469 ], [ 106.656911383389115, 10.643506306897612 ] ] ] } },
{ "type": "Feature", "properties": { "gid": 14, "objectid": 18.0, "phanloai": "Đường trục chính đô thị", "capkythuat": null, "madoituong": "T79-SH01-00000014", "ten": "Võ Nguyên Giáp", "chieudai": 0.0, "quymo": null, "loaihientr": "Đối tượng hiện trạng dự kiến được nâng cấp, điều chỉnh trong quy hoạch", "nam": 2022.0, "nguon": "Hệ thống bản đồ quy hoạch Thành phố Hồ Chí Minh thời kỳ 2021 - 2030, tầm nhìn đến năm 2050", "nhan": null, "shape_leng": 7986.1865754800001 }, "geometry": { "type": "MultiLineString", "coordinates": [ [ [ 106.754661193276462, 10.806792043004748 ], [ 106.756771967158883, 10.811579301972348 ], [ 106.757967817947772, 10.81878294000723 ], [ 106.759800036798808, 10.824349352798015 ], [ 106.766848708973953, 10.836855105452999 ], [ 106.770139031542669, 10.843336777832365 ], [ 106.774391626337049, 10.849828366026708 ], [ 106.781420303371135, 10.854291087591616 ], [ 106.789833284467278, 10.859614315739833 ], [ 106.795460511342853, 10.862749430584653 ] ] ] } },
{ "type": "Feature", "properties": { "gid": 15, "objectid": 20.0, "phanloai": "Quốc lộ", "capkythuat": null, "madoituong": "T79-SH01-00000015", "ten": "QL13", "chieudai": 0.0, "quymo": "4-6 làn xe", "loaihientr": "Đối tượng hiện trạng dự kiến được nâng cấp, điều chỉnh trong quy hoạch", "nam": 2022.0, "nguon": "Hệ thống bản đồ quy hoạch Thành phố Hồ Chí Minh thời kỳ 2021 - 2030, tầm nhìn đến năm 2050", "nhan": "13", "shape_leng": 5757.9286733899999 }, "geometry": { "type": "MultiLineString", "coordinates": [ [ [ 106.715554156956827, 10.868496296838353 ], [ 106.71701634234762, 10.8679955090706 ], [ 106.721071601079444, 10.867920762537029 ], [ 106.721991600403186, 10.867616248114011 ], [ 106.722791747176345, 10.867078120743347 ], [ 106.723405905429843, 10.866254690340289 ], [ 106.723960706547899, 10.865229372976941 ], [ 106.724640300651814, 10.863804889820635 ], [ 106.724964575267393, 10.86294891798725 ], [ 106.724857269815942, 10.862176714500496 ], [ 106.724418453855122, 10.860999631220748 ], [ 106.722571318690655, 10.85623976724858 ], [ 106.720690165306522, 10.85227821993465 ], [ 106.719049078768847, 10.84966519930555 ], [ 106.718422825417775, 10.84870894773174 ], [ 106.718210825238586, 10.847611930201195 ], [ 106.718184329114834, 10.846574888289947 ], [ 106.718230717929345, 10.843890137428284 ], [ 106.718163427650765, 10.842914334067061 ], [ 106.717933068878452, 10.842203822176575 ], [ 106.717270346538413, 10.841434708531237 ], [ 106.714600505153527, 10.838185477007556 ], [ 106.714048814605235, 10.837267021510595 ], [ 106.713915537311095, 10.836441567963037 ], [ 106.714397054122315, 10.82591577584722 ] ] ] } },
{ "type": "Feature", "properties": { "gid": 16, "objectid": 22.0, "phanloai": "Quốc lộ", "capkythuat": null, "madoituong": "T79-SH01-00000016", "ten": "QL22", "chieudai": 31.0, "quymo": "4-6 làn xe", "loaihientr": "Đối tượng hiện trạng dự kiến được nâng cấp, điều chỉnh trong quy hoạch", "nam": 2022.0, "nguon": "Hệ thống bản đồ quy hoạch Thành phố Hồ Chí Minh thời kỳ 2021 - 2030, tầm nhìn đến năm 2050", "nhan": "22", "shape_leng": 30213.669364099998 }, "geometry": { "type": "MultiLineString", "coordinates": [ [ [ 106.615158661455553, 10.84283468580904 ], [ 106.603520655924754, 10.860747569385557 ], [ 106.587055733613923, 10.883975465787477 ], [ 106.575404982637153, 10.900419056419549 ], [ 106.561794444020734, 10.91989010374623 ], [ 106.555279321773924, 10.929351310465082 ], [ 106.553217058807817, 10.93158521657675 ], [ 106.551050443318687, 10.934112068564117 ], [ 106.548639878155115, 10.93526636986407 ], [ 106.536220211177607, 10.941305163866312 ], [ 106.529495848263323, 10.944575250675603 ], [ 106.524972087001629, 10.946754758264285 ], [ 106.522757236953183, 10.948198836952077 ], [ 106.516593484176937, 10.95242936123265 ], [ 106.510284562971393, 10.956760828617977 ], [ 106.506931072006282, 10.958400321165158 ], [ 106.501108210567452, 10.961448684364809 ], [ 106.498085796330258, 10.963202951354948 ], [ 106.495883741890083, 10.964445927938812 ], [ 106.495233407279457, 10.964783960670141 ], [ 106.492651708972645, 10.965788002972742 ], [ 106.489027262641471, 10.967217149494964 ], [ 106.485942753755381, 10.968402358772414 ], [ 106.484490866104949, 10.96925909742794 ], [ 106.483254575091209, 10.970062972507161 ], [ 106.481673713936203, 10.971298989031295 ], [ 106.481028032830807, 10.971902296959019 ], [ 106.480442044881556, 10.97234723249435 ], [ 106.479676439915892, 10.9727463184526 ], [ 106.477831934493381, 10.973590134309731 ], [ 106.476137290123063, 10.974440443168763 ], [ 106.47400345191835, 10.975557551638024 ], [ 106.471782266945453, 10.976762860757294 ], [ 106.467958070953713, 10.978876925196545 ], [ 106.465497240709027, 10.980252786163895 ], [ 106.463170759177132, 10.981569938983958 ], [ 106.460808178145385, 10.983143228442714 ], [ 106.457113172965791, 10.985574402824478 ], [ 106.454200939900744, 10.987455549037909 ], [ 106.452505119247519, 10.988577560060216 ], [ 106.451924605488742, 10.989084232547755 ], [ 106.45112922343607, 10.989856103296257 ], [ 106.449512678180326, 10.991624903750983 ], [ 106.446863861970115, 10.994544760382247 ], [ 106.444983618081437, 10.996635910728731 ], [ 106.443577005146352, 10.998163676230753 ], [ 106.44283912579678, 10.99896750774675 ], [ 106.442524918322889, 10.999258485347529 ], [ 106.441748470072625, 10.999832367632328 ], [ 106.440093836742307, 11.000747909530642 ], [ 106.438988991582463, 11.001348368752643 ], [ 106.43584209391031, 11.003011806216302 ], [ 106.434775075622525, 11.003499209823213 ], [ 106.433189722209249, 11.004035463054286 ], [ 106.427061794123972, 11.005969614577358 ], [ 106.419450476318957, 11.008408828735737 ], [ 106.418286385474389, 11.008848708606269 ], [ 106.417643972817601, 11.00919000587373 ], [ 106.416461864298483, 11.010127048068691 ], [ 106.413962262312921, 11.012372268388106 ], [ 106.413032769781253, 11.013168889132627 ], [ 106.412253383612736, 11.013636517711483 ], [ 106.410467677557094, 11.014490077196367 ] ] ] } },
{ "type": "Feature", "properties": { "gid": 17, "objectid": 24.0, "phanloai": "Đường cao tốc", "capkythuat": null, "madoituong": "T79-SH01-00000017", "ten": "CT29", "chieudai": 0.0, "quymo": "4 làn xe", "loaihientr": "Đối tượng hiện trạng dự kiến được nâng cấp, điều chỉnh trong quy hoạch", "nam": 2022.0, "nguon": "Hệ thống bản đồ quy hoạch Thành phố Hồ Chí Minh thời kỳ 2021 - 2030, tầm nhìn đến năm 2050", "nhan": null, "shape_leng": 8538.90439702 }, "geometry": { "type": "MultiLineString", "coordinates": [ [ [ 106.75178919299502, 10.792310823860339 ], [ 106.756653081214466, 10.793774975484826 ], [ 106.760515917715978, 10.794725435805475 ], [ 106.763574806446627, 10.79547096892505 ], [ 106.766888663256822, 10.795873668899182 ], [ 106.773785900239417, 10.796194816441499 ], [ 106.781923755773605, 10.796474621958025 ], [ 106.78845577327148, 10.796426221149268 ], [ 106.791819189075142, 10.796182665593026 ], [ 106.794069320504519, 10.795866152787688 ], [ 106.798033067140778, 10.795218273539167 ], [ 106.80566820610278, 10.793876044279843 ], [ 106.813775846637824, 10.7924960205366 ], [ 106.826001516824746, 10.790339330487502 ], [ 106.828825800742308, 10.789803945822422 ] ] ] } },
{ "type": "Feature", "properties": { "gid": 18, "objectid": 25.0, "phanloai": "Đường liên quận, huyện", "capkythuat": null, "madoituong": "T79-SH01-00000018", "ten": "Võ Trần Trí", "chieudai": 0.0, "quymo": null, "loaihientr": "Đối tượng hiện trạng dự kiến được nâng cấp, điều chỉnh trong quy hoạch", "nam": 2022.0, "nguon": "Hệ thống bản đồ quy hoạch Thành phố Hồ Chí Minh thời kỳ 2021 - 2030, tầm nhìn đến năm 2050", "nhan": null, "shape_leng": 9477.9664911199998 }, "geometry": { "type": "MultiLineString", "coordinates": [ [ [ 106.589985736096608, 10.764834395635907 ], [ 106.58805925724478, 10.764771919423202 ], [ 106.5874646953053, 10.764702981517944 ], [ 106.587119760512394, 10.764632454040733 ], [ 106.586890373224463, 10.764545631789018 ], [ 106.586660986042148, 10.76445880844433 ], [ 106.586237332525414, 10.764233754851377 ], [ 106.58569992051396, 10.763746417634909 ], [ 106.585403968901929, 10.76332314042723 ], [ 106.58533851814633, 10.763197575687927 ], [ 106.585237399969159, 10.763001302484117 ], [ 106.585136854867386, 10.762723967240806 ], [ 106.585104199439058, 10.762602731772633 ], [ 106.585080065607784, 10.762524004734919 ], [ 106.584920522687881, 10.761905307290288 ], [ 106.584740911344568, 10.761161711507164 ], [ 106.584061468306558, 10.75834876125017 ], [ 106.583893045470788, 10.757647389728755 ], [ 106.583786531872235, 10.757209280294049 ], [ 106.583674120498415, 10.756772763137242 ], [ 106.583555835628545, 10.756337931246435 ], [ 106.583431703374544, 10.755904878504314 ], [ 106.583301749828834, 10.755473695177045 ], [ 106.583166002921217, 10.755044473329406 ], [ 106.581825641893914, 10.750834864721703 ], [ 106.581697433337979, 10.750437843127212 ], [ 106.581574535888578, 10.750038980762156 ], [ 106.581456975571115, 10.749638362487556 ], [ 106.581344775653562, 10.749236070466074 ], [ 106.581237961245975, 10.748832189563077 ], [ 106.581136553800889, 10.74842680466236 ], [ 106.581040572927677, 10.748019997944654 ], [ 106.580950041006247, 10.747611857000892 ], [ 106.580864975816496, 10.747202464020713 ], [ 106.580785394256594, 10.746791907526669 ], [ 106.579237427141251, 10.738987357266817 ], [ 106.578366579794462, 10.734597844594473 ], [ 106.578232389929084, 10.733921441803407 ], [ 106.578182305548637, 10.733668989360558 ], [ 106.578178783160624, 10.733651236322297 ], [ 106.578175261682702, 10.733633482375206 ], [ 106.578171739295826, 10.733615729336735 ], [ 106.578168216909461, 10.733597976298123 ], [ 106.578164693604776, 10.73358022235996 ], [ 106.578161170310011, 10.733562470229845 ], [ 106.578157646092208, 10.733544716296086 ], [ 106.578154122798551, 10.733526964165733 ], [ 106.578150597672334, 10.733509211140445 ], [ 106.578147070718202, 10.733491458124332 ], [ 106.57814354468826, 10.733473706911608 ], [ 106.57814001682101, 10.733455953899892 ], [ 106.578136488963722, 10.733438202696219 ], [ 106.578132959273859, 10.733420450597617 ], [ 106.578129428670323, 10.733402698503541 ], [ 106.578125896243577, 10.733384947322699 ], [ 106.5781223638174, 10.733367196141742 ], [ 106.578118828653785, 10.733349445878646 ], [ 106.578115292576513, 10.733331695620086 ], [ 106.578111754671369, 10.733313945370684 ], [ 106.578108215852524, 10.733296195125787 ], [ 106.578104675215215, 10.733278446698209 ], [ 106.57810113183109, 10.733260697380357 ], [ 106.578097587537982, 10.7332429489711 ], [ 106.578094040502748, 10.733225200575641 ], [ 106.578090491644346, 10.733207453093412 ], [ 106.578086940043818, 10.733189705624959 ], [ 106.578083387534321, 10.733171959065116 ], [ 106.578079832282711, 10.733154212519075 ], [ 106.578076274293707, 10.733136466890922 ], [ 106.578072714476789, 10.733118721271905 ], [ 106.578069151008236, 10.7331009765754 ], [ 106.578065585711826, 10.733083231888051 ], [ 106.57806201768264, 10.733065489022644 ], [ 106.578058446906695, 10.733047745266978 ], [ 106.57805487248379, 10.733030003337875 ], [ 106.578051296233014, 10.733012261417935 ], [ 106.578047715416346, 10.732994520425136 ], [ 106.578044132776512, 10.732976780345583 ], [ 106.578040547394579, 10.732959040279804 ], [ 106.578036957446784, 10.732941301141192 ], [ 106.578033364761581, 10.732923562920444 ], [ 106.578029768424713, 10.732905825622195 ], [ 106.578026168431563, 10.732888088342387 ], [ 106.578022565700962, 10.732870351980447 ], [ 106.578018958409217, 10.732852617449717 ], [ 106.578015347461161, 10.732834882937421 ], [ 106.578011732861441, 10.732817149347651 ], [ 106.578004490874022, 10.732781684040789 ], [ 106.57738455426896, 10.730004033025356 ], [ 106.577380351712151, 10.729986438011409 ], [ 106.577376147327527, 10.729968843006578 ], [ 106.577371943867135, 10.729951249805115 ], [ 106.577367738574225, 10.729933655708702 ], [ 106.577363534191477, 10.729916060703445 ], [ 106.577359327990308, 10.729898467515456 ], [ 106.577355121785075, 10.729880873423244 ], [ 106.577350915580496, 10.729863279330893 ], [ 106.577346709381189, 10.729845686142465 ], [ 106.577342503177846, 10.729828092049823 ], [ 106.576844119801351, 10.727743583183541 ], [ 106.576633799622357, 10.726863898375425 ], [ 106.576537052282518, 10.72645924362466 ], [ 106.576003887059088, 10.724225553467143 ], [ 106.574706514780829, 10.718792923378684 ], [ 106.571161974935904, 10.702532678786174 ], [ 106.567092607432272, 10.68478192273731 ] ] ] } },
{ "type": "Feature", "properties": { "gid": 19, "objectid": 27.0, "phanloai": "Đường liên quận, huyện", "capkythuat": null, "madoituong": "T79-SH01-00000019", "ten": null, "chieudai": 0.0, "quymo": null, "loaihientr": "Đối tượng hiện trạng dự kiến được nâng cấp, điều chỉnh trong quy hoạch", "nam": 2022.0, "nguon": "Hệ thống bản đồ quy hoạch Thành phố Hồ Chí Minh thời kỳ 2021 - 2030, tầm nhìn đến năm 2050", "nhan": null, "shape_leng": 6652.93226951 }, "geometry": { "type": "MultiLineString", "coordinates": [ [ [ 106.649619081728119, 10.861828632846514 ], [ 106.649374881143402, 10.870804498298337 ], [ 106.649073324399566, 10.87508360801619 ], [ 106.648947568600875, 10.87825910627031 ], [ 106.648721828165762, 10.881821857914725 ], [ 106.64841101035384, 10.883404965976268 ], [ 106.647901826939659, 10.886004017035164 ], [ 106.647518947907841, 10.888031476500814 ], [ 106.647112774459501, 10.890191986683451 ], [ 106.647075742177293, 10.891464367551633 ], [ 106.646924695161459, 10.893859660487376 ], [ 106.64695200338663, 10.894552952345517 ], [ 106.646755755934251, 10.895288157498983 ], [ 106.645865593637211, 10.898815841311794 ], [ 106.644803515459898, 10.902928632783031 ], [ 106.644522670410836, 10.903807757930128 ], [ 106.644121632240356, 10.904537628703569 ], [ 106.643918663271307, 10.90520641485889 ], [ 106.643912857609223, 10.906275612245718 ], [ 106.644178194730245, 10.90802415871171 ], [ 106.644333592849492, 10.908906149126432 ], [ 106.646219221938765, 10.911186346927769 ], [ 106.6491538280398, 10.914681932741777 ], [ 106.649626614306058, 10.915945410530869 ], [ 106.649643005392534, 10.916535672967353 ], [ 106.649055283161957, 10.919472945176125 ] ] ] } },
{ "type": "Feature", "properties": { "gid": 20, "objectid": 28.0, "phanloai": "Đường tỉnh", "capkythuat": null, "madoituong": "T79-SH01-00000020", "ten": "Nguyễn Văn Bứa", "chieudai": 0.0, "quymo": null, "loaihientr": "Đối tượng hiện trạng dự kiến được nâng cấp, điều chỉnh trong quy hoạch", "nam": 2022.0, "nguon": "Hệ thống bản đồ quy hoạch Thành phố Hồ Chí Minh thời kỳ 2021 - 2030, tầm nhìn đến năm 2050", "nhan": null, "shape_leng": 7265.0324985699999 }, "geometry": { "type": "MultiLineString", "coordinates": [ [ [ 106.587037476955828, 10.883918586603647 ], [ 106.586096519459318, 10.883486246497737 ], [ 106.584520456171902, 10.883286540975426 ], [ 106.584506291982123, 10.883286528213244 ], [ 106.583939887989544, 10.882841698871283 ], [ 106.58317170439669, 10.881584156511687 ], [ 106.58274117148234, 10.88075334973907 ], [ 106.582364699488664, 10.880259248071326 ], [ 106.581720946908234, 10.879531444059536 ], [ 106.580681500846097, 10.878570141879674 ], [ 106.578249950998313, 10.876645085690303 ], [ 106.576805022485345, 10.875825228810179 ], [ 106.574524058942345, 10.874401538387966 ], [ 106.572229675208149, 10.873213330109492 ], [ 106.571619562478801, 10.872915772192673 ], [ 106.570762181394187, 10.872670546738437 ], [ 106.569437452081971, 10.872382082500209 ], [ 106.567051592176185, 10.87183467703731 ], [ 106.566416733037542, 10.871668164726429 ], [ 106.565775389313472, 10.871436227665392 ], [ 106.562123112446812, 10.869964735575829 ], [ 106.55850394180888, 10.868464538220969 ], [ 106.558030682427145, 10.868288307338803 ], [ 106.556883567961194, 10.868412245643363 ], [ 106.552704448668521, 10.869125939757577 ], [ 106.54359510677557, 10.870405352086198 ], [ 106.539847938226728, 10.87090598712023 ], [ 106.535350591434195, 10.871793653335203 ], [ 106.528800014564467, 10.873119827634614 ], [ 106.526035050716445, 10.873651378962268 ] ] ] } },
{ "type": "Feature", "properties": { "gid": 21, "objectid": 29.0, "phanloai": "Đường tỉnh", "capkythuat": null, "madoituong": "T79-SH01-00000021", "ten": "2", "chieudai": 0.0, "quymo": null, "loaihientr": "Đối tượng hiện trạng dự kiến được nâng cấp, điều chỉnh trong quy hoạch", "nam": 2022.0, "nguon": "Hệ thống bản đồ quy hoạch Thành phố Hồ Chí Minh thời kỳ 2021 - 2030, tầm nhìn đến năm 2050", "nhan": "2", "shape_leng": 20101.3316218 }, "geometry": { "type": "MultiLineString", "coordinates": [ [ [ 106.550951663072311, 10.934199370443899 ], [ 106.5505230174562, 10.934556238278272 ], [ 106.550229498980698, 10.934787340115133 ], [ 106.549643311952224, 10.935387918949337 ], [ 106.547994017239262, 10.937134805703712 ], [ 106.545357367698386, 10.940050022444645 ], [ 106.542056036227308, 10.943606346509368 ], [ 106.538265043663273, 10.947677955577422 ], [ 106.536670987012286, 10.949440811788865 ], [ 106.534716630509564, 10.951487113044914 ], [ 106.532845342231894, 10.953517659453764 ], [ 106.531426475969937, 10.955052276858609 ], [ 106.52878673584722, 10.957959514366445 ], [ 106.526493273586425, 10.960415590961324 ], [ 106.523654856704326, 10.963501133422916 ], [ 106.522733507079394, 10.964500451490501 ], [ 106.520251978850723, 10.96720964517829 ], [ 106.517871112211679, 10.96972346739244 ], [ 106.515243442945973, 10.972583467203849 ], [ 106.511571111510477, 10.976529632465663 ], [ 106.508123268258132, 10.980215813809812 ], [ 106.506861989805259, 10.981580804582709 ], [ 106.504742364815229, 10.983864500487549 ], [ 106.501395361025601, 10.987455323130213 ], [ 106.499213546484285, 10.989743798935189 ], [ 106.497466044829508, 10.991573187628028 ], [ 106.495650242454971, 10.993516910078991 ], [ 106.494462472698046, 10.994721172452245 ], [ 106.492837478444628, 10.995503018166154 ], [ 106.490784092158691, 10.996291831928886 ], [ 106.485927000814101, 10.998285703148955 ], [ 106.482586089602691, 10.999603158104957 ], [ 106.481481965195357, 11.000082135219895 ], [ 106.479323797141078, 11.001470986422268 ], [ 106.476970849164942, 11.003111809272756 ], [ 106.475916138133698, 11.004317672909023 ], [ 106.473611963944165, 11.00670276609026 ], [ 106.470148996443655, 11.010397303566821 ], [ 106.460596373137761, 11.020326697492669 ], [ 106.45848193748003, 11.022741659613891 ], [ 106.452865999766544, 11.028630256477621 ], [ 106.445964740173679, 11.036104448524103 ], [ 106.436736548504214, 11.045793288868737 ], [ 106.427736436921577, 11.055401188034079 ], [ 106.421738017234787, 11.061744296986973 ] ] ] } },
{ "type": "Feature", "properties": { "gid": 22, "objectid": 30.0, "phanloai": "Đường liên quận, huyện", "capkythuat": null, "madoituong": "T79-SH01-00000022", "ten": "Âu Cơ", "chieudai": 0.0, "quymo": null, "loaihientr": "Đối tượng hiện trạng dự kiến được nâng cấp, điều chỉnh trong quy hoạch", "nam": 2022.0, "nguon": "Hệ thống bản đồ quy hoạch Thành phố Hồ Chí Minh thời kỳ 2021 - 2030, tầm nhìn đến năm 2050", "nhan": null, "shape_leng": 4990.5041247500003 }, "geometry": { "type": "MultiLineString", "coordinates": [ [ [ 106.636602794796786, 10.802022966768831 ], [ 106.637749802488912, 10.797682778352341 ], [ 106.639883568622309, 10.790456623957576 ], [ 106.642367673927822, 10.783926618994723 ], [ 106.643162054326652, 10.781631759713999 ], [ 106.646041604299228, 10.777468451329087 ], [ 106.648031530359191, 10.774828807225143 ], [ 106.650227153532725, 10.771445512919414 ], [ 106.651943546473447, 10.76904044035855 ], [ 106.652403015730926, 10.768838098680591 ], [ 106.657081364590638, 10.762429062273039 ] ] ] } },
{ "type": "Feature", "properties": { "gid": 23, "objectid": 31.0, "phanloai": "Đường liên quận, huyện", "capkythuat": null, "madoituong": "T79-SH01-00000023", "ten": null, "chieudai": 0.0, "quymo": null, "loaihientr": "Đối tượng hiện trạng dự kiến được nâng cấp, điều chỉnh trong quy hoạch", "nam": 2022.0, "nguon": "Hệ thống bản đồ quy hoạch Thành phố Hồ Chí Minh thời kỳ 2021 - 2030, tầm nhìn đến năm 2050", "nhan": null, "shape_leng": 5385.7147033399997 }, "geometry": { "type": "MultiLineString", "coordinates": [ [ [ 106.621701667165027, 10.773872624262863 ], [ 106.62172159849186, 10.773433012430942 ], [ 106.622290375660867, 10.770276033697476 ], [ 106.625117984123094, 10.758326161326968 ], [ 106.625206805244829, 10.757585922872668 ], [ 106.624562153989388, 10.755980203566891 ], [ 106.624151898500685, 10.75169051086371 ], [ 106.623862489001766, 10.745755693151544 ], [ 106.623654214627635, 10.738943398010566 ], [ 106.622262363731494, 10.738751434607977 ], [ 106.621336281788089, 10.73530015380382 ], [ 106.6211639859239, 10.734554397394245 ], [ 106.620772010968679, 10.731005420666435 ], [ 106.620292223811845, 10.727097603207298 ] ] ] } },
{ "type": "Feature", "properties": { "gid": 24, "objectid": 32.0, "phanloai": "Đường liên quận, huyện", "capkythuat": null, "madoituong": "T79-SH01-00000024", "ten": "Lũy Bán Bích", "chieudai": 0.0, "quymo": null, "loaihientr": "Đối tượng hiện trạng dự kiến được nâng cấp, điều chỉnh trong quy hoạch", "nam": 2022.0, "nguon": "Hệ thống bản đồ quy hoạch Thành phố Hồ Chí Minh thời kỳ 2021 - 2030, tầm nhìn đến năm 2050", "nhan": null, "shape_leng": 4839.6650735599997 }, "geometry": { "type": "MultiLineString", "coordinates": [ [ [ 106.637638104232209, 10.754712340366273 ], [ 106.637455012618901, 10.755235595903699 ], [ 106.637042297329486, 10.755789685416103 ], [ 106.636022253748891, 10.757018723084361 ], [ 106.635443635472996, 10.75771954313959 ], [ 106.634281944349453, 10.758885503126457 ], [ 106.633643767170099, 10.759578141680658 ], [ 106.632813634303645, 10.760020272242819 ], [ 106.632387288641382, 10.761165260354723 ], [ 106.632369185925441, 10.762464099615826 ], [ 106.632391795745704, 10.763961843684109 ], [ 106.631871229111837, 10.766909657147155 ], [ 106.631825195891295, 10.770378154895051 ], [ 106.632288240410332, 10.773367755688419 ], [ 106.633264231782036, 10.775605302752384 ], [ 106.63484270298585, 10.778001233497623 ], [ 106.635500223914107, 10.779782384008728 ], [ 106.635929384076576, 10.781706190888006 ], [ 106.636616360562897, 10.786335290871722 ], [ 106.638271599519015, 10.795355126950058 ] ] ] } },
{ "type": "Feature", "properties": { "gid": 25, "objectid": 33.0, "phanloai": "Đường liên quận, huyện", "capkythuat": null, "madoituong": "T79-SH01-00000025", "ten": "Vĩnh Lộc", "chieudai": 0.0, "quymo": null, "loaihientr": "Đối tượng hiện trạng dự kiến được nâng cấp, điều chỉnh trong quy hoạch", "nam": 2022.0, "nguon": "Hệ thống bản đồ quy hoạch Thành phố Hồ Chí Minh thời kỳ 2021 - 2030, tầm nhìn đến năm 2050", "nhan": null, "shape_leng": 8545.4814652200002 }, "geometry": { "type": "MultiLineString", "coordinates": [ [ [ 106.602334723977279, 10.816029431137224 ], [ 106.60127793908255, 10.816282172549371 ], [ 106.600432305302405, 10.816491892787861 ], [ 106.599259395445344, 10.816187565064219 ], [ 106.595974141547231, 10.815846874032745 ], [ 106.59057550011353, 10.815339548031062 ], [ 106.586089998215726, 10.815197599302373 ], [ 106.582118770878836, 10.814252144815942 ], [ 106.579492261935954, 10.813749506258977 ], [ 106.577699356128932, 10.81258819453536 ], [ 106.57318146295728, 10.809701799024365 ], [ 106.568501633144635, 10.80677107444491 ], [ 106.565311122726584, 10.804695872303727 ], [ 106.564971204695354, 10.80431564781658 ], [ 106.564310353856669, 10.803530853348365 ], [ 106.561863345581415, 10.800443570283798 ], [ 106.55958112344284, 10.797533172908558 ], [ 106.558100865127358, 10.79571070752411 ], [ 106.557108633954783, 10.7944477801404 ], [ 106.556594580136093, 10.793257598817027 ], [ 106.555678568608215, 10.791189009225837 ], [ 106.554739508441855, 10.788862581253607 ], [ 106.554500918460988, 10.788283289772915 ], [ 106.554337048792632, 10.787353711401424 ], [ 106.55352689017117, 10.78196120666119 ], [ 106.553275877525834, 10.780175657768089 ], [ 106.552880181226996, 10.777550229206152 ], [ 106.552255613300488, 10.773688372959393 ], [ 106.551758027752911, 10.770556636733852 ] ] ] } },
{ "type": "Feature", "properties": { "gid": 26, "objectid": 34.0, "phanloai": "Đường liên quận, huyện", "capkythuat": null, "madoituong": "T79-SH01-00000026", "ten": "Quang Trung", "chieudai": 0.0, "quymo": null, "loaihientr": "Đối tượng hiện trạng dự kiến được nâng cấp, điều chỉnh trong quy hoạch", "nam": 2022.0, "nguon": "Hệ thống bản đồ quy hoạch Thành phố Hồ Chí Minh thời kỳ 2021 - 2030, tầm nhìn đến năm 2050", "nhan": null, "shape_leng": 6315.4063704800001 }, "geometry": { "type": "MultiLineString", "coordinates": [ [ [ 106.628611149001728, 10.850971860649782 ], [ 106.631065535059633, 10.850258529893663 ], [ 106.633020432359785, 10.849162165373137 ], [ 106.637523599287647, 10.845861779756214 ], [ 106.641254405441117, 10.843546234720881 ], [ 106.647134659973162, 10.839375766240032 ], [ 106.651688622451516, 10.83810501535099 ], [ 106.662928422688026, 10.835261627274463 ], [ 106.66413200753405, 10.834746704871645 ], [ 106.665164339683869, 10.833982248846084 ], [ 106.666518841200727, 10.833049574203567 ], [ 106.66944441865175, 10.830707795405706 ], [ 106.67051349200959, 10.830029996632563 ], [ 106.6722401040969, 10.829231158087085 ], [ 106.673182522731324, 10.82880764197437 ], [ 106.679936111812609, 10.82651821183927 ] ] ] } },
{ "type": "Feature", "properties": { "gid": 27, "objectid": 35.0, "phanloai": "Đường liên quận, huyện", "capkythuat": null, "madoituong": "T79-SH01-00000027", "ten": "Hà Huy Giáp", "chieudai": 0.0, "quymo": null, "loaihientr": "Đối tượng hiện trạng dự kiến được nâng cấp, điều chỉnh trong quy hoạch", "nam": 2022.0, "nguon": "Hệ thống bản đồ quy hoạch Thành phố Hồ Chí Minh thời kỳ 2021 - 2030, tầm nhìn đến năm 2050", "nhan": null, "shape_leng": 9975.5849494699996 }, "geometry": { "type": "MultiLineString", "coordinates": [ [ [ 106.692092046499553, 10.890241367369622 ], [ 106.690335757192059, 10.891414122148403 ], [ 106.687602440539308, 10.892958732976343 ], [ 106.686437961723001, 10.891535391396154 ], [ 106.68561616124093, 10.890097155987007 ], [ 106.68516026886509, 10.88902554427829 ], [ 106.684932965877763, 10.888237527237042 ], [ 106.684165996003173, 10.887311889589947 ], [ 106.683136540928061, 10.886387249059887 ], [ 106.682226154003843, 10.885810085258697 ], [ 106.681721855225646, 10.885426369724904 ], [ 106.681316163133161, 10.884691555090702 ], [ 106.680991300562837, 10.884219646954429 ], [ 106.680093513250853, 10.882693766992098 ], [ 106.679563474617126, 10.881763270710199 ], [ 106.678855084398649, 10.880066662694873 ], [ 106.678515630035633, 10.87934339427553 ], [ 106.677404237528137, 10.876860903516837 ], [ 106.676979519279939, 10.875903429025378 ], [ 106.676774810807473, 10.874975978222439 ], [ 106.676866280308616, 10.87286983708017 ], [ 106.677035039981334, 10.870349498723455 ], [ 106.67725537305121, 10.869572252794505 ], [ 106.678015497381409, 10.868519203848599 ], [ 106.679223389619565, 10.867240369998168 ], [ 106.679785225177326, 10.866480527930905 ], [ 106.680465037961199, 10.865047980468423 ], [ 106.680605657988565, 10.863950507908879 ], [ 106.680148299355537, 10.860776645186466 ], [ 106.679315419689672, 10.853745601139869 ], [ 106.678650260510736, 10.849578020738422 ], [ 106.67856296547798, 10.847940824956439 ], [ 106.678207865530439, 10.846455208550477 ], [ 106.67772664081987, 10.844962023426595 ], [ 106.676635152023863, 10.842086559898682 ], [ 106.675631677232118, 10.839112531800362 ], [ 106.675517677682706, 10.83848785225541 ], [ 106.6755857637731, 10.836281393590326 ], [ 106.675696192776172, 10.835180821307624 ], [ 106.676158820841124, 10.833628483363709 ], [ 106.678134082312752, 10.83010330989921 ], [ 106.679857666269484, 10.826677051892968 ], [ 106.678882883551395, 10.823522994916846 ], [ 106.678607008374868, 10.82062383233094 ], [ 106.678699347956751, 10.818077293798517 ], [ 106.678810279312103, 10.814158097935387 ] ] ] } },
{ "type": "Feature", "properties": { "gid": 28, "objectid": 36.0, "phanloai": "Đường liên quận, huyện", "capkythuat": null, "madoituong": "T79-SH01-00000028", "ten": "Lý Thường Kiệt", "chieudai": 0.0, "quymo": null, "loaihientr": "Đối tượng hiện trạng dự kiến được nâng cấp, điều chỉnh trong quy hoạch", "nam": 2022.0, "nguon": "Hệ thống bản đồ quy hoạch Thành phố Hồ Chí Minh thời kỳ 2021 - 2030, tầm nhìn đến năm 2050", "nhan": null, "shape_leng": 3348.2782880999998 }, "geometry": { "type": "MultiLineString", "coordinates": [ [ [ 106.653418904483715, 10.793018049892407 ], [ 106.652443566812977, 10.791382621072234 ], [ 106.652817620891284, 10.78980507623052 ], [ 106.654572923525038, 10.783398617136291 ], [ 106.659977891810826, 10.76400779216797 ] ] ] } },
{ "type": "Feature", "properties": { "gid": 29, "objectid": 37.0, "phanloai": "Đường liên quận, huyện", "capkythuat": null, "madoituong": "T79-SH01-00000029", "ten": "Nguyễn Văn Cừ", "chieudai": 0.0, "quymo": null, "loaihientr": "Đối tượng hiện trạng dự kiến được nâng cấp, điều chỉnh trong quy hoạch", "nam": 2022.0, "nguon": "Hệ thống bản đồ quy hoạch Thành phố Hồ Chí Minh thời kỳ 2021 - 2030, tầm nhìn đến năm 2050", "nhan": null, "shape_leng": 1851.45813875 }, "geometry": { "type": "MultiLineString", "coordinates": [ [ [ 106.681621880877515, 10.765323442918397 ], [ 106.684164313929514, 10.759529910878561 ], [ 106.685033150193703, 10.756199994050574 ], [ 106.686916042683961, 10.754042507456075 ], [ 106.688024938525757, 10.750056932035605 ] ] ] } },
{ "type": "Feature", "properties": { "gid": 30, "objectid": 38.0, "phanloai": "Đường liên quận, huyện", "capkythuat": null, "madoituong": "T79-SH01-00000030", "ten": "Lê Văn Lương", "chieudai": 0.0, "quymo": null, "loaihientr": "Đối tượng hiện trạng dự kiến được nâng cấp, điều chỉnh trong quy hoạch", "nam": 2022.0, "nguon": "Hệ thống bản đồ quy hoạch Thành phố Hồ Chí Minh thời kỳ 2021 - 2030, tầm nhìn đến năm 2050", "nhan": null, "shape_leng": 8659.0144340400002 }, "geometry": { "type": "MultiLineString", "coordinates": [ [ [ 106.699504088750501, 10.728854413928058 ], [ 106.698343261144529, 10.725945883931411 ], [ 106.698023959458695, 10.725111580133751 ], [ 106.697881580742717, 10.724417382438496 ], [ 106.697789785636502, 10.723673033314441 ], [ 106.697855725052577, 10.72322257800572 ], [ 106.698504365093285, 10.721247368444944 ], [ 106.699430328869482, 10.718464394557055 ], [ 106.700656673092638, 10.71480869709842 ], [ 106.70269834246821, 10.708653427832505 ], [ 106.703012228775563, 10.707589899756702 ], [ 106.703238091733894, 10.70693366543072 ], [ 106.703367210532036, 10.706158454964083 ], [ 106.703774093832891, 10.703421651486275 ], [ 106.704272670404109, 10.700004202782605 ], [ 106.704585923252381, 10.698057075998644 ], [ 106.704905829421804, 10.695337095047375 ], [ 106.704766957096268, 10.694849236712555 ], [ 106.704499869074297, 10.694055481775431 ], [ 106.703928916109632, 10.69320859950896 ], [ 106.703408176359034, 10.692324022304589 ], [ 106.703071558721604, 10.691620181268831 ], [ 106.702946705548939, 10.691212656981653 ], [ 106.702872609461195, 10.69090764478088 ], [ 106.702251994905836, 10.687341035446289 ], [ 106.701973721987585, 10.686567796492168 ], [ 106.701408489265788, 10.685137976489596 ], [ 106.701073532803221, 10.684291163377777 ], [ 106.700762633083642, 10.683375969391832 ], [ 106.70043928708418, 10.682467805491061 ], [ 106.699928086320952, 10.680562612895017 ], [ 106.698974319751912, 10.676973498617548 ], [ 106.698342958883757, 10.674498055613551 ], [ 106.697992375768294, 10.673362744627228 ], [ 106.697895326164073, 10.672710486147048 ], [ 106.697863298543624, 10.671880766810389 ], [ 106.69775726255854, 10.670128235388081 ], [ 106.697749198881894, 10.669543914584432 ], [ 106.696696755479579, 10.667934532536581 ], [ 106.692553707959831, 10.661950707027447 ], [ 106.687475498187709, 10.656572053046368 ] ] ] } },
{ "type": "Feature", "properties": { "gid": 31, "objectid": 39.0, "phanloai": "Đường trục chính đô thị", "capkythuat": null, "madoituong": "T79-SH01-00000031", "ten": null, "chieudai": 0.0, "quymo": null, "loaihientr": "Đối tượng hiện trạng dự kiến được nâng cấp, điều chỉnh trong quy hoạch", "nam": 2022.0, "nguon": "Hệ thống bản đồ quy hoạch Thành phố Hồ Chí Minh thời kỳ 2021 - 2030, tầm nhìn đến năm 2050", "nhan": null, "shape_leng": 12277.6996609 }, "geometry": { "type": "MultiLineString", "coordinates": [ [ [ 106.678807946791125, 10.814240496656097 ], [ 106.679855833950214, 10.814460124392044 ], [ 106.680932273246384, 10.814930134609934 ], [ 106.682945906604914, 10.815984054700758 ], [ 106.68588518627503, 10.817744023930576 ], [ 106.68763597225896, 10.818564902005221 ], [ 106.689774990605727, 10.819356391808869 ], [ 106.693971056373982, 10.820514915212007 ], [ 106.696553773583531, 10.821204888658654 ], [ 106.703199609235966, 10.822974346580123 ], [ 106.707749740253888, 10.824247036403969 ], [ 106.714397054122315, 10.82591577584722 ], [ 106.717095816619448, 10.826677678292286 ], [ 106.71902999188724, 10.827154028719844 ], [ 106.720614418594849, 10.827797022916029 ], [ 106.722253633823229, 10.828898210486168 ], [ 106.723617397192925, 10.830001353205093 ], [ 106.728059407286167, 10.833628080282843 ], [ 106.731371089386627, 10.836415683265686 ], [ 106.732704331503228, 10.837476261399628 ], [ 106.734706854273938, 10.838589307710263 ], [ 106.738344034040793, 10.839536775835953 ], [ 106.742910928524978, 10.840759091723728 ], [ 106.744539592404948, 10.841809194792324 ], [ 106.745768568026435, 10.843721126635678 ], [ 106.747155236653313, 10.846266507314404 ], [ 106.748871933952557, 10.849163862287551 ], [ 106.751346912659969, 10.853374701825695 ], [ 106.751887608285514, 10.854741563016141 ], [ 106.751994405473113, 10.856000026355645 ], [ 106.7519883192316, 10.857820009491668 ], [ 106.752035328326627, 10.858750000150959 ], [ 106.752242110068764, 10.859536509143219 ], [ 106.752994712570327, 10.860504271482338 ], [ 106.754301183715015, 10.861970724906408 ], [ 106.755004967924449, 10.862712714823322 ], [ 106.755668160104292, 10.863194511756907 ], [ 106.757749372384026, 10.864348362011969 ], [ 106.759208340361809, 10.865095054473878 ], [ 106.761251966589427, 10.866176940179063 ], [ 106.761919570153509, 10.866727224947091 ], [ 106.762555161451147, 10.86761653236279 ], [ 106.763156741531645, 10.868591134624516 ], [ 106.763429152485756, 10.86941740429039 ], [ 106.763490040497871, 10.870681225643995 ], [ 106.763775823517634, 10.871290513444857 ], [ 106.764546320181793, 10.872271724887153 ], [ 106.765079806217116, 10.873349675716975 ], [ 106.765066828273618, 10.873328388580315 ] ] ] } },
{ "type": "Feature", "properties": { "gid": 32, "objectid": 40.0, "phanloai": "Đường liên quận, huyện", "capkythuat": null, "madoituong": "T79-SH01-00000032", "ten": null, "chieudai": 0.0, "quymo": null, "loaihientr": "Đối tượng hiện trạng dự kiến được nâng cấp, điều chỉnh trong quy hoạch", "nam": 2022.0, "nguon": "Hệ thống bản đồ quy hoạch Thành phố Hồ Chí Minh thời kỳ 2021 - 2030, tầm nhìn đến năm 2050", "nhan": null, "shape_leng": 3491.7633478299999 }, "geometry": { "type": "MultiLineString", "coordinates": [ [ [ 106.749914764631896, 10.787536187311323 ], [ 106.755870655365797, 10.780535014607189 ], [ 106.761633025238311, 10.77383051451416 ], [ 106.762563592326543, 10.7731097764387 ], [ 106.76423049712524, 10.773160513469886 ], [ 106.768866854403754, 10.77311017241019 ], [ 106.770892308210819, 10.772984253867328 ], [ 106.771450816232232, 10.772877166424482 ], [ 106.773236231531911, 10.771448122511847 ], [ 106.774297982766072, 10.770558688611997 ] ] ] } },
{ "type": "Feature", "properties": { "gid": 33, "objectid": 41.0, "phanloai": "Đường liên quận, huyện", "capkythuat": null, "madoituong": "T79-SH01-00000033", "ten": "Nguyễn Văn Linh", "chieudai": 0.0, "quymo": null, "loaihientr": "Đối tượng hiện trạng dự kiến được nâng cấp, điều chỉnh trong quy hoạch", "nam": 2022.0, "nguon": "Hệ thống bản đồ quy hoạch Thành phố Hồ Chí Minh thời kỳ 2021 - 2030, tầm nhìn đến năm 2050", "nhan": null, "shape_leng": 2540.6886942400001 }, "geometry": { "type": "MultiLineString", "coordinates": [ [ [ 106.72118160414017, 10.733867114630087 ], [ 106.721605638996905, 10.736098655866806 ], [ 106.721647595330822, 10.739747927141334 ], [ 106.721729074815443, 10.745280011722144 ], [ 106.721825347443954, 10.747308577705159 ], [ 106.722268962101367, 10.748925018849684 ], [ 106.723318184164114, 10.750686402800795 ], [ 106.724484526944622, 10.751916279865238 ], [ 106.725960429261235, 10.752420981087504 ], [ 106.727984769647307, 10.75286264249508 ], [ 106.728466024935202, 10.752766691739533 ] ] ] } },
{ "type": "Feature", "properties": { "gid": 34, "objectid": 42.0, "phanloai": "Đường trục chính đô thị", "capkythuat": null, "madoituong": "T79-SH01-00000034", "ten": "Võ Văn Kiệt", "chieudai": 0.0, "quymo": null, "loaihientr": "Đối tượng hiện trạng dự kiến được nâng cấp, điều chỉnh trong quy hoạch", "nam": 2022.0, "nguon": "Hệ thống bản đồ quy hoạch Thành phố Hồ Chí Minh thời kỳ 2021 - 2030, tầm nhìn đến năm 2050", "nhan": null, "shape_leng": 13780.3513723 }, "geometry": { "type": "MultiLineString", "coordinates": [ [ [ 106.599926651782411, 10.71683794124927 ], [ 106.608858052950069, 10.721131074514471 ], [ 106.637251796785549, 10.736045729661742 ], [ 106.655773091387857, 10.747265522310112 ], [ 106.66401259061351, 10.750294573590763 ], [ 106.668809440845408, 10.750320946235167 ], [ 106.670751459922741, 10.750111683942254 ], [ 106.672448733994699, 10.749562267176131 ], [ 106.673223594514155, 10.749286358403184 ], [ 106.67401056956021, 10.749182848279926 ], [ 106.67458640002792, 10.749190827424183 ], [ 106.675089629051925, 10.749327508686715 ], [ 106.675479786016936, 10.749514041193633 ], [ 106.675840601544351, 10.749923417231365 ], [ 106.675926140453228, 10.750072860432676 ], [ 106.6759776897443, 10.750215774450856 ], [ 106.676158644560701, 10.751018565095155 ], [ 106.676178145874005, 10.751098909783154 ], [ 106.676217585059973, 10.751191120123801 ], [ 106.676478966529743, 10.751533695106206 ], [ 106.676716213491176, 10.751769088930867 ], [ 106.677015035673378, 10.751957523353571 ], [ 106.677314660951424, 10.752065544765392 ], [ 106.67771080209657, 10.752157979165116 ], [ 106.678006078937443, 10.752185680132309 ], [ 106.678357249502113, 10.752182019007451 ], [ 106.678701356634377, 10.752185341517256 ], [ 106.679013593467445, 10.752208167363824 ], [ 106.680285626808583, 10.752404519121681 ], [ 106.680577454200574, 10.7524447609775 ], [ 106.680895456392534, 10.752468393523877 ], [ 106.681130018635542, 10.752462001088666 ], [ 106.681341454024334, 10.752437841638649 ], [ 106.681674114223185, 10.75236768452463 ], [ 106.683539940359992, 10.751828417690271 ], [ 106.68409016142364, 10.751668287028425 ], [ 106.684478410633702, 10.751653895700764 ], [ 106.684768734988225, 10.751705973098419 ], [ 106.685013704908613, 10.751778638395072 ], [ 106.685393779230836, 10.751948443456358 ], [ 106.685662864355564, 10.752093142155671 ], [ 106.686007976094899, 10.752289747787907 ], [ 106.686154735882297, 10.752543269862835 ], [ 106.686351370149083, 10.752983487401536 ], [ 106.686407601749536, 10.753109377308265 ], [ 106.686859143083538, 10.753715728022353 ], [ 106.687909068954482, 10.75482552755501 ], [ 106.688543810856459, 10.75548649745436 ], [ 106.689353753030232, 10.75628160209663 ], [ 106.689794169278542, 10.756641320799783 ], [ 106.690908614757376, 10.757614180249581 ], [ 106.691731240775752, 10.758277488084438 ], [ 106.692552592680258, 10.75881028474257 ], [ 106.694221240583786, 10.759786614031279 ], [ 106.69517835487926, 10.760364824274692 ], [ 106.695479082156226, 10.760618665885728 ], [ 106.696266953987674, 10.761608833567825 ], [ 106.697166197624313, 10.76278935667726 ], [ 106.697731529296433, 10.763547736408427 ], [ 106.697933525159698, 10.763771036938431 ], [ 106.698376042065419, 10.764117373259731 ], [ 106.698808003285095, 10.764379455518068 ], [ 106.699304157201581, 10.764616523924744 ], [ 106.700357713740516, 10.765219474629124 ], [ 106.700933621761664, 10.765662684557226 ], [ 106.701707193757429, 10.766857148683682 ], [ 106.702272512715922, 10.767748047951184 ], [ 106.702607473112863, 10.768129580154616 ], [ 106.703117554590861, 10.768435568240843 ], [ 106.703445826292267, 10.768572978867986 ], [ 106.706432467881399, 10.769350211951529 ], [ 106.708304526956951, 10.769711446553782 ] ] ] } },
{ "type": "Feature", "properties": { "gid": 35, "objectid": 43.0, "phanloai": "Đường trục chính đô thị", "capkythuat": null, "madoituong": "T79-SH01-00000035", "ten": "Mai Chí Thọ", "chieudai": 0.0, "quymo": null, "loaihientr": "Đối tượng hiện trạng dự kiến được nâng cấp, điều chỉnh trong quy hoạch", "nam": 2022.0, "nguon": "Hệ thống bản đồ quy hoạch Thành phố Hồ Chí Minh thời kỳ 2021 - 2030, tầm nhìn đến năm 2050", "nhan": null, "shape_leng": 5559.3618962600003 }, "geometry": { "type": "MultiLineString", "coordinates": [ [ [ 106.708304485412086, 10.769711375363654 ], [ 106.717385930917644, 10.771463548908384 ], [ 106.723445843841588, 10.773685836035236 ], [ 106.731759464171915, 10.778044353407978 ], [ 106.747574186374152, 10.786334412531227 ], [ 106.75009103045798, 10.787812169521851 ], [ 106.751429000741695, 10.7907737407889 ], [ 106.751789210105272, 10.792310778562515 ] ] ] } },
{ "type": "Feature", "properties": { "gid": 36, "objectid": 44.0, "phanloai": "Đường trục chính đô thị", "capkythuat": null, "madoituong": "T79-SH01-00000036", "ten": "Nguyễn Hữu Thọ", "chieudai": 0.0, "quymo": null, "loaihientr": "Đối tượng hiện trạng dự kiến được nâng cấp, điều chỉnh trong quy hoạch", "nam": 2022.0, "nguon": "Hệ thống bản đồ quy hoạch Thành phố Hồ Chí Minh thời kỳ 2021 - 2030, tầm nhìn đến năm 2050", "nhan": null, "shape_leng": 8267.7452307399999 }, "geometry": { "type": "MultiLineString", "coordinates": [ [ [ 106.7005471363792, 10.72849604909943 ], [ 106.701125139929388, 10.722855011644992 ], [ 106.701382380045132, 10.720879467863204 ], [ 106.70289409498065, 10.717600853009648 ], [ 106.70444809367676, 10.715620565590955 ], [ 106.706046340502681, 10.71330129769267 ], [ 106.709578571767238, 10.708645111187714 ], [ 106.714680831949735, 10.701637280945382 ], [ 106.715961419935013, 10.699938789661575 ], [ 106.717309273879451, 10.697687650161454 ], [ 106.717848288504996, 10.696427030955604 ], [ 106.718185158918445, 10.694899025979094 ], [ 106.718969704557551, 10.690733057528238 ], [ 106.720478059139893, 10.685977574042138 ], [ 106.721880351258335, 10.680301576666547 ], [ 106.723941938819166, 10.671923096281441 ], [ 106.724579416345648, 10.669564407176196 ], [ 106.7250356676319, 10.667602420696866 ], [ 106.725726666507853, 10.664729040140761 ], [ 106.725985020957211, 10.663918567265171 ], [ 106.727214249082053, 10.660008905950221 ] ] ] } },
{ "type": "Feature", "properties": { "gid": 37, "objectid": 45.0, "phanloai": "Đường trục chính đô thị", "capkythuat": null, "madoituong": "T79-SH01-00000037", "ten": "Đường Cách Mạng Tháng 8", "chieudai": 0.0, "quymo": null, "loaihientr": "Đối tượng hiện trạng dự kiến được nâng cấp, điều chỉnh trong quy hoạch", "nam": 2022.0, "nguon": "Hệ thống bản đồ quy hoạch Thành phố Hồ Chí Minh thời kỳ 2021 - 2030, tầm nhìn đến năm 2050", "nhan": null, "shape_leng": 7637.0593545800002 }, "geometry": { "type": "MultiLineString", "coordinates": [ [ [ 106.653460489896418, 10.792834356455932 ], [ 106.666910348336884, 10.785563738184811 ], [ 106.681637463971214, 10.777814603190707 ], [ 106.693358137986991, 10.771502185631462 ], [ 106.697001162658538, 10.765414975141157 ], [ 106.697994719687955, 10.763871180966778 ], [ 106.700481998710146, 10.761052971842862 ], [ 106.698504384591118, 10.759757206786299 ], [ 106.701864570574401, 10.755359840605738 ], [ 106.70228743067689, 10.751689815580722 ] ] ] } },
{ "type": "Feature", "properties": { "gid": 38, "objectid": 46.0, "phanloai": "Đường liên quận, huyện", "capkythuat": null, "madoituong": "T79-SH01-00000038", "ten": "Đường Rừng Sác", "chieudai": 0.0, "quymo": null, "loaihientr": "Đối tượng hiện trạng dự kiến được nâng cấp, điều chỉnh trong quy hoạch", "nam": 2022.0, "nguon": "Hệ thống bản đồ quy hoạch Thành phố Hồ Chí Minh thời kỳ 2021 - 2030, tầm nhìn đến năm 2050", "nhan": null, "shape_leng": 35935.660428499999 }, "geometry": { "type": "MultiLineString", "coordinates": [ [ [ 106.775375315092006, 10.665862451857578 ], [ 106.782484004595872, 10.655146812968468 ], [ 106.783818870697075, 10.653095756258596 ], [ 106.785501851334118, 10.647628885719918 ], [ 106.787203557451988, 10.644373558620774 ], [ 106.788975452415244, 10.642037890471913 ], [ 106.790680108773003, 10.639694343876837 ], [ 106.791401474414343, 10.638208537749687 ], [ 106.800616814835763, 10.624855803778198 ], [ 106.801555518589851, 10.623555592129636 ], [ 106.801903647413354, 10.623249005887409 ], [ 106.802336234394446, 10.622986854625712 ], [ 106.803959003670741, 10.622331832926099 ], [ 106.808093891528429, 10.620669564284054 ], [ 106.81698928861789, 10.617113710994742 ], [ 106.818478309506091, 10.615241030876414 ], [ 106.819131957787079, 10.602353432714924 ], [ 106.819300534592699, 10.600313682014185 ], [ 106.819729526637801, 10.599334787935984 ], [ 106.82084292232409, 10.598196831721516 ], [ 106.821137683275055, 10.597550999861092 ], [ 106.821788732202307, 10.59528514607258 ], [ 106.82222501550558, 10.593717259475023 ], [ 106.822517113633324, 10.593073295911685 ], [ 106.823429016076815, 10.59134879297588 ], [ 106.823763137795652, 10.590700606246724 ], [ 106.825021645290519, 10.58670226786252 ], [ 106.825739972483206, 10.584108720870329 ], [ 106.826472869406501, 10.580873734830579 ], [ 106.826420997616651, 10.579605293792701 ], [ 106.825164333583984, 10.578038377790815 ], [ 106.824733397928071, 10.577217111979733 ], [ 106.824716997939078, 10.574828354069949 ], [ 106.824991980239801, 10.573072701744566 ], [ 106.826220531618006, 10.570379242668908 ], [ 106.826664290804999, 10.56901227735248 ], [ 106.826542535463574, 10.566327991442041 ], [ 106.826483683258132, 10.565706696657793 ], [ 106.826508773143431, 10.565083173229997 ], [ 106.827113623359708, 10.564070318742973 ], [ 106.828026911433383, 10.562231611504126 ], [ 106.832895379218513, 10.553103137995475 ], [ 106.833592206893869, 10.551676003726712 ], [ 106.833892601472243, 10.550878363841191 ], [ 106.833905476782419, 10.55017116325662 ], [ 106.833763943145769, 10.549544989220088 ], [ 106.832973204703364, 10.547424928232591 ], [ 106.832003045359343, 10.545012428218847 ], [ 106.831439945660804, 10.543021503196947 ], [ 106.831279753431602, 10.542366048327423 ], [ 106.831291322384587, 10.54183720326238 ], [ 106.831423759393942, 10.541321032199164 ], [ 106.831735335520676, 10.540850637372319 ], [ 106.832323469254732, 10.540332896031144 ], [ 106.839230312574372, 10.535318786129711 ], [ 106.849950352439436, 10.527081192068259 ], [ 106.850316700868419, 10.526708486656743 ], [ 106.851849929870468, 10.524194791818097 ], [ 106.852722868393627, 10.522647382089868 ], [ 106.855263134268441, 10.51820582853779 ], [ 106.858446147595842, 10.514770857188845 ], [ 106.861896736417563, 10.510879296077936 ], [ 106.86273943081892, 10.509730905911427 ], [ 106.864889882687791, 10.505156030639128 ], [ 106.869451498825313, 10.494755541851067 ], [ 106.872529534296916, 10.488407702341526 ], [ 106.874298275445653, 10.485664981363062 ], [ 106.883053528778447, 10.471679243347005 ], [ 106.884772451388955, 10.468764738948751 ], [ 106.886643248826886, 10.465238818833207 ], [ 106.88979820575932, 10.459387227377826 ], [ 106.890050934900003, 10.458240487601016 ], [ 106.890433223280326, 10.453776958161864 ], [ 106.890472264760774, 10.45280809058422 ], [ 106.890286748805352, 10.451754663198187 ], [ 106.889783133724762, 10.450627836590851 ], [ 106.889073540582061, 10.449246075345377 ], [ 106.888622275693209, 10.447975751649263 ], [ 106.888340617007657, 10.444917501690851 ], [ 106.887928210695904, 10.436858101021102 ], [ 106.88817853199204, 10.435539305364665 ], [ 106.889128368542799, 10.433450645203619 ], [ 106.890705010997266, 10.429706648352957 ], [ 106.891735869957145, 10.426761922854219 ], [ 106.893107062169278, 10.422532204350164 ], [ 106.89537916935106, 10.415833135605906 ], [ 106.897141838181582, 10.411061871501369 ], [ 106.899871729058418, 10.404114157463431 ], [ 106.900252963189971, 10.403219440847336 ], [ 106.901154523439999, 10.402500859422728 ], [ 106.904477708933314, 10.400750831381394 ], [ 106.915066354460819, 10.395222019349299 ] ] ] } },
{ "type": "Feature", "properties": { "gid": 39, "objectid": 48.0, "phanloai": "Đường liên quận, huyện", "capkythuat": null, "madoituong": "T79-SH01-00000039", "ten": "Nguyễn Cơ Thạch", "chieudai": 0.0, "quymo": null, "loaihientr": "Đối tượng hiện trạng dự kiến được nâng cấp, điều chỉnh trong quy hoạch", "nam": 2022.0, "nguon": "Hệ thống bản đồ quy hoạch Thành phố Hồ Chí Minh thời kỳ 2021 - 2030, tầm nhìn đến năm 2050", "nhan": null, "shape_leng": 716.95625122299998 }, "geometry": { "type": "MultiLineString", "coordinates": [ [ [ 106.723621282943014, 10.77124007708179 ], [ 106.726776353119959, 10.765558852417497 ] ] ] } },
{ "type": "Feature", "properties": { "gid": 40, "objectid": 49.0, "phanloai": "Đường trục chính đô thị", "capkythuat": null, "madoituong": "T79-SH01-00000040", "ten": null, "chieudai": 0.0, "quymo": null, "loaihientr": "Đối tượng hiện trạng dự kiến được nâng cấp, điều chỉnh trong quy hoạch", "nam": 2022.0, "nguon": "Hệ thống bản đồ quy hoạch Thành phố Hồ Chí Minh thời kỳ 2021 - 2030, tầm nhìn đến năm 2050", "nhan": null, "shape_leng": 1231.7039791300001 }, "geometry": { "type": "MultiLineString", "coordinates": [ [ [ 106.66154319280372, 10.800704135017989 ], [ 106.660139836309895, 10.799645119836999 ], [ 106.658103382606839, 10.797651370032055 ], [ 106.654296779636311, 10.794032144018157 ], [ 106.653418904493606, 10.793018051700477 ] ] ] } },
{ "type": "Feature", "properties": { "gid": 41, "objectid": 50.0, "phanloai": "Đường liên quận, huyện", "capkythuat": null, "madoituong": "T79-SH01-00000041", "ten": "Hồng Bàng", "chieudai": 0.0, "quymo": null, "loaihientr": "Đối tượng hiện trạng dự kiến được nâng cấp, điều chỉnh trong quy hoạch", "nam": 2022.0, "nguon": "Hệ thống bản đồ quy hoạch Thành phố Hồ Chí Minh thời kỳ 2021 - 2030, tầm nhìn đến năm 2050", "nhan": null, "shape_leng": 6737.2058309200002 }, "geometry": { "type": "MultiLineString", "coordinates": [ [ [ 106.634384096527612, 10.75413329569308 ], [ 106.635635749979372, 10.75457186766825 ], [ 106.637766287951194, 10.754723143032248 ], [ 106.641578243704146, 10.754384532866251 ], [ 106.65148785152013, 10.753428924175058 ], [ 106.665906845621734, 10.755920676581113 ], [ 106.667652465062375, 10.75669316237879 ], [ 106.668362012240422, 10.757046058031722 ], [ 106.669271331457267, 10.75752992017615 ], [ 106.671046266545588, 10.758667079953165 ], [ 106.674540176083582, 10.760935501231625 ], [ 106.681580669749152, 10.765435379069542 ], [ 106.689432802961321, 10.773461987656539 ] ] ] } },
{ "type": "Feature", "properties": { "gid": 42, "objectid": 51.0, "phanloai": "Đường liên quận, huyện", "capkythuat": null, "madoituong": "T79-SH01-00000042", "ten": "Đường 3 Tháng 2", "chieudai": 0.0, "quymo": null, "loaihientr": "Đối tượng hiện trạng dự kiến được nâng cấp, điều chỉnh trong quy hoạch", "nam": 2022.0, "nguon": "Hệ thống bản đồ quy hoạch Thành phố Hồ Chí Minh thời kỳ 2021 - 2030, tầm nhìn đến năm 2050", "nhan": null, "shape_leng": 5049.6333462399998 }, "geometry": { "type": "MultiLineString", "coordinates": [ [ [ 106.642506593357197, 10.754312268835049 ], [ 106.66017310375058, 10.764116085218427 ], [ 106.679854320301033, 10.775148871131353 ], [ 106.681556346348685, 10.777927995601463 ] ] ] } },
{ "type": "Feature", "properties": { "gid": 43, "objectid": 52.0, "phanloai": "Đường liên quận, huyện", "capkythuat": null, "madoituong": "T79-SH01-00000043", "ten": "Phan Đăng Lưu", "chieudai": 0.0, "quymo": null, "loaihientr": "Đối tượng hiện trạng dự kiến được nâng cấp, điều chỉnh trong quy hoạch", "nam": 2022.0, "nguon": "Hệ thống bản đồ quy hoạch Thành phố Hồ Chí Minh thời kỳ 2021 - 2030, tầm nhìn đến năm 2050", "nhan": null, "shape_leng": 2240.570241 }, "geometry": { "type": "MultiLineString", "coordinates": [ [ [ 106.680223861385784, 10.799154200674167 ], [ 106.685300439494299, 10.804039985930784 ], [ 106.686130741674191, 10.80401153858403 ], [ 106.691103367237346, 10.803351433798241 ], [ 106.697847108524414, 10.802419951561696 ], [ 106.698542773560675, 10.80268546782054 ] ] ] } },
{ "type": "Feature", "properties": { "gid": 44, "objectid": 53.0, "phanloai": "Đường liên quận, huyện", "capkythuat": null, "madoituong": "T79-SH01-00000044", "ten": "Đặng Thúc Vịnh", "chieudai": 0.0, "quymo": null, "loaihientr": "Đối tượng hiện trạng dự kiến được nâng cấp, điều chỉnh trong quy hoạch", "nam": 2022.0, "nguon": "Hệ thống bản đồ quy hoạch Thành phố Hồ Chí Minh thời kỳ 2021 - 2030, tầm nhìn đến năm 2050", "nhan": null, "shape_leng": 5222.5728575000003 }, "geometry": { "type": "MultiLineString", "coordinates": [ [ [ 106.602394641771426, 10.887751678134897 ], [ 106.603374085614675, 10.888213651627366 ], [ 106.604098459530377, 10.88850116034099 ], [ 106.60555360874919, 10.888662226061678 ], [ 106.606778540473854, 10.888815096332024 ], [ 106.607843894739091, 10.8887783779549 ], [ 106.608709150572423, 10.888876743513698 ], [ 106.609293708017944, 10.888955884979833 ], [ 106.610094519575838, 10.889255311749954 ], [ 106.611292138755047, 10.889932317104019 ], [ 106.612173180814821, 10.890292789710889 ], [ 106.612192292037662, 10.890292826678618 ], [ 106.612653826348264, 10.890595913095858 ], [ 106.615535691231329, 10.891397155264389 ], [ 106.616558526312929, 10.891665429137159 ], [ 106.617936866424813, 10.892554242723277 ], [ 106.619938427658454, 10.894058554424793 ], [ 106.621231643258213, 10.894985798855942 ], [ 106.623191104630195, 10.89633650789982 ], [ 106.625550358377765, 10.897995350768271 ], [ 106.627135440670841, 10.89908709246834 ], [ 106.628165618528783, 10.899668541561599 ], [ 106.630023346724329, 10.90077226128035 ], [ 106.634053389145464, 10.902972369972874 ], [ 106.637952308140299, 10.905161347321043 ], [ 106.642398333419422, 10.907718400236156 ], [ 106.644346144606004, 10.908936345110677 ] ] ] } },
{ "type": "Feature", "properties": { "gid": 45, "objectid": 54.0, "phanloai": "Đường liên quận, huyện", "capkythuat": null, "madoituong": "T79-SH01-00000045", "ten": "Lý Thường Kiệt", "chieudai": 0.0, "quymo": null, "loaihientr": "Đối tượng hiện trạng dự kiến được nâng cấp, điều chỉnh trong quy hoạch", "nam": 2022.0, "nguon": "Hệ thống bản đồ quy hoạch Thành phố Hồ Chí Minh thời kỳ 2021 - 2030, tầm nhìn đến năm 2050", "nhan": null, "shape_leng": 1216.46602394 }, "geometry": { "type": "MultiLineString", "coordinates": [ [ [ 106.587064350454568, 10.883975879597617 ], [ 106.588054954337849, 10.885331712663451 ], [ 106.588906944157401, 10.886502840564075 ], [ 106.589547188107986, 10.886664456300295 ], [ 106.591374875220637, 10.887262481364475 ], [ 106.593473473674905, 10.888019533071411 ], [ 106.595138127890593, 10.888559346489908 ], [ 106.595864909418736, 10.888434919692639 ], [ 106.596530762367721, 10.888443765108475 ] ] ] } },
{ "type": "Feature", "properties": { "gid": 46, "objectid": 55.0, "phanloai": "Đường liên quận, huyện", "capkythuat": null, "madoituong": "T79-SH01-00000046", "ten": "Điện Biên Phủ", "chieudai": 0.0, "quymo": null, "loaihientr": "Đối tượng hiện trạng dự kiến được nâng cấp, điều chỉnh trong quy hoạch", "nam": 2022.0, "nguon": "Hệ thống bản đồ quy hoạch Thành phố Hồ Chí Minh thời kỳ 2021 - 2030, tầm nhìn đến năm 2050", "nhan": null, "shape_leng": 6631.0989101100004 }, "geometry": { "type": "MultiLineString", "coordinates": [ [ [ 106.674321981453701, 10.767722367575301 ], [ 106.676109815079101, 10.769900668846528 ], [ 106.677211377721505, 10.771211412486126 ], [ 106.683845200102326, 10.776834757242842 ], [ 106.692781398367174, 10.785511121252181 ], [ 106.700098843299102, 10.792843407996882 ], [ 106.703655569567914, 10.796916011944644 ], [ 106.705378961286016, 10.798551101196237 ], [ 106.706321395936627, 10.799434340859653 ], [ 106.707573773457483, 10.800314785532848 ], [ 106.708903954988216, 10.800920577730633 ], [ 106.710177879139081, 10.801307443970471 ], [ 106.711447918603, 10.801469575392927 ], [ 106.713147418899609, 10.801428270395281 ], [ 106.716366626552613, 10.800447056640746 ], [ 106.720373741019884, 10.798259871670959 ] ] ] } },
{ "type": "Feature", "properties": { "gid": 47, "objectid": 56.0, "phanloai": "Đường liên quận, huyện", "capkythuat": null, "madoituong": "T79-SH01-00000047", "ten": "Nguyễn Ảnh Thủ", "chieudai": 0.0, "quymo": null, "loaihientr": "Đối tượng hiện trạng dự kiến được nâng cấp, điều chỉnh trong quy hoạch", "nam": 2022.0, "nguon": "Hệ thống bản đồ quy hoạch Thành phố Hồ Chí Minh thời kỳ 2021 - 2030, tầm nhìn đến năm 2050", "nhan": null, "shape_leng": 8519.0918877099994 }, "geometry": { "type": "MultiLineString", "coordinates": [ [ [ 106.598794700856715, 10.840682414610525 ], [ 106.599250951693918, 10.841067121754916 ], [ 106.599546169899725, 10.841429150933271 ], [ 106.599755856062728, 10.841812048052891 ], [ 106.599883480675132, 10.842379606718287 ], [ 106.599894406966072, 10.843313146906214 ], [ 106.599839493368904, 10.843761845675433 ], [ 106.599813256360861, 10.844210751685281 ], [ 106.599997099759037, 10.845328702923819 ], [ 106.600185564102858, 10.846198402559414 ], [ 106.600451336539535, 10.846928104510742 ], [ 106.601395055333683, 10.848410381925021 ], [ 106.602197768102201, 10.849563710800865 ], [ 106.603694516798171, 10.851400721375855 ], [ 106.60598509034304, 10.853922946948732 ], [ 106.607362566294896, 10.855510841240031 ], [ 106.609029399361205, 10.858094750484007 ], [ 106.611291235453947, 10.861420465983514 ], [ 106.61215654293126, 10.862733145651065 ], [ 106.61329584449031, 10.864425187506516 ], [ 106.614299733062694, 10.865753031978373 ], [ 106.615495347569819, 10.867362158407774 ], [ 106.616193845853388, 10.867983310070079 ], [ 106.617648533684843, 10.869269547166343 ], [ 106.618761001898449, 10.870491906023522 ], [ 106.619609058966091, 10.871433934864521 ], [ 106.621564335613812, 10.873522672771792 ], [ 106.623642012363902, 10.875873256424384 ], [ 106.624849675622428, 10.877165202200251 ], [ 106.625716154430222, 10.878178292886808 ], [ 106.626842449300554, 10.879711123936257 ], [ 106.628620550507563, 10.882297823683421 ], [ 106.629398055989682, 10.883342411280644 ], [ 106.632165106313593, 10.887002332116147 ], [ 106.634342401551805, 10.889846907685278 ], [ 106.635902746697028, 10.89200724725019 ], [ 106.637022784776192, 10.893441374586732 ], [ 106.637593032048912, 10.894182672750736 ], [ 106.638368499153543, 10.895324308265664 ], [ 106.639280485198668, 10.89648889282463 ], [ 106.639611652280152, 10.896766927111759 ], [ 106.640819173708394, 10.897638848562755 ], [ 106.645339628980537, 10.900966936303762 ] ] ] } },
{ "type": "Feature", "properties": { "gid": 48, "objectid": 57.0, "phanloai": "Đường liên quận, huyện", "capkythuat": null, "madoituong": "T79-SH01-00000048", "ten": null, "chieudai": 0.0, "quymo": null, "loaihientr": "Đối tượng hiện trạng dự kiến được nâng cấp, điều chỉnh trong quy hoạch", "nam": 2022.0, "nguon": "Hệ thống bản đồ quy hoạch Thành phố Hồ Chí Minh thời kỳ 2021 - 2030, tầm nhìn đến năm 2050", "nhan": null, "shape_leng": 2204.6999549699999 }, "geometry": { "type": "MultiLineString", "coordinates": [ [ [ 106.716831286297435, 10.789592125593479 ], [ 106.717386314969289, 10.788071393978079 ], [ 106.718226524632016, 10.786509514926673 ], [ 106.720380359872962, 10.782460596302887 ], [ 106.721162697070866, 10.780907781387572 ], [ 106.722014293548668, 10.779358644095941 ], [ 106.722590181862714, 10.777679290740945 ], [ 106.722512903962098, 10.775539331544655 ], [ 106.722419856556257, 10.774362237990935 ], [ 106.722854175882432, 10.772931485596851 ], [ 106.723023531215674, 10.772609560980486 ], [ 106.723395442958136, 10.772121649742097 ], [ 106.723621280184787, 10.771240074385043 ] ] ] } },
{ "type": "Feature", "properties": { "gid": 49, "objectid": 58.0, "phanloai": "Đường liên quận, huyện", "capkythuat": null, "madoituong": "T79-SH01-00000049", "ten": null, "chieudai": 0.0, "quymo": null, "loaihientr": "Đối tượng hiện trạng dự kiến được nâng cấp, điều chỉnh trong quy hoạch", "nam": 2022.0, "nguon": "Hệ thống bản đồ quy hoạch Thành phố Hồ Chí Minh thời kỳ 2021 - 2030, tầm nhìn đến năm 2050", "nhan": null, "shape_leng": 1619.9193745499999 }, "geometry": { "type": "MultiLineString", "coordinates": [ [ [ 106.706186003277921, 10.782374147868332 ], [ 106.708399161714098, 10.78500136578908 ], [ 106.708808035563251, 10.785939774134937 ], [ 106.709704673803955, 10.788237158751414 ], [ 106.710756331187937, 10.789395005300829 ], [ 106.711669805253806, 10.789583985320034 ], [ 106.713384601750434, 10.789400949977082 ], [ 106.714714374535788, 10.789157774658518 ], [ 106.715757924274612, 10.789123506927085 ], [ 106.7168651801382, 10.78958334107735 ] ] ] } },
{ "type": "Feature", "properties": { "gid": 50, "objectid": 59.0, "phanloai": "Đường liên quận, huyện", "capkythuat": null, "madoituong": "T79-SH01-00000050", "ten": "Phạm Thế Hiển", "chieudai": 0.0, "quymo": null, "loaihientr": "Đối tượng hiện trạng dự kiến được nâng cấp, điều chỉnh trong quy hoạch", "nam": 2022.0, "nguon": "Hệ thống bản đồ quy hoạch Thành phố Hồ Chí Minh thời kỳ 2021 - 2030, tầm nhìn đến năm 2050", "nhan": null, "shape_leng": 5360.3816243000001 }, "geometry": { "type": "MultiLineString", "coordinates": [ [ [ 106.62338169835698, 10.707435869898051 ], [ 106.624176932838836, 10.710187267937307 ], [ 106.624278644706379, 10.710239556776173 ], [ 106.626205426034019, 10.711238171830271 ], [ 106.62788999395616, 10.712132415433469 ], [ 106.628723768613014, 10.71276536860678 ], [ 106.629760911033387, 10.713659125305183 ], [ 106.631353272151358, 10.71535962848492 ], [ 106.632158235688507, 10.716381375444586 ], [ 106.632776563058883, 10.717524061497137 ], [ 106.633694142153487, 10.719468151567579 ], [ 106.634592232579607, 10.72133332335731 ], [ 106.636596021425746, 10.725519367322148 ], [ 106.637609867342732, 10.727609104710869 ], [ 106.637929180411305, 10.728187959992438 ], [ 106.638340488057338, 10.728804353753343 ], [ 106.638611106826744, 10.729242336115503 ], [ 106.639089465604684, 10.729825786202621 ], [ 106.639617817785989, 10.730330120516532 ], [ 106.640337016313381, 10.731078868083083 ], [ 106.640982208448222, 10.731669762707066 ], [ 106.641428548929397, 10.73198657767467 ], [ 106.642228071461858, 10.732528871752898 ], [ 106.643422389922904, 10.733248373205512 ], [ 106.644805479012035, 10.734039990970679 ], [ 106.646899261413679, 10.735291690784731 ], [ 106.65174799315686, 10.738240609772161 ], [ 106.656265504491444, 10.740842652872884 ] ] ] } },
{ "type": "Feature", "properties": { "gid": 51, "objectid": 60.0, "phanloai": "Đường liên quận, huyện", "capkythuat": null, "madoituong": "T79-SH01-00000051", "ten": null, "chieudai": 0.0, "quymo": null, "loaihientr": "Đối tượng hiện trạng dự kiến được nâng cấp, điều chỉnh trong quy hoạch", "nam": 2022.0, "nguon": "Hệ thống bản đồ quy hoạch Thành phố Hồ Chí Minh thời kỳ 2021 - 2030, tầm nhìn đến năm 2050", "nhan": null, "shape_leng": 2714.3648707399998 }, "geometry": { "type": "MultiLineString", "coordinates": [ [ [ 106.714404742781525, 10.825602351740978 ], [ 106.713398990572699, 10.819804529944996 ], [ 106.712959920330391, 10.815705628741863 ], [ 106.71264929259182, 10.8129568967944 ], [ 106.712110476455877, 10.809526706207171 ], [ 106.711619882879006, 10.80790640734719 ], [ 106.711484633681152, 10.805362083690651 ], [ 106.71144847173305, 10.801304415801983 ] ] ] } },
{ "type": "Feature", "properties": { "gid": 52, "objectid": 61.0, "phanloai": "Đường liên quận, huyện", "capkythuat": null, "madoituong": "T79-SH01-00000052", "ten": "Quách Điêu", "chieudai": 0.0, "quymo": null, "loaihientr": "Đối tượng hiện trạng dự kiến được nâng cấp, điều chỉnh trong quy hoạch", "nam": 2022.0, "nguon": "Hệ thống bản đồ quy hoạch Thành phố Hồ Chí Minh thời kỳ 2021 - 2030, tầm nhìn đến năm 2050", "nhan": null, "shape_leng": 6699.4251132400004 }, "geometry": { "type": "MultiLineString", "coordinates": [ [ [ 106.577654972379634, 10.812558795082847 ], [ 106.576909638332822, 10.816067641216502 ], [ 106.575982561558419, 10.820344039517073 ], [ 106.575755302769736, 10.820902091999516 ], [ 106.573870695375419, 10.824657980165041 ], [ 106.571561766161651, 10.829526935517377 ], [ 106.566532409955144, 10.840441336024234 ], [ 106.566013447228727, 10.841533447344139 ], [ 106.56569684935755, 10.842250914013736 ], [ 106.564939741771369, 10.846979401260638 ], [ 106.562929560097317, 10.859634252833668 ], [ 106.56189831561106, 10.866494319744652 ], [ 106.562388895667794, 10.868535408308823 ], [ 106.562915558099647, 10.870284014793228 ] ] ] } },
{ "type": "Feature", "properties": { "gid": 53, "objectid": 62.0, "phanloai": "Đường liên quận, huyện", "capkythuat": null, "madoituong": "T79-SH01-00000053", "ten": null, "chieudai": 0.0, "quymo": null, "loaihientr": "Đối tượng hiện trạng dự kiến được nâng cấp, điều chỉnh trong quy hoạch", "nam": 2022.0, "nguon": "Hệ thống bản đồ quy hoạch Thành phố Hồ Chí Minh thời kỳ 2021 - 2030, tầm nhìn đến năm 2050", "nhan": null, "shape_leng": 3764.2316425700001 }, "geometry": { "type": "MultiLineString", "coordinates": [ [ [ 106.687776928747823, 10.750804111583756 ], [ 106.687971430177313, 10.750759295595101 ], [ 106.688273305324444, 10.750643501029257 ], [ 106.688555442666953, 10.750617344194943 ], [ 106.68898324579753, 10.750674655741671 ], [ 106.690296992701732, 10.750987875216449 ], [ 106.692364580256893, 10.75133087250172 ], [ 106.693676423484817, 10.751530538862882 ], [ 106.694318588213662, 10.751677139375392 ], [ 106.694678247278532, 10.751677818971519 ], [ 106.69586999944174, 10.75169286957259 ], [ 106.697156781984646, 10.751683541993108 ], [ 106.69966564908519, 10.75172069535599 ], [ 106.704619977042739, 10.751779637364253 ], [ 106.710270388650173, 10.751824449662623 ], [ 106.715403805850855, 10.751873456705326 ], [ 106.716243144476806, 10.751849739251387 ], [ 106.716800815641406, 10.751857306441675 ], [ 106.717272029871097, 10.751883862796685 ], [ 106.717758426033939, 10.752046789589984 ], [ 106.718228158620278, 10.75229466416236 ], [ 106.719092380087446, 10.75282775281107 ], [ 106.719526930783587, 10.753164042851294 ], [ 106.719817602076645, 10.75352909651429 ], [ 106.72036564031859, 10.754229773814766 ], [ 106.720819128834009, 10.75488537446536 ] ] ] } },
{ "type": "Feature", "properties": { "gid": 54, "objectid": 63.0, "phanloai": "Đường tỉnh", "capkythuat": null, "madoituong": "T79-SH01-00000054", "ten": "15", "chieudai": 41.0, "quymo": null, "loaihientr": "Đối tượng hiện trạng dự kiến được nâng cấp, điều chỉnh trong quy hoạch", "nam": 2022.0, "nguon": "Hệ thống bản đồ quy hoạch Thành phố Hồ Chí Minh thời kỳ 2021 - 2030, tầm nhìn đến năm 2050", "nhan": "15", "shape_leng": 43061.007765100003 }, "geometry": { "type": "MultiLineString", "coordinates": [ [ [ 106.628315383710017, 10.850800864970552 ], [ 106.626653026142705, 10.852285652153395 ], [ 106.625583427133435, 10.853949480725763 ], [ 106.623782982927779, 10.855224464970732 ], [ 106.620629425266586, 10.856907615675764 ], [ 106.618272182462007, 10.858517979723088 ], [ 106.617794791982845, 10.85911640907111 ], [ 106.617269535573982, 10.861305938505726 ], [ 106.615703724708155, 10.866487498333425 ], [ 106.615149469802304, 10.869866445040618 ], [ 106.614316272133237, 10.87112183225906 ], [ 106.612690731835784, 10.873118979503937 ], [ 106.610362724069503, 10.877700325912583 ], [ 106.60770246927629, 10.882921665941746 ], [ 106.606451929831252, 10.884274504973108 ], [ 106.604441199325649, 10.886328371420216 ], [ 106.60238842943798, 10.8877502034843 ], [ 106.599538067764001, 10.888152710767386 ], [ 106.598162504738838, 10.888313822842717 ], [ 106.596994807016117, 10.888345458491303 ], [ 106.59651087560529, 10.888413880258859 ], [ 106.596565615306403, 10.889582349684582 ], [ 106.596638607673825, 10.891250703770297 ], [ 106.5972807726979, 10.892858687067315 ], [ 106.599710518062849, 10.898844612176656 ], [ 106.60002924440424, 10.899972610566632 ], [ 106.600012626094596, 10.900499874401666 ], [ 106.599832352606654, 10.901568029365995 ], [ 106.599683709506792, 10.902470502349757 ], [ 106.599562699482661, 10.907599520319009 ], [ 106.599570376919871, 10.909922455247834 ], [ 106.600227412154823, 10.913517920792428 ], [ 106.600288065184188, 10.914749587260477 ], [ 106.600506710984291, 10.919353150286449 ], [ 106.60057191863865, 10.920440930879479 ], [ 106.601022350331718, 10.922482960706919 ], [ 106.601952335434632, 10.926683585976971 ], [ 106.602530010434194, 10.929122941047293 ], [ 106.603894671562443, 10.935884778149795 ], [ 106.604372771634957, 10.939251774023779 ], [ 106.604306011378029, 10.941492734581248 ], [ 106.604073672930497, 10.94230327797959 ], [ 106.604214966674576, 10.94280897726251 ], [ 106.605097156178502, 10.944253043201883 ], [ 106.605572205247512, 10.945512526978677 ], [ 106.606068166023292, 10.947116842150029 ], [ 106.606035202088137, 10.947392790491991 ], [ 106.605524778337383, 10.948131862793005 ], [ 106.604387078598776, 10.949844274425944 ], [ 106.602928300077323, 10.951997026431691 ], [ 106.600957593840619, 10.955055374575814 ], [ 106.599590870618201, 10.957326710121681 ], [ 106.598477226277083, 10.958684508314795 ], [ 106.596142656445124, 10.961446798482397 ], [ 106.594629464830035, 10.963071868766999 ], [ 106.592041815355316, 10.965820269313825 ], [ 106.588818329741585, 10.969268498475595 ], [ 106.587912759089505, 10.970234820860002 ], [ 106.586043665290319, 10.972222533440856 ], [ 106.583678958220716, 10.974759955559742 ], [ 106.582853450023379, 10.97559613391201 ], [ 106.580939796212874, 10.977660214186578 ], [ 106.578540560569735, 10.980241477195396 ], [ 106.577662152667841, 10.981166641724451 ], [ 106.577335578772761, 10.981654831690339 ], [ 106.576864959445558, 10.982812251614151 ], [ 106.576509847040498, 10.983692441288808 ], [ 106.574532855543708, 10.988409656764594 ], [ 106.572197741034657, 10.994088825746513 ], [ 106.570402512411945, 10.998357756919686 ], [ 106.569431569236016, 11.000411154973948 ], [ 106.568243709979512, 11.002657970447904 ], [ 106.564039653373328, 11.011030854768638 ], [ 106.563396700642514, 11.012195052015034 ], [ 106.563233211850317, 11.013985607761803 ], [ 106.563097101447468, 11.014885240866265 ], [ 106.563439892228516, 11.017132418871467 ], [ 106.563647391702801, 11.019236284651141 ], [ 106.563723759424107, 11.020845752600756 ], [ 106.564536489597231, 11.024338158951148 ], [ 106.565129433906975, 11.029345570648299 ], [ 106.56529861524433, 11.031903959821797 ], [ 106.5660904287421, 11.033075845638523 ], [ 106.566032455121004, 11.03359961406837 ], [ 106.565187945594658, 11.034390272232642 ], [ 106.564764305285408, 11.035410404852588 ], [ 106.564026251846187, 11.035634262149248 ], [ 106.562141901888367, 11.035343102073405 ], [ 106.561794190411206, 11.035446478296922 ], [ 106.561789694347368, 11.035486355418325 ], [ 106.561001163886516, 11.036024452539536 ], [ 106.560432278777085, 11.036648243981929 ], [ 106.559601802435338, 11.037238366607049 ], [ 106.558373849079004, 11.038096082581472 ], [ 106.556403998556377, 11.039514482866657 ], [ 106.554033705170426, 11.041219328680519 ], [ 106.550934082748398, 11.043403052567658 ], [ 106.548131043935825, 11.045278906358377 ], [ 106.54456137548118, 11.047562049881162 ], [ 106.543273082026928, 11.048437240845924 ], [ 106.537429630685835, 11.052039035891054 ], [ 106.535950937788968, 11.052958895967624 ], [ 106.534860832847514, 11.053369011362211 ], [ 106.532990326384947, 11.054740619969516 ], [ 106.53214764031901, 11.055805884048199 ], [ 106.531198478100038, 11.057771250913751 ], [ 106.529393652764554, 11.061557701803446 ], [ 106.528036955190416, 11.064192034201888 ], [ 106.526279733462403, 11.066519806433792 ], [ 106.524004786309789, 11.068467377856702 ], [ 106.521620109135227, 11.070511797036778 ], [ 106.520304796902707, 11.071332731772817 ], [ 106.519763455881559, 11.072446772393267 ], [ 106.518448892294387, 11.075199661389473 ], [ 106.517018478166364, 11.078899148332617 ], [ 106.515319350343702, 11.084179176446524 ], [ 106.514141963983221, 11.088607195179881 ], [ 106.512816128374183, 11.094106458581379 ], [ 106.512318073464826, 11.0958328343585 ], [ 106.511284900794777, 11.097410773718408 ], [ 106.510247765872307, 11.09956632424368 ], [ 106.509854618501748, 11.100696511149568 ], [ 106.509004962148424, 11.103459660074089 ], [ 106.508449808575051, 11.105664409431945 ], [ 106.507990574091764, 11.107404626920122 ], [ 106.507312365896581, 11.109200813642888 ], [ 106.506205601284137, 11.111480855200144 ], [ 106.50528623301625, 11.112593159651377 ], [ 106.499389316342302, 11.118354751987479 ], [ 106.488610186501703, 11.129062565479082 ], [ 106.486732029427813, 11.129233039947877 ], [ 106.485048614477904, 11.129328483851271 ], [ 106.483756164652561, 11.12952755670104 ], [ 106.48046479127774, 11.129971730222366 ], [ 106.479939393248259, 11.130306421045582 ], [ 106.479388180271542, 11.131295670701666 ], [ 106.47882963541376, 11.131895190702684 ], [ 106.476521388733318, 11.13442906876149 ], [ 106.475099172725493, 11.135994600826136 ], [ 106.474609262586952, 11.136732775527445 ], [ 106.474611908363173, 11.13676730152962 ], [ 106.474375421383911, 11.137855974631188 ], [ 106.473789929104427, 11.138822300255828 ], [ 106.472583670774696, 11.140081332176544 ], [ 106.471245631656203, 11.141476595702684 ], [ 106.468565280700787, 11.143658951549932 ], [ 106.466591982055377, 11.144962823642681 ], [ 106.461937754753066, 11.148614888979292 ], [ 106.460139330894506, 11.150131667901356 ], [ 106.459155161774206, 11.151845195831177 ], [ 106.45874082615039, 11.152542146984956 ], [ 106.457921621367817, 11.15392011768577 ], [ 106.456964781057366, 11.154485784292467 ], [ 106.453741825364617, 11.155495997999337 ], [ 106.451758896204794, 11.156087517654077 ] ] ] } },
{ "type": "Feature", "properties": { "gid": 55, "objectid": 64.0, "phanloai": "Đường tỉnh", "capkythuat": null, "madoituong": "T79-SH01-00000055", "ten": "7", "chieudai": 0.0, "quymo": null, "loaihientr": "Đối tượng hiện trạng dự kiến được nâng cấp, điều chỉnh trong quy hoạch", "nam": 2022.0, "nguon": "Hệ thống bản đồ quy hoạch Thành phố Hồ Chí Minh thời kỳ 2021 - 2030, tầm nhìn đến năm 2050", "nhan": "7", "shape_leng": 1647.76540664 }, "geometry": { "type": "MultiLineString", "coordinates": [ [ [ 106.363856126563789, 10.981993162721484 ], [ 106.365741313537583, 10.98586580616667 ], [ 106.366876512695598, 10.987660575085997 ], [ 106.368028694728181, 10.989400213494593 ], [ 106.368888105169873, 10.990818014797215 ], [ 106.369639912657163, 10.991925767684565 ], [ 106.370040938172338, 10.992252262738766 ], [ 106.370701961527303, 10.992763280739441 ], [ 106.372282128269987, 10.993665381462566 ], [ 106.372504824527539, 10.99382762133339 ] ] ] } },
{ "type": "Feature", "properties": { "gid": 56, "objectid": 65.0, "phanloai": "Đường liên quận, huyện", "capkythuat": null, "madoituong": "T79-SH01-00000056", "ten": "Lê Trọng Tấn", "chieudai": 0.0, "quymo": null, "loaihientr": "Đối tượng hiện trạng dự kiến được nâng cấp, điều chỉnh trong quy hoạch", "nam": 2022.0, "nguon": "Hệ thống bản đồ quy hoạch Thành phố Hồ Chí Minh thời kỳ 2021 - 2030, tầm nhìn đến năm 2050", "nhan": null, "shape_leng": 4108.78395215 }, "geometry": { "type": "MultiLineString", "coordinates": [ [ [ 106.636581203121153, 10.801868132825909 ], [ 106.636146193335364, 10.802349582930544 ], [ 106.630907172558949, 10.805473443636167 ], [ 106.625966111498045, 10.806558852724232 ], [ 106.614844936309254, 10.809272451256506 ], [ 106.609487472131747, 10.811851567226167 ], [ 106.603392493982085, 10.815713303312533 ], [ 106.602336634731785, 10.815968542157966 ] ] ] } },
{ "type": "Feature", "properties": { "gid": 57, "objectid": 66.0, "phanloai": "Đường liên quận, huyện", "capkythuat": null, "madoituong": "T79-SH01-00000057", "ten": null, "chieudai": 0.0, "quymo": null, "loaihientr": "Đối tượng hiện trạng dự kiến được nâng cấp, điều chỉnh trong quy hoạch", "nam": 2022.0, "nguon": "Hệ thống bản đồ quy hoạch Thành phố Hồ Chí Minh thời kỳ 2021 - 2030, tầm nhìn đến năm 2050", "nhan": null, "shape_leng": 1398.6283345300001 }, "geometry": { "type": "MultiLineString", "coordinates": [ [ [ 106.688930952953783, 10.740458673218157 ], [ 106.689581078750109, 10.738910337888342 ], [ 106.689377258698102, 10.730280639877389 ], [ 106.687872608664023, 10.728480433707391 ] ] ] } },
{ "type": "Feature", "properties": { "gid": 58, "objectid": 67.0, "phanloai": "Đường liên quận, huyện", "capkythuat": null, "madoituong": "T79-SH01-00000058", "ten": "Dương Bá Trạc", "chieudai": 0.0, "quymo": null, "loaihientr": "Đối tượng hiện trạng dự kiến được nâng cấp, điều chỉnh trong quy hoạch", "nam": 2022.0, "nguon": "Hệ thống bản đồ quy hoạch Thành phố Hồ Chí Minh thời kỳ 2021 - 2030, tầm nhìn đến năm 2050", "nhan": null, "shape_leng": 1107.41915163 }, "geometry": { "type": "MultiLineString", "coordinates": [ [ [ 106.688024942237945, 10.750056941959967 ], [ 106.689244309235377, 10.745761275862135 ], [ 106.688280823402209, 10.742007013461567 ], [ 106.688930952039584, 10.740458673223126 ] ] ] } },
{ "type": "Feature", "properties": { "gid": 59, "objectid": 68.0, "phanloai": "Đường liên quận, huyện", "capkythuat": null, "madoituong": "T79-SH01-00000059", "ten": "Lý Thái Tổ", "chieudai": 0.0, "quymo": null, "loaihientr": "Đối tượng hiện trạng dự kiến được nâng cấp, điều chỉnh trong quy hoạch", "nam": 2022.0, "nguon": "Hệ thống bản đồ quy hoạch Thành phố Hồ Chí Minh thời kỳ 2021 - 2030, tầm nhìn đến năm 2050", "nhan": null, "shape_leng": 1562.32397496 }, "geometry": { "type": "MultiLineString", "coordinates": [ [ [ 106.667753319507156, 10.768197120353969 ], [ 106.674517227615183, 10.767705939671629 ], [ 106.681621880877515, 10.765323442918397 ] ] ] } },
{ "type": "Feature", "properties": { "gid": 60, "objectid": 69.0, "phanloai": "Đường trục chính đô thị", "capkythuat": null, "madoituong": "T79-SH01-00000060", "ten": null, "chieudai": 0.0, "quymo": null, "loaihientr": "Đối tượng hiện trạng dự kiến được nâng cấp, điều chỉnh trong quy hoạch", "nam": 2022.0, "nguon": "Hệ thống bản đồ quy hoạch Thành phố Hồ Chí Minh thời kỳ 2021 - 2030, tầm nhìn đến năm 2050", "nhan": null, "shape_leng": 1532.92672939 }, "geometry": { "type": "MultiLineString", "coordinates": [ [ [ 106.665107682835298, 10.813509030200134 ], [ 106.666514648105334, 10.813384375832189 ], [ 106.670824502381507, 10.813030682596107 ], [ 106.67200861815958, 10.812947763481931 ], [ 106.672447633315258, 10.812985639968421 ], [ 106.672812740531086, 10.813082175125196 ], [ 106.673683509354007, 10.813514582153818 ], [ 106.674570198127725, 10.813942683519715 ], [ 106.675234495302107, 10.814134515215578 ], [ 106.676035608230706, 10.81423142594767 ], [ 106.676589168407645, 10.814217348742044 ], [ 106.677939295720137, 10.814022735322677 ], [ 106.678807946791125, 10.814240496656097 ] ] ] } },
{ "type": "Feature", "properties": { "gid": 61, "objectid": 70.0, "phanloai": "Đường trục chính đô thị", "capkythuat": null, "madoituong": "T79-SH01-00000061", "ten": null, "chieudai": 0.0, "quymo": null, "loaihientr": "Đối tượng hiện trạng dự kiến được nâng cấp, điều chỉnh trong quy hoạch", "nam": 2022.0, "nguon": "Hệ thống bản đồ quy hoạch Thành phố Hồ Chí Minh thời kỳ 2021 - 2030, tầm nhìn đến năm 2050", "nhan": null, "shape_leng": 971.045335034 }, "geometry": { "type": "MultiLineString", "coordinates": [ [ [ 106.664314794455635, 10.80476598158995 ], [ 106.66444816561291, 10.806232881037324 ], [ 106.664766559285312, 10.809274870901097 ], [ 106.665005005821428, 10.812346765846582 ], [ 106.665107682835298, 10.813509030200134 ] ] ] } },
{ "type": "Feature", "properties": { "gid": 62, "objectid": 71.0, "phanloai": "Đường liên quận, huyện", "capkythuat": null, "madoituong": "T79-SH01-00000062", "ten": "Nguyễn Thị Định", "chieudai": 0.0, "quymo": null, "loaihientr": "Đối tượng hiện trạng dự kiến được nâng cấp, điều chỉnh trong quy hoạch", "nam": 2022.0, "nguon": "Hệ thống bản đồ quy hoạch Thành phố Hồ Chí Minh thời kỳ 2021 - 2030, tầm nhìn đến năm 2050", "nhan": null, "shape_leng": 2172.1057812099998 }, "geometry": { "type": "MultiLineString", "coordinates": [ [ [ 106.774297982760771, 10.77055868770802 ], [ 106.774421265714537, 10.770455398589608 ], [ 106.784919434319363, 10.761607016576892 ], [ 106.789379543952563, 10.757784945837349 ] ] ] } },
{ "type": "Feature", "properties": { "gid": 63, "objectid": 72.0, "phanloai": "Đường trục chính đô thị", "capkythuat": null, "madoituong": "T79-SH01-00000063", "ten": "Trường Chinh", "chieudai": 0.0, "quymo": null, "loaihientr": "Đối tượng hiện trạng dự kiến được nâng cấp, điều chỉnh trong quy hoạch", "nam": 2022.0, "nguon": "Hệ thống bản đồ quy hoạch Thành phố Hồ Chí Minh thời kỳ 2021 - 2030, tầm nhìn đến năm 2050", "nhan": null, "shape_leng": 7279.4291035799997 }, "geometry": { "type": "MultiLineString", "coordinates": [ [ [ 106.615192174452218, 10.842825944856836 ], [ 106.620604237807228, 10.834271388262747 ], [ 106.621858229272078, 10.832438123391229 ], [ 106.625098675267523, 10.827353376259802 ], [ 106.628833348182141, 10.823971729728658 ], [ 106.629655185106216, 10.823045062741583 ], [ 106.630381181566548, 10.821524795672325 ], [ 106.631373831777751, 10.817906779002751 ], [ 106.63459041543905, 10.807674246026684 ], [ 106.636560350342847, 10.801882798730261 ], [ 106.640923142823979, 10.799529384528116 ], [ 106.649390045518032, 10.794926644774922 ], [ 106.651807337739967, 10.79372796209619 ], [ 106.653460489896418, 10.792834356455932 ] ] ] } },
{ "type": "Feature", "properties": { "gid": 64, "objectid": 73.0, "phanloai": "Đường liên quận, huyện", "capkythuat": null, "madoituong": "T79-SH01-00000064", "ten": "Kinh Dương Vương", "chieudai": 0.0, "quymo": null, "loaihientr": "Đối tượng hiện trạng dự kiến được nâng cấp, điều chỉnh trong quy hoạch", "nam": 2022.0, "nguon": "Hệ thống bản đồ quy hoạch Thành phố Hồ Chí Minh thời kỳ 2021 - 2030, tầm nhìn đến năm 2050", "nhan": null, "shape_leng": 5073.2815904099998 }, "geometry": { "type": "MultiLineString", "coordinates": [ [ [ 106.600949104245061, 10.723110047092906 ], [ 106.602055164193828, 10.724192101290374 ], [ 106.603304462638491, 10.725628005062104 ], [ 106.605032849128989, 10.726899485988035 ], [ 106.608483246121878, 10.729104253162479 ], [ 106.610009451509953, 10.730039508232116 ], [ 106.610094331761303, 10.730105150168555 ], [ 106.613484262698606, 10.735590766158964 ], [ 106.615337407469866, 10.738565458319812 ], [ 106.634384029252018, 10.75413336656489 ] ] ] } },
{ "type": "Feature", "properties": { "gid": 65, "objectid": 74.0, "phanloai": "Đường liên quận, huyện", "capkythuat": null, "madoituong": "T79-SH01-00000065", "ten": "Cộng Hòa", "chieudai": 0.0, "quymo": null, "loaihientr": "Đối tượng hiện trạng dự kiến được nâng cấp, điều chỉnh trong quy hoạch", "nam": 2022.0, "nguon": "Hệ thống bản đồ quy hoạch Thành phố Hồ Chí Minh thời kỳ 2021 - 2030, tầm nhìn đến năm 2050", "nhan": null, "shape_leng": 3158.7041415799999 }, "geometry": { "type": "MultiLineString", "coordinates": [ [ [ 106.634835064760608, 10.807314729681087 ], [ 106.636094208055965, 10.806213873406968 ], [ 106.637613272057806, 10.804269613470522 ], [ 106.63834058357979, 10.803213554283836 ], [ 106.638844381291165, 10.802892748376266 ], [ 106.639926566062314, 10.802587900586996 ], [ 106.645048048876561, 10.802075218715583 ], [ 106.648895616828682, 10.801754377315563 ], [ 106.658929429222184, 10.800920868676744 ], [ 106.661543220041523, 10.800704099613331 ] ] ] } },
{ "type": "Feature", "properties": { "gid": 66, "objectid": 75.0, "phanloai": "Đường liên quận, huyện", "capkythuat": null, "madoituong": "T79-SH01-00000066", "ten": "Nguyễn Tất Thành", "chieudai": 0.0, "quymo": null, "loaihientr": "Đối tượng hiện trạng dự kiến được nâng cấp, điều chỉnh trong quy hoạch", "nam": 2022.0, "nguon": "Hệ thống bản đồ quy hoạch Thành phố Hồ Chí Minh thời kỳ 2021 - 2030, tầm nhìn đến năm 2050", "nhan": null, "shape_leng": 2954.4760402799998 }, "geometry": { "type": "MultiLineString", "coordinates": [ [ [ 106.72495091900727, 10.751898525595955 ], [ 106.718147906954798, 10.75696001194869 ], [ 106.715807999375443, 10.758126999484533 ], [ 106.711515391278397, 10.760739774765264 ], [ 106.708344973561324, 10.762546930643859 ], [ 106.707177162665431, 10.764957677898858 ], [ 106.705606047605997, 10.768319537275236 ], [ 106.705623677237384, 10.768891950016872 ], [ 106.70567922331, 10.769028671587542 ] ] ] } },
{ "type": "Feature", "properties": { "gid": 67, "objectid": 76.0, "phanloai": "Đường liên quận, huyện", "capkythuat": null, "madoituong": "T79-SH01-00000067", "ten": "Dương Công Khi", "chieudai": 0.0, "quymo": null, "loaihientr": "Đối tượng hiện trạng dự kiến được nâng cấp, điều chỉnh trong quy hoạch", "nam": 2022.0, "nguon": "Hệ thống bản đồ quy hoạch Thành phố Hồ Chí Minh thời kỳ 2021 - 2030, tầm nhìn đến năm 2050", "nhan": null, "shape_leng": 3620.43142807 }, "geometry": { "type": "MultiLineString", "coordinates": [ [ [ 106.562915558099647, 10.870284014793228 ], [ 106.563291651020677, 10.871532682544467 ], [ 106.56376654544205, 10.872654753240313 ], [ 106.564636504220246, 10.874089897302115 ], [ 106.565154622941478, 10.875357153286014 ], [ 106.566942774879976, 10.882252225911008 ], [ 106.568572429209055, 10.887706215771424 ], [ 106.569317653107419, 10.889554694552361 ], [ 106.570730543335628, 10.892639570699526 ], [ 106.571460340560691, 10.894026451065784 ], [ 106.572251560470477, 10.895137400087792 ], [ 106.573320431336967, 10.896501314078616 ], [ 106.574020763803063, 10.897744101642187 ], [ 106.574968786973557, 10.899372883980563 ], [ 106.575241256380608, 10.899776614746777 ], [ 106.575601993172427, 10.900205561146516 ] ] ] } },
{ "type": "Feature", "properties": { "gid": 68, "objectid": 77.0, "phanloai": "Đường liên quận, huyện", "capkythuat": null, "madoituong": "T79-SH01-00000068", "ten": "Phạm Thế Hiển", "chieudai": 0.0, "quymo": null, "loaihientr": "Đối tượng hiện trạng dự kiến được nâng cấp, điều chỉnh trong quy hoạch", "nam": 2022.0, "nguon": "Hệ thống bản đồ quy hoạch Thành phố Hồ Chí Minh thời kỳ 2021 - 2030, tầm nhìn đến năm 2050", "nhan": null, "shape_leng": 3647.16015487 }, "geometry": { "type": "MultiLineString", "coordinates": [ [ [ 106.656362737779943, 10.740854321431438 ], [ 106.657023304070123, 10.741052154766315 ], [ 106.658332541953314, 10.741322890996127 ], [ 106.661589919660258, 10.741946508682911 ], [ 106.664203623352279, 10.742391190351345 ], [ 106.668980168156608, 10.74318501598658 ], [ 106.671961386476355, 10.743759939917876 ], [ 106.674600632605063, 10.744514177378823 ], [ 106.676138011824293, 10.745299375338309 ], [ 106.68000883653626, 10.747343082760604 ], [ 106.682499709503134, 10.748688519261679 ], [ 106.684160373086854, 10.749561479060993 ], [ 106.684482721056426, 10.749740520884142 ], [ 106.685167075531993, 10.750065817914567 ], [ 106.685675951835179, 10.750194077127494 ], [ 106.686329182806134, 10.750507239708989 ], [ 106.687167030430814, 10.750721889565868 ], [ 106.68758242633379, 10.750848928368084 ], [ 106.687776926924386, 10.750804112497709 ] ] ] } },
{ "type": "Feature", "properties": { "gid": 69, "objectid": 78.0, "phanloai": "Đường liên quận, huyện", "capkythuat": null, "madoituong": "T79-SH01-00000069", "ten": "Đường Huỳnh Tấn Phát", "chieudai": 0.0, "quymo": null, "loaihientr": "Đối tượng hiện trạng dự kiến được nâng cấp, điều chỉnh trong quy hoạch", "nam": 2022.0, "nguon": "Hệ thống bản đồ quy hoạch Thành phố Hồ Chí Minh thời kỳ 2021 - 2030, tầm nhìn đến năm 2050", "nhan": null, "shape_leng": 10680.9003625 }, "geometry": { "type": "MultiLineString", "coordinates": [ [ [ 106.728483354784032, 10.752693550449411 ], [ 106.728767287327486, 10.748890517365865 ], [ 106.729382739895598, 10.744261981632439 ], [ 106.729738221890528, 10.74173322254839 ], [ 106.730862008498008, 10.734641378490064 ], [ 106.731015261399733, 10.733614500070473 ], [ 106.731185859620439, 10.733093212848383 ], [ 106.733100502421394, 10.727609327776344 ], [ 106.736347059435644, 10.721293044851828 ], [ 106.736575819335911, 10.720704404895855 ], [ 106.736670008330307, 10.719821374474819 ], [ 106.736843146027695, 10.715982642462896 ], [ 106.737403321474673, 10.706425601117594 ], [ 106.737512688386872, 10.705560466393919 ], [ 106.73772791761678, 10.704734736810853 ], [ 106.73789657011254, 10.703844635968645 ], [ 106.738210900711309, 10.701606017013674 ], [ 106.738524550358022, 10.699419092533569 ], [ 106.740390554727085, 10.69407860512468 ], [ 106.742375383995579, 10.688500245557027 ], [ 106.743434656177101, 10.686926877569846 ], [ 106.746312377386786, 10.68269004549683 ], [ 106.748044899227452, 10.680481183770834 ], [ 106.750590659591936, 10.679461990070473 ], [ 106.755291643128444, 10.677664664960471 ], [ 106.764738573432965, 10.674037858573826 ], [ 106.765829730151779, 10.673632068542339 ], [ 106.766102594347572, 10.673565745257074 ], [ 106.766234997364478, 10.673565315477608 ], [ 106.76647656447922, 10.673629831846375 ], [ 106.766726954699593, 10.673728422113861 ], [ 106.767364450544832, 10.673991077311479 ] ] ] } },
{ "type": "Feature", "properties": { "gid": 70, "objectid": 79.0, "phanloai": "Đường liên quận, huyện", "capkythuat": null, "madoituong": "T79-SH01-00000070", "ten": "Bạch Đằng", "chieudai": 0.0, "quymo": null, "loaihientr": "Đối tượng hiện trạng dự kiến được nâng cấp, điều chỉnh trong quy hoạch", "nam": 2022.0, "nguon": "Hệ thống bản đồ quy hoạch Thành phố Hồ Chí Minh thời kỳ 2021 - 2030, tầm nhìn đến năm 2050", "nhan": null, "shape_leng": 1440.6906296699999 }, "geometry": { "type": "MultiLineString", "coordinates": [ [ [ 106.698542773560675, 10.80268546782054 ], [ 106.701581366106922, 10.803845190038409 ], [ 106.701928266103991, 10.803800930998737 ], [ 106.703086683357014, 10.803472920186055 ], [ 106.711422963652581, 10.802829863700094 ] ] ] } },
{ "type": "Feature", "properties": { "gid": 71, "objectid": 80.0, "phanloai": "Đường liên quận, huyện", "capkythuat": null, "madoituong": "T79-SH01-00000071", "ten": "Hoàng Văn Thụ", "chieudai": 0.0, "quymo": null, "loaihientr": "Đối tượng hiện trạng dự kiến được nâng cấp, điều chỉnh trong quy hoạch", "nam": 2022.0, "nguon": "Hệ thống bản đồ quy hoạch Thành phố Hồ Chí Minh thời kỳ 2021 - 2030, tầm nhìn đến năm 2050", "nhan": null, "shape_leng": 2050.1304816500001 }, "geometry": { "type": "MultiLineString", "coordinates": [ [ [ 106.661543220041523, 10.800704099613331 ], [ 106.680223861385784, 10.799154200674167 ] ] ] } },
{ "type": "Feature", "properties": { "gid": 72, "objectid": 81.0, "phanloai": "Đường trục chính đô thị", "capkythuat": null, "madoituong": "T79-SH01-00000072", "ten": null, "chieudai": 0.0, "quymo": null, "loaihientr": "Đối tượng hiện trạng dự kiến được nâng cấp, điều chỉnh trong quy hoạch", "nam": 2022.0, "nguon": "Hệ thống bản đồ quy hoạch Thành phố Hồ Chí Minh thời kỳ 2021 - 2030, tầm nhìn đến năm 2050", "nhan": null, "shape_leng": 555.77873893100002 }, "geometry": { "type": "MultiLineString", "coordinates": [ [ [ 106.664314794455635, 10.80476598158995 ], [ 106.664022409660191, 10.803596278636126 ], [ 106.663220881728151, 10.80238958996369 ], [ 106.66186820247529, 10.801008534439363 ], [ 106.661836104288469, 10.800925173882842 ], [ 106.66154319280372, 10.800704135017989 ] ] ] } },
{ "type": "Feature", "properties": { "gid": 73, "objectid": 82.0, "phanloai": "Đường liên quận, huyện", "capkythuat": null, "madoituong": "T79-SH01-00000073", "ten": "Ngô Gia Tự", "chieudai": 0.0, "quymo": null, "loaihientr": "Đối tượng hiện trạng dự kiến được nâng cấp, điều chỉnh trong quy hoạch", "nam": 2022.0, "nguon": "Hệ thống bản đồ quy hoạch Thành phố Hồ Chí Minh thời kỳ 2021 - 2030, tầm nhìn đến năm 2050", "nhan": null, "shape_leng": 1579.27493439 }, "geometry": { "type": "MultiLineString", "coordinates": [ [ [ 106.666090174595652, 10.755992562285103 ], [ 106.674321981453701, 10.767722367575301 ] ] ] } },
{ "type": "Feature", "properties": { "gid": 74, "objectid": 83.0, "phanloai": "Đường liên quận, huyện", "capkythuat": null, "madoituong": "T79-SH01-00000074", "ten": null, "chieudai": 0.0, "quymo": null, "loaihientr": "Đối tượng hiện trạng dự kiến được nâng cấp, điều chỉnh trong quy hoạch", "nam": 2022.0, "nguon": "Hệ thống bản đồ quy hoạch Thành phố Hồ Chí Minh thời kỳ 2021 - 2030, tầm nhìn đến năm 2050", "nhan": null, "shape_leng": 1118.2042398200001 }, "geometry": { "type": "MultiLineString", "coordinates": [ [ [ 106.720925483351294, 10.798101286091576 ], [ 106.719556158563037, 10.796780839712605 ], [ 106.718420549453256, 10.795516941389977 ], [ 106.718179797865687, 10.794599316428373 ], [ 106.718187739270022, 10.794511640741385 ], [ 106.718252235479738, 10.791844353116652 ], [ 106.718254624208555, 10.791819480736672 ], [ 106.718117577396796, 10.790966410173176 ], [ 106.717641411073757, 10.790100690645456 ], [ 106.716831286297435, 10.789592125593479 ] ] ] } },
{ "type": "Feature", "properties": { "gid": 75, "objectid": 84.0, "phanloai": "Đường liên quận, huyện", "capkythuat": null, "madoituong": "T79-SH01-00000075", "ten": null, "chieudai": 0.0, "quymo": null, "loaihientr": "Đối tượng hiện trạng dự kiến được nâng cấp, điều chỉnh trong quy hoạch", "nam": 2022.0, "nguon": "Hệ thống bản đồ quy hoạch Thành phố Hồ Chí Minh thời kỳ 2021 - 2030, tầm nhìn đến năm 2050", "nhan": null, "shape_leng": 1591.60813433 }, "geometry": { "type": "MultiLineString", "coordinates": [ [ [ 106.70567922331, 10.769028671587542 ], [ 106.705825233766916, 10.769388056761001 ], [ 106.706173097781885, 10.770265468562362 ], [ 106.706448972189136, 10.77346636159406 ], [ 106.706667682441307, 10.776031875352386 ], [ 106.707369199280947, 10.778437840079734 ], [ 106.707943812537735, 10.780777597791118 ], [ 106.706186003277921, 10.782374147868332 ] ] ] } },
{ "type": "Feature", "properties": { "gid": 76, "objectid": 88.0, "phanloai": "Đường liên quận, huyện", "capkythuat": null, "madoituong": "T79-SH01-00000076", "ten": "Trịnh Quang Nghị", "chieudai": 0.0, "quymo": null, "loaihientr": "Đối tượng hiện trạng dự kiến được nâng cấp, điều chỉnh trong quy hoạch", "nam": 2022.0, "nguon": "Hệ thống bản đồ quy hoạch Thành phố Hồ Chí Minh thời kỳ 2021 - 2030, tầm nhìn đến năm 2050", "nhan": null, "shape_leng": 1279.3425651499999 }, "geometry": { "type": "MultiLineString", "coordinates": [ [ [ 106.634004077931408, 10.702597472626408 ], [ 106.62338169835698, 10.707435869898051 ] ] ] } },
{ "type": "Feature", "properties": { "gid": 77, "objectid": 89.0, "phanloai": "Đường liên quận, huyện", "capkythuat": null, "madoituong": "T79-SH01-00000077", "ten": "Hồ Ngọc Lãm", "chieudai": 0.0, "quymo": null, "loaihientr": "Đối tượng hiện trạng dự kiến được nâng cấp, điều chỉnh trong quy hoạch", "nam": 2022.0, "nguon": "Hệ thống bản đồ quy hoạch Thành phố Hồ Chí Minh thời kỳ 2021 - 2030, tầm nhìn đến năm 2050", "nhan": null, "shape_leng": 3919.3680142799999 }, "geometry": { "type": "MultiLineString", "coordinates": [ [ [ 106.602570326590055, 10.735512653990144 ], [ 106.618347091678473, 10.710560627961497 ], [ 106.61851098934946, 10.710335853118897 ], [ 106.618918025751483, 10.70977762707486 ], [ 106.618999773459592, 10.709671148211207 ], [ 106.619086727505604, 10.709568782765917 ], [ 106.619178676593705, 10.70947077947679 ], [ 106.61927539729129, 10.709377376481678 ], [ 106.619922824910219, 10.708976704819374 ], [ 106.621396642670248, 10.708295583843139 ], [ 106.622410373929341, 10.707840971338062 ], [ 106.623366639184482, 10.707407645234262 ] ] ] } },
{ "type": "Feature", "properties": { "gid": 78, "objectid": 90.0, "phanloai": "Đường liên quận, huyện", "capkythuat": null, "madoituong": "T79-SH01-00000078", "ten": "Trần Đại Nghĩa", "chieudai": 0.0, "quymo": null, "loaihientr": "Đối tượng hiện trạng dự kiến được nâng cấp, điều chỉnh trong quy hoạch", "nam": 2022.0, "nguon": "Hệ thống bản đồ quy hoạch Thành phố Hồ Chí Minh thời kỳ 2021 - 2030, tầm nhìn đến năm 2050", "nhan": null, "shape_leng": 12319.6818036 }, "geometry": { "type": "MultiLineString", "coordinates": [ [ [ 106.497927770738812, 10.765557231259976 ], [ 106.499127609033621, 10.764820010099317 ], [ 106.499268653447871, 10.764751663512451 ], [ 106.499621791380889, 10.764580348517523 ], [ 106.499845702267393, 10.764472594313558 ], [ 106.499872418263564, 10.764461842543314 ], [ 106.499941686566331, 10.764434668583718 ], [ 106.500100502463951, 10.764362838916652 ], [ 106.500184338286857, 10.764318988376266 ], [ 106.500601366265883, 10.764128163350151 ], [ 106.500657579493605, 10.764102009880364 ], [ 106.501278561299642, 10.763804341284681 ], [ 106.501793618718622, 10.763560446481106 ], [ 106.502297569081136, 10.763315768405935 ], [ 106.502501944864591, 10.763218659171836 ], [ 106.502754437976321, 10.763100656555922 ], [ 106.502860661966764, 10.763050302044961 ], [ 106.502932444182633, 10.7630163144867 ], [ 106.503075913930473, 10.762948432909978 ], [ 106.503291162080757, 10.762846564566239 ], [ 106.503434633026288, 10.762778591521267 ], [ 106.503721571494069, 10.762642735685295 ], [ 106.503948331872266, 10.762535322194831 ], [ 106.503971253503536, 10.762524508040407 ], [ 106.504073259018455, 10.762476169019221 ], [ 106.505559004472573, 10.761756774333865 ], [ 106.505839981168407, 10.761622791931185 ], [ 106.506692922698377, 10.761213651283553 ], [ 106.507127377637687, 10.761003013161599 ], [ 106.507529469462511, 10.760804038537151 ], [ 106.507946800572796, 10.760600702038653 ], [ 106.508442281864063, 10.760366797351464 ], [ 106.508728947135012, 10.760225551112105 ], [ 106.508948100959543, 10.760117089168581 ], [ 106.510609604422825, 10.75933378845853 ], [ 106.51067302685513, 10.759302237757472 ], [ 106.51070686351116, 10.759288305051758 ], [ 106.511583170493381, 10.758858423070395 ], [ 106.511988508475852, 10.758631959469847 ], [ 106.512043851711269, 10.758599922597138 ], [ 106.512091160497391, 10.758573381238504 ], [ 106.517196767202805, 10.755574076791049 ], [ 106.5179441594167, 10.755132888631053 ], [ 106.518517319002029, 10.754781443392563 ], [ 106.519022041052054, 10.754503810794528 ], [ 106.519178155653563, 10.754422541374774 ], [ 106.519241399016224, 10.754400203007728 ], [ 106.519961820409904, 10.754042837854829 ], [ 106.521634265859944, 10.753213211087122 ], [ 106.522747805393465, 10.752650691115155 ], [ 106.524794589019521, 10.751526002720059 ], [ 106.526413490769556, 10.75070351495097 ], [ 106.52688404140639, 10.750468803079231 ], [ 106.5280318474382, 10.749896170986966 ], [ 106.53133415088169, 10.748213880597568 ], [ 106.53347394018617, 10.74711998016395 ], [ 106.534605499752161, 10.746541359553891 ], [ 106.536218357718852, 10.745722745866313 ], [ 106.537417643561056, 10.745112688126705 ], [ 106.537772638738929, 10.744928480506424 ], [ 106.537981792802483, 10.74481126953636 ], [ 106.538415276571442, 10.74459918501643 ], [ 106.538912348974662, 10.744484561940622 ], [ 106.541403980297829, 10.74321973266888 ], [ 106.541632063773108, 10.743102159860079 ], [ 106.54210470941652, 10.742863249587471 ], [ 106.542211131309728, 10.742809261388523 ], [ 106.54259095329698, 10.742616576306336 ], [ 106.543081107148694, 10.742369446264648 ], [ 106.543275047281043, 10.74226814324731 ], [ 106.543673183686721, 10.742068253431578 ], [ 106.54432701039201, 10.741740898851464 ], [ 106.547166168414748, 10.740319465450005 ], [ 106.547552600102776, 10.740174706949077 ], [ 106.548560823371588, 10.739682606220946 ], [ 106.549580510035511, 10.739177261801469 ], [ 106.551593711443246, 10.738173256875896 ], [ 106.552684147102994, 10.737621931971312 ], [ 106.553472675852191, 10.737219997985196 ], [ 106.554533899626222, 10.736661350946525 ], [ 106.554775970729196, 10.736530957377912 ], [ 106.555178986222856, 10.736313686011266 ], [ 106.556001882195218, 10.735786880414416 ], [ 106.557075322494796, 10.735086226719941 ], [ 106.557209277817734, 10.734997772778613 ], [ 106.557316996787819, 10.734932221868689 ], [ 106.557384065434576, 10.734893365689867 ], [ 106.557493056440677, 10.734837349371896 ], [ 106.557757794909548, 10.734732893872382 ], [ 106.557997014606258, 10.734686660151533 ], [ 106.558072961142145, 10.734654520252784 ], [ 106.558304413573083, 10.734589814599813 ], [ 106.559153261190801, 10.734447697373263 ], [ 106.561981934781727, 10.733811607469566 ], [ 106.573844894168872, 10.731112167717534 ], [ 106.575595094709556, 10.730596392574201 ], [ 106.577352338022209, 10.730313948031919 ], [ 106.58115424150516, 10.729648370639927 ], [ 106.581337451665775, 10.729610238610423 ], [ 106.58395294268918, 10.728826480092623 ], [ 106.589017003522756, 10.72731642162239 ], [ 106.589017032734674, 10.727316413336384 ], [ 106.589064627870727, 10.727302170409498 ], [ 106.59032050677483, 10.726926311650498 ], [ 106.590645700173525, 10.726800493321875 ], [ 106.591285859910428, 10.726552770328553 ], [ 106.591907756667368, 10.726312869561472 ], [ 106.592750741519581, 10.7259885640146 ], [ 106.593087627007591, 10.725859547269843 ], [ 106.593857466530253, 10.725565179947681 ], [ 106.594702537476095, 10.725236524776836 ], [ 106.596160743811382, 10.724676209615447 ], [ 106.596682946196381, 10.724454832798878 ], [ 106.597710875441081, 10.723841257016641 ], [ 106.598372280933688, 10.723447186538886 ], [ 106.599068932823783, 10.723039547889206 ], [ 106.599552665456287, 10.722760412495461 ], [ 106.599866271736474, 10.722580102461238 ], [ 106.600034980672589, 10.722497734534343 ], [ 106.600160819362628, 10.722449746950996 ], [ 106.600256273947238, 10.722422545895418 ], [ 106.600519608373887, 10.722376172117988 ], [ 106.600794655203458, 10.722333743910697 ], [ 106.600855761528209, 10.722325736792618 ] ] ] } },
{ "type": "Feature", "properties": { "gid": 79, "objectid": 91.0, "phanloai": "Đường liên quận, huyện", "capkythuat": null, "madoituong": "T79-SH01-00000079", "ten": "Mai Bá Hương", "chieudai": 0.0, "quymo": null, "loaihientr": "Đối tượng hiện trạng dự kiến được nâng cấp, điều chỉnh trong quy hoạch", "nam": 2022.0, "nguon": "Hệ thống bản đồ quy hoạch Thành phố Hồ Chí Minh thời kỳ 2021 - 2030, tầm nhìn đến năm 2050", "nhan": null, "shape_leng": 6947.4251632400001 }, "geometry": { "type": "MultiLineString", "coordinates": [ [ [ 106.471963745344013, 10.745829476145948 ], [ 106.47208071502375, 10.745922448566807 ], [ 106.472174282928734, 10.745963805241534 ], [ 106.474413399571588, 10.747743536055941 ], [ 106.474536138276875, 10.747832358912691 ], [ 106.474737633556259, 10.747949334182753 ], [ 106.475499415520829, 10.748579107728164 ], [ 106.476179410474032, 10.74909282322035 ], [ 106.476693612439163, 10.74947598247658 ], [ 106.476829634772329, 10.749566443564618 ], [ 106.476938920374209, 10.749643981451428 ], [ 106.477036604416298, 10.749718408190244 ], [ 106.479690609158311, 10.751782995770373 ], [ 106.480424176793974, 10.75236408024112 ], [ 106.480588849266454, 10.752494579731449 ], [ 106.48075640306331, 10.752627346502049 ], [ 106.482162483961289, 10.753636826618987 ], [ 106.482909042879498, 10.754191235121512 ], [ 106.482983567939058, 10.754254527332529 ], [ 106.483107737931007, 10.754349700743649 ], [ 106.483225645529174, 10.754418659762084 ], [ 106.484232073742291, 10.755251262816405 ], [ 106.485275702159711, 10.755994714569306 ], [ 106.485332868987996, 10.756049195211222 ], [ 106.485461209415078, 10.756152123958154 ], [ 106.485531582515662, 10.756183110779382 ], [ 106.486705785675298, 10.757072238307508 ], [ 106.4877924967941, 10.757917142101233 ], [ 106.487947659948134, 10.758035791311883 ], [ 106.488588449041984, 10.758567456060019 ], [ 106.488717370105604, 10.75865039186834 ], [ 106.488951548381209, 10.75880574517987 ], [ 106.490674744749668, 10.76013752355464 ], [ 106.491349751170091, 10.760643548518651 ], [ 106.491449955481343, 10.760727796375768 ], [ 106.491866310575588, 10.761056689447024 ], [ 106.492654546124498, 10.761643929537332 ], [ 106.49339009838566, 10.762212534505329 ], [ 106.493551297049194, 10.76232711522978 ], [ 106.493826202923756, 10.762530953525237 ], [ 106.495086863708167, 10.763495267372255 ], [ 106.49521687889353, 10.763594807115899 ], [ 106.495650495969031, 10.763926476875884 ], [ 106.496313364820679, 10.764449755530578 ], [ 106.497568701440187, 10.76539526521835 ], [ 106.498360141984676, 10.76603755073288 ], [ 106.498483348021836, 10.766117841223615 ], [ 106.498622875451233, 10.766220079096517 ], [ 106.499608412668891, 10.767003524096687 ], [ 106.499799379461081, 10.767129072251842 ], [ 106.50030000793366, 10.767528797111682 ], [ 106.500520849859413, 10.767706776863191 ], [ 106.500620015534437, 10.767793961807753 ], [ 106.502051291220852, 10.768866159075314 ], [ 106.502336158328092, 10.769057377159239 ], [ 106.5026015630893, 10.769284934702613 ], [ 106.503119228936043, 10.769685921286653 ], [ 106.503689969114703, 10.7701377893251 ], [ 106.50379911010684, 10.77021915993552 ], [ 106.504615211580685, 10.77082485745844 ], [ 106.504714743600303, 10.770905834917203 ], [ 106.505218553616075, 10.771292652691027 ], [ 106.505649451134829, 10.771650004791081 ], [ 106.506438113646453, 10.772249115758154 ], [ 106.506497728018047, 10.772286913964992 ], [ 106.506717389835316, 10.772449603539391 ], [ 106.506970358182301, 10.772604466730721 ], [ 106.507486537847967, 10.773042493555289 ], [ 106.50784759879329, 10.773306510938038 ], [ 106.507931439168161, 10.773387590604681 ], [ 106.50836557944919, 10.773786771380442 ], [ 106.508655272893705, 10.774090752678667 ], [ 106.508998268101379, 10.774497888383921 ], [ 106.509081378949432, 10.774588417463946 ], [ 106.509329027942712, 10.77499352161604 ], [ 106.509824988371619, 10.775818060649261 ], [ 106.510340329575911, 10.776961437164626 ], [ 106.510430500247494, 10.777290402211868 ], [ 106.510454778502051, 10.777355272040859 ], [ 106.510669557337323, 10.778106505602043 ], [ 106.510743618421188, 10.778382610034738 ], [ 106.511067577482777, 10.779776336364026 ], [ 106.511209374681314, 10.780279949301617 ], [ 106.511450364334735, 10.781300354105486 ], [ 106.511633933347667, 10.782019388145521 ], [ 106.511662378583068, 10.782142512494739 ], [ 106.511747972630005, 10.782531719730525 ], [ 106.512038188922631, 10.783611498060392 ], [ 106.512092098941352, 10.784036341060341 ], [ 106.5122500538438, 10.784542089990749 ], [ 106.512377480848244, 10.785010269832446 ], [ 106.512431393655959, 10.785289460773926 ], [ 106.5124435324514, 10.785473108620597 ], [ 106.512425141094454, 10.785585572399411 ], [ 106.512413459286591, 10.785633338957988 ], [ 106.512363859691078, 10.785835911488403 ], [ 106.512356471762757, 10.785919667247148 ], [ 106.512350397942114, 10.786009657723055 ], [ 106.512346008798417, 10.786115624802157 ], [ 106.512347283752845, 10.786251434510168 ], [ 106.512347255045654, 10.786410177249918 ], [ 106.512346822793958, 10.78655605453044 ], [ 106.5123452998929, 10.786632459168386 ], [ 106.512329454634028, 10.786718831179522 ], [ 106.512322389742081, 10.786824041019626 ], [ 106.512324009403059, 10.786987280025366 ], [ 106.512326510679486, 10.787128764318378 ], [ 106.512333456518135, 10.787298317886629 ], [ 106.512346405683246, 10.787450679218168 ], [ 106.512353407428435, 10.787591344081315 ], [ 106.512363410305937, 10.787774437262225 ], [ 106.51238121550152, 10.787974420141648 ], [ 106.512390277440744, 10.788014086594552 ], [ 106.512411789050134, 10.788093181434308 ], [ 106.512451058904105, 10.788151020437381 ], [ 106.512531925050169, 10.788253722884615 ], [ 106.51283487614424, 10.788630985863282 ], [ 106.512894597990353, 10.788727115522255 ], [ 106.512955975821725, 10.788833828824737 ], [ 106.513046155585528, 10.788988938026502 ], [ 106.513057856049528, 10.789013657302073 ], [ 106.513090290765277, 10.789097287056872 ], [ 106.513128921972779, 10.78921112477121 ], [ 106.513172686636693, 10.789365861420965 ], [ 106.513211878421998, 10.789508572127703 ], [ 106.513256293159898, 10.789673871107784 ], [ 106.513293554228738, 10.789808271529656 ], [ 106.513320840621091, 10.789900822040217 ] ] ] } },
{ "type": "Feature", "properties": { "gid": 80, "objectid": 92.0, "phanloai": "Đường liên quận, huyện", "capkythuat": null, "madoituong": "T79-SH01-00000080", "ten": null, "chieudai": 0.0, "quymo": null, "loaihientr": "Đối tượng hiện trạng dự kiến được nâng cấp, điều chỉnh trong quy hoạch", "nam": 2022.0, "nguon": "Hệ thống bản đồ quy hoạch Thành phố Hồ Chí Minh thời kỳ 2021 - 2030, tầm nhìn đến năm 2050", "nhan": null, "shape_leng": 9354.1362403999992 }, "geometry": { "type": "MultiLineString", "coordinates": [ [ [ 106.51333573112467, 10.7899259849882 ], [ 106.514330264220732, 10.792509130898738 ], [ 106.514363491461623, 10.792842531901114 ], [ 106.514905625381701, 10.794961465937964 ], [ 106.517458781906811, 10.80505846503077 ], [ 106.517694425624057, 10.806013083687491 ], [ 106.517757491523881, 10.806257967720656 ], [ 106.51782303688644, 10.806502214520028 ], [ 106.517939822724998, 10.806947918949989 ], [ 106.518316210734554, 10.808469896697348 ], [ 106.518455109864789, 10.809008837453693 ], [ 106.518671729505584, 10.809816144414148 ], [ 106.518887937465678, 10.810711294224404 ], [ 106.519353011166331, 10.812530720897863 ], [ 106.519607543898985, 10.813405309451463 ], [ 106.519858877806968, 10.81452780900571 ], [ 106.520108708600119, 10.815410984456026 ], [ 106.520326833255666, 10.816325631429271 ], [ 106.520631997736217, 10.817535522804343 ], [ 106.521169095708061, 10.819609853312789 ], [ 106.521611296114486, 10.821163443241716 ], [ 106.524313983693844, 10.831758005233356 ], [ 106.524843586178847, 10.833820225726033 ], [ 106.524985334583675, 10.834345690579001 ], [ 106.528807161057969, 10.849199353722986 ], [ 106.532575830954514, 10.863986506412566 ], [ 106.534428204349211, 10.871298385689967 ], [ 106.534507393428584, 10.871820915300114 ], [ 106.534509808743167, 10.871837482736398 ] ] ] } },
{ "type": "Feature", "properties": { "gid": 81, "objectid": 93.0, "phanloai": "Đường liên quận, huyện", "capkythuat": null, "madoituong": "T79-SH01-00000081", "ten": null, "chieudai": 0.0, "quymo": null, "loaihientr": "Đối tượng hiện trạng dự kiến được nâng cấp, điều chỉnh trong quy hoạch", "nam": 2022.0, "nguon": "Hệ thống bản đồ quy hoạch Thành phố Hồ Chí Minh thời kỳ 2021 - 2030, tầm nhìn đến năm 2050", "nhan": null, "shape_leng": 5926.4596511099999 }, "geometry": { "type": "MultiLineString", "coordinates": [ [ [ 106.562905779191354, 10.917620387673884 ], [ 106.561909756645903, 10.916874838467626 ], [ 106.561113058663381, 10.915892493765782 ], [ 106.559090210586987, 10.912692562505789 ], [ 106.556900269079279, 10.908859033930824 ], [ 106.55494033098158, 10.905497287405515 ], [ 106.552913127608534, 10.902085538860549 ], [ 106.551816436135525, 10.900199089572245 ], [ 106.54949310020308, 10.89625550771008 ], [ 106.546205098112864, 10.890655546583876 ], [ 106.543148171503546, 10.88543531718368 ], [ 106.540777160775136, 10.88146907103202 ], [ 106.537597105514692, 10.876027004539495 ], [ 106.535770328637597, 10.872972322907929 ], [ 106.535428460969712, 10.872360237095462 ], [ 106.535249861867598, 10.871692623803614 ] ] ] } },
{ "type": "Feature", "properties": { "gid": 82, "objectid": 94.0, "phanloai": "Đường liên quận, huyện", "capkythuat": null, "madoituong": "T79-SH01-00000082", "ten": "Phan Văn Hớn", "chieudai": 0.0, "quymo": null, "loaihientr": "Đối tượng hiện trạng dự kiến được nâng cấp, điều chỉnh trong quy hoạch", "nam": 2022.0, "nguon": "Hệ thống bản đồ quy hoạch Thành phố Hồ Chí Minh thời kỳ 2021 - 2030, tầm nhìn đến năm 2050", "nhan": null, "shape_leng": 6560.6694800499999 }, "geometry": { "type": "MultiLineString", "coordinates": [ [ [ 106.55779909427801, 10.868178015207986 ], [ 106.558335074835171, 10.868085334812806 ], [ 106.561165984954783, 10.866806461704998 ], [ 106.563672001699643, 10.86568856702301 ], [ 106.565165988496702, 10.865025297147236 ], [ 106.565600334929698, 10.864809351158415 ], [ 106.566982566737082, 10.864056134747948 ], [ 106.567747460150684, 10.863655499063475 ], [ 106.568368379590666, 10.863423176201598 ], [ 106.569249963383456, 10.863171242941551 ], [ 106.569598500831887, 10.863045442187374 ], [ 106.570389987951614, 10.862802442632526 ], [ 106.571074895982463, 10.8625832607544 ], [ 106.571908059925903, 10.862339995830775 ], [ 106.572914812784646, 10.862040509594038 ], [ 106.573293789782426, 10.861896905065093 ], [ 106.573576845329114, 10.861691622983805 ], [ 106.573958995374682, 10.861370475995022 ], [ 106.575284709834364, 10.860266112556715 ], [ 106.576719004989513, 10.859058449943024 ], [ 106.579257206285305, 10.856898473720403 ], [ 106.583023810759457, 10.85376858501332 ], [ 106.583135034846379, 10.853675167508005 ], [ 106.583647808485708, 10.853246164871704 ], [ 106.584132387811337, 10.852840934124188 ], [ 106.584655239553584, 10.852402950433722 ], [ 106.58516073430404, 10.851976781458276 ], [ 106.585580402582494, 10.851622322273878 ], [ 106.586082045581861, 10.851202487912184 ], [ 106.586718843716824, 10.850666638158243 ], [ 106.587600048802784, 10.849940119032073 ], [ 106.588388919898307, 10.849269804036908 ], [ 106.589517791766767, 10.848373493631939 ], [ 106.59092926927076, 10.847265907864239 ], [ 106.59224724200601, 10.846241474494695 ], [ 106.592827716337624, 10.845790770668826 ], [ 106.593190735690044, 10.845523367665262 ], [ 106.593281354245107, 10.845435116767829 ], [ 106.593579035392679, 10.845208511933814 ], [ 106.593810926145196, 10.845032039800008 ], [ 106.59395046179965, 10.844925884235876 ], [ 106.594098187912877, 10.844805150365925 ], [ 106.594120544964056, 10.844786885153933 ], [ 106.594558271116085, 10.844444088637539 ], [ 106.594639218620316, 10.84437731880711 ], [ 106.594642593489269, 10.844374054768014 ], [ 106.594851176936402, 10.84417034332697 ], [ 106.594892195660762, 10.844130305124558 ], [ 106.595420746454494, 10.843584818257689 ], [ 106.595648481117209, 10.843359755828594 ], [ 106.595783065904968, 10.843216908645353 ], [ 106.595986859975, 10.843001637434686 ], [ 106.596360179562637, 10.842613408920457 ], [ 106.596855694931833, 10.842097825851431 ], [ 106.597110347360044, 10.841834085649889 ], [ 106.597337431375479, 10.841599094328551 ], [ 106.597395608596898, 10.841538905311998 ], [ 106.59752819769075, 10.84143511795709 ], [ 106.59818413138251, 10.841024321606316 ], [ 106.598712274919933, 10.840693615422545 ], [ 106.600964418976261, 10.838811720911419 ], [ 106.601460028469489, 10.838395784993493 ], [ 106.601506831831458, 10.838356420337281 ], [ 106.601894220431348, 10.838032424530592 ], [ 106.602091929735181, 10.837867070003814 ], [ 106.603069794389455, 10.837049186130409 ], [ 106.603358619761522, 10.836798599427425 ], [ 106.603508049835128, 10.836668906402277 ], [ 106.603576744464178, 10.836609320848373 ], [ 106.603800744205259, 10.836428161857846 ], [ 106.6039920214007, 10.836285515993143 ], [ 106.604210284249589, 10.836145326984891 ], [ 106.604238769299059, 10.836128432434034 ], [ 106.60440995424517, 10.836028333884935 ], [ 106.604799271968446, 10.835805129164312 ], [ 106.606569992111432, 10.834788901528414 ] ] ] } },
{ "type": "Feature", "properties": { "gid": 83, "objectid": 95.0, "phanloai": "Đường liên quận, huyện", "capkythuat": null, "madoituong": "T79-SH01-00000083", "ten": "HL2", "chieudai": 0.0, "quymo": null, "loaihientr": "Đối tượng hiện trạng dự kiến được nâng cấp, điều chỉnh trong quy hoạch", "nam": 2022.0, "nguon": "Hệ thống bản đồ quy hoạch Thành phố Hồ Chí Minh thời kỳ 2021 - 2030, tầm nhìn đến năm 2050", "nhan": null, "shape_leng": 3632.6716341599999 }, "geometry": { "type": "MultiLineString", "coordinates": [ [ [ 106.621573182394755, 10.773806329022957 ], [ 106.617197264855065, 10.771654749537523 ], [ 106.616142328478034, 10.771136267341262 ], [ 106.614289952920643, 10.770225845309994 ], [ 106.611802038959112, 10.769021525421797 ], [ 106.609615140123708, 10.768001963018792 ], [ 106.609035112663022, 10.767749266069096 ], [ 106.60765637249024, 10.767109178571401 ], [ 106.606683171371913, 10.766639457615954 ], [ 106.605170227077352, 10.765919479226707 ], [ 106.603875653136313, 10.765324511741852 ], [ 106.603284653664758, 10.765013791833036 ], [ 106.603203041853973, 10.764970463039671 ], [ 106.603118445388532, 10.764933148604964 ], [ 106.603031316846952, 10.764902048156097 ], [ 106.602942122353653, 10.764877328076384 ], [ 106.602851339085248, 10.764859120615183 ], [ 106.602759452717891, 10.764847523180384 ], [ 106.602666954829061, 10.764842597817321 ], [ 106.602574340267736, 10.764844370876771 ], [ 106.602355114873745, 10.764859849667641 ], [ 106.602283457569712, 10.76487289710809 ], [ 106.602213108908529, 10.76489165688618 ], [ 106.602144533835286, 10.764916005016339 ], [ 106.602078185573546, 10.764945780578666 ], [ 106.602014502629928, 10.764980786782417 ], [ 106.601953905896053, 10.765020792266638 ], [ 106.601896795866878, 10.765065532629187 ], [ 106.601843549993674, 10.765114712174153 ], [ 106.601432218373432, 10.765515387920058 ], [ 106.60086976276952, 10.765975019547472 ], [ 106.600044070211979, 10.766584852016052 ], [ 106.598292435610958, 10.767292829347197 ], [ 106.598238805650652, 10.767310760962083 ], [ 106.598183345409467, 10.767322000687107 ], [ 106.59812690543265, 10.767326376147846 ], [ 106.597401757636916, 10.767338050820397 ], [ 106.597361560641659, 10.767340451741662 ], [ 106.597321733290002, 10.767346341152873 ], [ 106.597282584629752, 10.767355673354261 ], [ 106.596442948962348, 10.767594974382705 ], [ 106.596401963377048, 10.767608764742317 ], [ 106.596362480897511, 10.767626326860276 ], [ 106.596324855625639, 10.767647503229625 ], [ 106.595841932605595, 10.767950107290019 ], [ 106.595815869592812, 10.767965268070322 ], [ 106.595788849951489, 10.767978692001369 ], [ 106.591747769735449, 10.769823423670703 ] ] ] } },
{ "type": "Feature", "properties": { "gid": 84, "objectid": 96.0, "phanloai": "Đường liên quận, huyện", "capkythuat": null, "madoituong": "T79-SH01-00000084", "ten": null, "chieudai": 0.0, "quymo": null, "loaihientr": "Đối tượng hiện trạng dự kiến được nâng cấp, điều chỉnh trong quy hoạch", "nam": 2022.0, "nguon": "Hệ thống bản đồ quy hoạch Thành phố Hồ Chí Minh thời kỳ 2021 - 2030, tầm nhìn đến năm 2050", "nhan": null, "shape_leng": 1749.1947895200001 }, "geometry": { "type": "MultiLineString", "coordinates": [ [ [ 106.621844582701399, 10.773934385913673 ], [ 106.623933430423421, 10.775060357494668 ], [ 106.626886401426077, 10.776652088022567 ], [ 106.627932779040336, 10.777218476356193 ], [ 106.62850460881512, 10.777527225917074 ], [ 106.629018874532022, 10.777815288026495 ], [ 106.630806493904032, 10.778772681201971 ], [ 106.631547860580497, 10.779181284942574 ], [ 106.634287537105749, 10.780666636060012 ], [ 106.635152276011866, 10.781127204602834 ], [ 106.635629408748912, 10.78141256509377 ], [ 106.63583878559696, 10.781580630441761 ] ] ] } },
{ "type": "Feature", "properties": { "gid": 85, "objectid": 97.0, "phanloai": "Đường liên quận, huyện", "capkythuat": null, "madoituong": "T79-SH01-00000085", "ten": null, "chieudai": 0.0, "quymo": null, "loaihientr": "Đối tượng hiện trạng dự kiến được nâng cấp, điều chỉnh trong quy hoạch", "nam": 2022.0, "nguon": "Hệ thống bản đồ quy hoạch Thành phố Hồ Chí Minh thời kỳ 2021 - 2030, tầm nhìn đến năm 2050", "nhan": null, "shape_leng": 797.27918873500005 }, "geometry": { "type": "MultiLineString", "coordinates": [ [ [ 106.63583878559696, 10.781580630441761 ], [ 106.636604649859592, 10.782273207090258 ], [ 106.636963591900653, 10.782552096413244 ], [ 106.637826560716604, 10.783187815210344 ], [ 106.638570721314963, 10.783724614717645 ], [ 106.638823177984861, 10.783905942778549 ], [ 106.639600666122405, 10.784465139243224 ], [ 106.640190676147213, 10.784888248350597 ], [ 106.641609660477613, 10.785976729215598 ] ] ] } },
{ "type": "Feature", "properties": { "gid": 86, "objectid": 98.0, "phanloai": "Đường liên quận, huyện", "capkythuat": null, "madoituong": "T79-SH01-00000086", "ten": null, "chieudai": 0.0, "quymo": null, "loaihientr": "Đối tượng hiện trạng dự kiến được nâng cấp, điều chỉnh trong quy hoạch", "nam": 2022.0, "nguon": "Hệ thống bản đồ quy hoạch Thành phố Hồ Chí Minh thời kỳ 2021 - 2030, tầm nhìn đến năm 2050", "nhan": null, "shape_leng": 1607.1714038699999 }, "geometry": { "type": "MultiLineString", "coordinates": [ [ [ 106.652813705737472, 10.79246708954234 ], [ 106.653418904483715, 10.793018049892407 ], [ 106.652329050127506, 10.792096406622269 ], [ 106.651654399504281, 10.791582403550251 ], [ 106.651354182798897, 10.791354194299876 ], [ 106.65122666694036, 10.79125281886065 ], [ 106.651162277140543, 10.79119567224863 ], [ 106.650888151436021, 10.790998279208972 ], [ 106.650508108412922, 10.790724615487829 ], [ 106.650278530019747, 10.790558592907342 ], [ 106.650035264499948, 10.790381698519029 ], [ 106.649666863309292, 10.790109074409672 ], [ 106.649182194605842, 10.78979619040657 ], [ 106.648846916594664, 10.789579746997189 ], [ 106.648549185093401, 10.789387540881355 ], [ 106.648301121148549, 10.789227472429847 ], [ 106.647834864699519, 10.788911280204598 ], [ 106.647748816445386, 10.788853033880022 ], [ 106.647736378206332, 10.788846178591971 ], [ 106.647485907130459, 10.788701655807351 ], [ 106.6471439523323, 10.788526788404438 ], [ 106.646825718726731, 10.788366847014329 ], [ 106.646620435568963, 10.788263672636411 ], [ 106.646616367687443, 10.788261528140909 ], [ 106.646375134509341, 10.788128405137043 ], [ 106.645238818154553, 10.787638785123363 ], [ 106.644908201876987, 10.787461352153899 ], [ 106.644113714718117, 10.787064244304817 ], [ 106.643516008633455, 10.786758347436749 ], [ 106.643396040841196, 10.786691669467633 ], [ 106.642815036075518, 10.786438779084873 ], [ 106.64245988533311, 10.786305061074042 ], [ 106.641609660477613, 10.785976729215598 ] ] ] } },
{ "type": "Feature", "properties": { "gid": 87, "objectid": 99.0, "phanloai": "Đường liên quận, huyện", "capkythuat": null, "madoituong": "T79-SH01-00000087", "ten": "Tam Tân", "chieudai": 0.0, "quymo": null, "loaihientr": "Đối tượng hiện trạng dự kiến được nâng cấp, điều chỉnh trong quy hoạch", "nam": 2022.0, "nguon": "Hệ thống bản đồ quy hoạch Thành phố Hồ Chí Minh thời kỳ 2021 - 2030, tầm nhìn đến năm 2050", "nhan": null, "shape_leng": 9983.2974107099999 }, "geometry": { "type": "MultiLineString", "coordinates": [ [ [ 106.495509177116446, 10.922997926807431 ], [ 106.494951512346319, 10.923276332405342 ], [ 106.495947929583465, 10.922778885897486 ], [ 106.49609929662715, 10.922706735940995 ], [ 106.496253243328212, 10.922640129814658 ], [ 106.496409561878068, 10.92257915742633 ], [ 106.496568041266997, 10.922523901078957 ], [ 106.496728467568857, 10.922474435359582 ], [ 106.496890624229948, 10.922430827038635 ], [ 106.497054292361156, 10.922393134979812 ], [ 106.497219251033513, 10.922361410060653 ], [ 106.497385277576285, 10.922335695103886 ], [ 106.497552147877627, 10.922316024819635 ], [ 106.507787483000087, 10.921297417451315 ], [ 106.537950714544834, 10.917516575874147 ], [ 106.561620643172887, 10.91866201865151 ], [ 106.563758078440642, 10.920085839109376 ], [ 106.56389840009146, 10.920175419560342 ], [ 106.564042157564529, 10.92025951105456 ], [ 106.564189131138107, 10.920337985064897 ], [ 106.564339096174407, 10.920410721650128 ], [ 106.564491823462987, 10.920477609638326 ], [ 106.564647079570975, 10.920538546796728 ], [ 106.564804627200076, 10.920593439988057 ], [ 106.564964225549218, 10.920642205312848 ], [ 106.56512563068263, 10.920684768237724 ], [ 106.565288595902757, 10.920721063709294 ], [ 106.565452872127366, 10.9207510362536 ], [ 106.56561820827028, 10.920774640060911 ], [ 106.565784351625226, 10.920791839055719 ], [ 106.565951048252131, 10.920802606951915 ], [ 106.575856166254766, 10.921640911557704 ], [ 106.576283802213538, 10.921673622621435 ], [ 106.57671192166552, 10.921699427219821 ], [ 106.577140410402393, 10.921718318473227 ], [ 106.577569154117427, 10.921730291346247 ], [ 106.57799803843595, 10.921735342649091 ], [ 106.578426948945904, 10.921733471038399 ], [ 106.582004663601154, 10.921624882947572 ], [ 106.582505557524215, 10.921606757196908 ], [ 106.583006200400092, 10.921582799715376 ], [ 106.583506522703132, 10.921553013834121 ], [ 106.584006454952387, 10.921517403693665 ], [ 106.584505927721167, 10.921475974243348 ] ] ] } },
{ "type": "Feature", "properties": { "gid": 88, "objectid": 100.0, "phanloai": "Đường liên quận, huyện", "capkythuat": null, "madoituong": "T79-SH01-00000088", "ten": "Tam Tân", "chieudai": 0.0, "quymo": null, "loaihientr": "Đối tượng hiện trạng dự kiến được nâng cấp, điều chỉnh trong quy hoạch", "nam": 2022.0, "nguon": "Hệ thống bản đồ quy hoạch Thành phố Hồ Chí Minh thời kỳ 2021 - 2030, tầm nhìn đến năm 2050", "nhan": null, "shape_leng": 4940.8645524499998 }, "geometry": { "type": "MultiLineString", "coordinates": [ [ [ 106.454610128133695, 10.943430046252063 ], [ 106.463999634653305, 10.938736583212464 ], [ 106.464140812864542, 10.938666143862942 ], [ 106.471732625655534, 10.934866656031652 ], [ 106.494951512346319, 10.923276332405342 ] ] ] } },
{ "type": "Feature", "properties": { "gid": 89, "objectid": 101.0, "phanloai": "Đường liên quận, huyện", "capkythuat": null, "madoituong": "T79-SH01-00000089", "ten": "Tam Tân", "chieudai": 0.0, "quymo": null, "loaihientr": "Đối tượng hiện trạng dự kiến được nâng cấp, điều chỉnh trong quy hoạch", "nam": 2022.0, "nguon": "Hệ thống bản đồ quy hoạch Thành phố Hồ Chí Minh thời kỳ 2021 - 2030, tầm nhìn đến năm 2050", "nhan": null, "shape_leng": 13337.351973299999 }, "geometry": { "type": "MultiLineString", "coordinates": [ [ [ 106.454513226919062, 10.943577934026088 ], [ 106.454245214584191, 10.943743123982777 ], [ 106.453980251158114, 10.943913049461569 ], [ 106.453718422316697, 10.944087655522637 ], [ 106.45345981272277, 10.944266885712635 ], [ 106.453204505998755, 10.944450682082966 ], [ 106.452952584699716, 10.944638985208469 ], [ 106.43961267719402, 10.954797129976901 ], [ 106.437412629151225, 10.956323839477321 ], [ 106.415856185152919, 10.97287736246883 ], [ 106.412927184619662, 10.974993274846295 ], [ 106.412816093138147, 10.975069449589 ], [ 106.412701339765306, 10.975140126090215 ], [ 106.412583202983726, 10.975205132830117 ], [ 106.412461969487694, 10.975264312048228 ], [ 106.412337933487194, 10.975317520126223 ], [ 106.412211395994021, 10.975364627936543 ], [ 106.412082664091187, 10.975405521155812 ], [ 106.411952050187679, 10.975440100542265 ], [ 106.411819871260263, 10.975468282176639 ], [ 106.411686448084069, 10.975489997665882 ], [ 106.411552104454245, 10.975505194309083 ], [ 106.411417166399985, 10.975513835225481 ], [ 106.411281961393229, 10.975515899443909 ], [ 106.411146817554013, 10.975511381953748 ], [ 106.411012062853985, 10.975500293717079 ], [ 106.404039077527841, 10.974755155303985 ], [ 106.390313063144845, 10.973203451355525 ], [ 106.384380505648394, 10.972546153379724 ], [ 106.381321706030533, 10.972257345986961 ], [ 106.374472488355195, 10.971376506559725 ], [ 106.374373372478772, 10.971367356003203 ], [ 106.374273846058486, 10.971365328381728 ], [ 106.374174432692811, 10.971370434363289 ], [ 106.37407565538561, 10.971382647086665 ], [ 106.373978033794785, 10.971401902302777 ], [ 106.373882081498436, 10.971428098712598 ], [ 106.373788303293225, 10.971461098500081 ], [ 106.373697192538557, 10.971500728057155 ], [ 106.373609228561392, 10.971546778896977 ], [ 106.37352487413439, 10.971599008750745 ], [ 106.373444573041454, 10.971657142842194 ], [ 106.373368747743029, 10.971720875333071 ], [ 106.373297797153555, 10.971789870932133 ], [ 106.373232094542828, 10.971863766658986 ], [ 106.373171985572185, 10.971942173753623 ], [ 106.372716387611646, 10.972583522819997 ], [ 106.355677590871224, 10.99527047797987 ] ] ] } },
{ "type": "Feature", "properties": { "gid": 90, "objectid": 102.0, "phanloai": "Đường liên quận, huyện", "capkythuat": null, "madoituong": "T79-SH01-00000090", "ten": null, "chieudai": 0.0, "quymo": null, "loaihientr": "Đối tượng hiện trạng dự kiến được nâng cấp, điều chỉnh trong quy hoạch", "nam": 2022.0, "nguon": "Hệ thống bản đồ quy hoạch Thành phố Hồ Chí Minh thời kỳ 2021 - 2030, tầm nhìn đến năm 2050", "nhan": "787B", "shape_leng": 622.06601537799997 }, "geometry": { "type": "MultiLineString", "coordinates": [ [ [ 106.372504824527539, 10.99382762133339 ], [ 106.372503899152903, 10.993948476458606 ], [ 106.372502155311651, 10.994176100313448 ], [ 106.372431579868191, 10.994848171945721 ], [ 106.372345502462565, 10.995356502355614 ], [ 106.371965758825922, 10.996265401250502 ], [ 106.371768459615424, 10.997222285724261 ], [ 106.371646386203579, 10.998011519395623 ], [ 106.371565814059281, 10.999335750799689 ] ] ] } },
{ "type": "Feature", "properties": { "gid": 91, "objectid": 103.0, "phanloai": "Đường tỉnh", "capkythuat": null, "madoituong": "T79-SH01-00000091", "ten": "Hà Duy Phiên", "chieudai": 0.0, "quymo": null, "loaihientr": "Đối tượng hiện trạng dự kiến được nâng cấp, điều chỉnh trong quy hoạch", "nam": 2022.0, "nguon": "Hệ thống bản đồ quy hoạch Thành phố Hồ Chí Minh thời kỳ 2021 - 2030, tầm nhìn đến năm 2050", "nhan": null, "shape_leng": 6159.0065307200002 }, "geometry": { "type": "MultiLineString", "coordinates": [ [ [ 106.649055283161957, 10.919472945176125 ], [ 106.648262873128147, 10.923718056908022 ], [ 106.647166541143491, 10.927786396997398 ], [ 106.646734831622027, 10.930394024704606 ], [ 106.646216232501729, 10.932953268015599 ], [ 106.646023148565632, 10.934148415857859 ], [ 106.645454263047768, 10.936921320994177 ], [ 106.645432634002304, 10.937705239796337 ], [ 106.645662184872037, 10.939892274297248 ], [ 106.646065723969457, 10.941998966654737 ], [ 106.646324773800174, 10.943204321990816 ], [ 106.646928675309056, 10.945573848344409 ], [ 106.646904900329574, 10.946290562298989 ], [ 106.646652737328722, 10.947316522282577 ], [ 106.645804591280552, 10.949352310543961 ], [ 106.645374294915015, 10.950557767680019 ], [ 106.645106457450794, 10.951676304124458 ], [ 106.644621316982395, 10.953320556736417 ], [ 106.643907513417162, 10.955607649133006 ], [ 106.643105056434095, 10.958231311995325 ], [ 106.643104253404545, 10.958283909846857 ], [ 106.642175602285064, 10.960879545459859 ], [ 106.64102886110571, 10.963732552663682 ], [ 106.640037305764281, 10.966168483699667 ], [ 106.639667281829787, 10.967493226051999 ], [ 106.639185678743615, 10.969428749245177 ], [ 106.639184450561046, 10.969478988943521 ], [ 106.639049413995039, 10.97000468410107 ], [ 106.639187976679665, 10.971371778408626 ], [ 106.639512094537508, 10.973319926680732 ] ] ] } },
{ "type": "Feature", "properties": { "gid": 92, "objectid": 104.0, "phanloai": "Đường cao tốc", "capkythuat": null, "madoituong": "T79-SH01-00000092", "ten": "CT29", "chieudai": 0.0, "quymo": "4 làn xe", "loaihientr": "Đối tượng hiện trạng dự kiến được nâng cấp, điều chỉnh trong quy hoạch", "nam": 2022.0, "nguon": "Hệ thống bản đồ quy hoạch Thành phố Hồ Chí Minh thời kỳ 2021 - 2030, tầm nhìn đến năm 2050", "nhan": null, "shape_leng": 4019.4928743300002 }, "geometry": { "type": "MultiLineString", "coordinates": [ [ [ 106.828825800742308, 10.789803945822422 ], [ 106.830055346727505, 10.789517989112534 ], [ 106.836909529385295, 10.788092270679183 ], [ 106.843977396430688, 10.786565698094288 ], [ 106.846646556195182, 10.786106178338333 ], [ 106.849111102145372, 10.785930337431402 ], [ 106.852799252079038, 10.785899528785652 ], [ 106.858290031395953, 10.786071171232116 ], [ 106.865170074291825, 10.786333804158598 ] ] ] } },
{ "type": "Feature", "properties": { "gid": 93, "objectid": 105.0, "phanloai": "Đường liên quận, huyện", "capkythuat": null, "madoituong": "T79-SH01-00000093", "ten": "Bình Long", "chieudai": 0.0, "quymo": null, "loaihientr": "Đối tượng hiện trạng dự kiến được nâng cấp, điều chỉnh trong quy hoạch", "nam": 2022.0, "nguon": "Hệ thống bản đồ quy hoạch Thành phố Hồ Chí Minh thời kỳ 2021 - 2030, tầm nhìn đến năm 2050", "nhan": null, "shape_leng": 4666.4335284 }, "geometry": { "type": "MultiLineString", "coordinates": [ [ [ 106.607954418720468, 10.81294514636684 ], [ 106.607719153755809, 10.810302553446826 ], [ 106.607370116321661, 10.808284588121156 ], [ 106.607680524731094, 10.807109844978747 ], [ 106.609815350769651, 10.803379740302715 ], [ 106.61307828188896, 10.797711888294545 ], [ 106.615127595521827, 10.793800283459991 ], [ 106.616687062564083, 10.789978743125177 ], [ 106.61797120065161, 10.786767852871437 ], [ 106.619829353925113, 10.781673689705784 ], [ 106.620849409966155, 10.778487974407401 ], [ 106.621395766872666, 10.776971533593702 ], [ 106.62161533538503, 10.775776811526281 ], [ 106.621701667165027, 10.773872624262863 ] ] ] } },
{ "type": "Feature", "properties": { "gid": 94, "objectid": 106.0, "phanloai": "Đường trục chính đô thị", "capkythuat": null, "madoituong": "T79-SH01-00000094", "ten": "Đường Nguyễn Hữu Thọ", "chieudai": 0.0, "quymo": null, "loaihientr": "Đối tượng hiện trạng dự kiến được nâng cấp, điều chỉnh trong quy hoạch", "nam": 2022.0, "nguon": "Hệ thống bản đồ quy hoạch Thành phố Hồ Chí Minh thời kỳ 2021 - 2030, tầm nhìn đến năm 2050", "nhan": null, "shape_leng": 2614.97498408 }, "geometry": { "type": "MultiLineString", "coordinates": [ [ [ 106.70228743067689, 10.751689815580722 ], [ 106.702287633922708, 10.751774322565273 ], [ 106.702528526075668, 10.749339367803547 ], [ 106.700600497654918, 10.738624644984681 ], [ 106.699871656709504, 10.734224247937767 ], [ 106.700547135465044, 10.728496049104423 ] ] ] } },
{ "type": "Feature", "properties": { "gid": 95, "objectid": 107.0, "phanloai": "Đường liên quận, huyện", "capkythuat": null, "madoituong": "T79-SH01-00000095", "ten": null, "chieudai": 0.0, "quymo": null, "loaihientr": "Đối tượng hiện trạng dự kiến được nâng cấp, điều chỉnh trong quy hoạch", "nam": 2022.0, "nguon": "Hệ thống bản đồ quy hoạch Thành phố Hồ Chí Minh thời kỳ 2021 - 2030, tầm nhìn đến năm 2050", "nhan": null, "shape_leng": 9214.3376198299993 }, "geometry": { "type": "MultiLineString", "coordinates": [ [ [ 106.727214249082053, 10.660008905950221 ], [ 106.732632372547798, 10.643126850427068 ], [ 106.733541689938534, 10.640358344331045 ], [ 106.734958867545913, 10.636043531449191 ], [ 106.736560097981283, 10.628952369217792 ], [ 106.738590562207719, 10.619884713734487 ], [ 106.739114108276127, 10.617990569213385 ], [ 106.739291157049465, 10.616602885363317 ], [ 106.739516644838503, 10.615370734524873 ], [ 106.73958221654479, 10.613412855715419 ], [ 106.739653165914731, 10.612402132611981 ], [ 106.740171972366255, 10.6095640467145 ], [ 106.740321580622961, 10.608874003682297 ], [ 106.740617315924368, 10.6080124252102 ], [ 106.740709667790014, 10.607619838497156 ], [ 106.740786188635255, 10.606435928947018 ], [ 106.741124436868105, 10.604894645734491 ], [ 106.741591536575072, 10.60303887029408 ], [ 106.743016726567049, 10.595924907319811 ], [ 106.743166790649568, 10.59522353885597 ], [ 106.743088770953676, 10.592320322532427 ], [ 106.74295465356569, 10.590925562584093 ], [ 106.742975738671461, 10.590105351498357 ], [ 106.742846643694335, 10.5873301996235 ], [ 106.74271253091554, 10.585682900555023 ], [ 106.742377593886488, 10.584630748233961 ], [ 106.741973943696678, 10.582797122219928 ], [ 106.741690098399616, 10.582319493177945 ], [ 106.740819850658468, 10.581341741831654 ], [ 106.740650167989585, 10.581004529256594 ], [ 106.74066831978358, 10.579323254771452 ] ] ] } },
{ "type": "Feature", "properties": { "gid": 96, "objectid": 108.0, "phanloai": "Đường liên quận, huyện", "capkythuat": null, "madoituong": "T79-SH01-00000096", "ten": null, "chieudai": 0.0, "quymo": null, "loaihientr": "Đối tượng hiện trạng dự kiến được nâng cấp, điều chỉnh trong quy hoạch", "nam": 2022.0, "nguon": "Hệ thống bản đồ quy hoạch Thành phố Hồ Chí Minh thời kỳ 2021 - 2030, tầm nhìn đến năm 2050", "nhan": null, "shape_leng": 4196.9414683799996 }, "geometry": { "type": "MultiLineString", "coordinates": [ [ [ 106.644346144606004, 10.908936345110677 ], [ 106.646354118204215, 10.909120927664793 ], [ 106.652741506622675, 10.907956671458564 ], [ 106.654505540106811, 10.907653705411734 ], [ 106.656803941774811, 10.907172471850856 ], [ 106.657024734408665, 10.90714100872477 ], [ 106.657486138768576, 10.907164190749901 ], [ 106.657881584294756, 10.907202807834313 ], [ 106.658381982666612, 10.90726121448469 ], [ 106.658710357243123, 10.907298779697673 ], [ 106.664466814764296, 10.908903717104582 ], [ 106.665916289064924, 10.909143943429649 ], [ 106.670023698357681, 10.910104388053576 ], [ 106.674158977108533, 10.911174182686299 ], [ 106.676388975008436, 10.911786575375016 ], [ 106.680101596597382, 10.912921374082815 ], [ 106.680814661874322, 10.913147195091032 ], [ 106.680974235400015, 10.913206251486901 ], [ 106.681073655499404, 10.913251892172502 ], [ 106.681190897541398, 10.913315398278559 ], [ 106.681316217035445, 10.913396337832561 ], [ 106.681390839018675, 10.913451856576071 ], [ 106.681465542471841, 10.913513723944634 ], [ 106.681545383441673, 10.913587832739974 ], [ 106.681580189476307, 10.913623081825516 ], [ 106.681589702347523, 10.913631768044892 ] ] ] } },
{ "type": "Feature", "properties": { "gid": 97, "objectid": 109.0, "phanloai": "Đường liên quận, huyện", "capkythuat": null, "madoituong": "T79-SH01-00000097", "ten": null, "chieudai": 0.0, "quymo": null, "loaihientr": "Đối tượng hiện trạng dự kiến được nâng cấp, điều chỉnh trong quy hoạch", "nam": 2022.0, "nguon": "Hệ thống bản đồ quy hoạch Thành phố Hồ Chí Minh thời kỳ 2021 - 2030, tầm nhìn đến năm 2050", "nhan": null, "shape_leng": 2548.6503055100002 }, "geometry": { "type": "MultiLineString", "coordinates": [ [ [ 106.681589702347523, 10.913631768044892 ], [ 106.681836909152992, 10.913457272969943 ], [ 106.682107284821356, 10.913266424655033 ], [ 106.682653076765305, 10.912856212453997 ], [ 106.683094176231478, 10.912541230165628 ], [ 106.683340919742918, 10.912309795555466 ], [ 106.683439847673029, 10.912142764016609 ], [ 106.683665996966099, 10.911583653012764 ], [ 106.684104470380163, 10.910524324742939 ], [ 106.684399285565036, 10.909757874367967 ], [ 106.684455786469798, 10.909534443257996 ], [ 106.684569089137284, 10.909227757423468 ], [ 106.684940174145567, 10.90837564514171 ], [ 106.685095337746901, 10.908031269928502 ], [ 106.685487600374969, 10.907312378846939 ], [ 106.685822951579738, 10.906593335177934 ], [ 106.685979388592102, 10.906135982810726 ], [ 106.686282548789777, 10.905310518789598 ], [ 106.686570817584382, 10.904630587876259 ], [ 106.686718179354102, 10.904123026981848 ], [ 106.686943773815102, 10.903473805969151 ], [ 106.687399798827798, 10.902412814307784 ], [ 106.687821585764951, 10.901578028446149 ], [ 106.687995546705125, 10.901278818918405 ], [ 106.688011652200757, 10.901251117170082 ], [ 106.688383282724899, 10.900747963510982 ], [ 106.688408726316609, 10.900709561833622 ], [ 106.688430097987194, 10.900668807738578 ], [ 106.688447177333757, 10.900626121520382 ], [ 106.688459788220072, 10.900581943399217 ], [ 106.688892957847486, 10.89870436268618 ], [ 106.689009268907597, 10.89817486246759 ], [ 106.68914671987261, 10.897520941065196 ], [ 106.689181443389202, 10.897188345716781 ], [ 106.689133889601635, 10.896107658942622 ], [ 106.689133139506581, 10.896090623715722 ], [ 106.687837794370139, 10.893369405703043 ], [ 106.687602446890978, 10.892958723900987 ] ] ] } },
{ "type": "Feature", "properties": { "gid": 98, "objectid": 110.0, "phanloai": "Đường liên quận, huyện", "capkythuat": null, "madoituong": "T79-SH01-00000098", "ten": null, "chieudai": 0.0, "quymo": null, "loaihientr": "Đối tượng hiện trạng dự kiến được nâng cấp, điều chỉnh trong quy hoạch", "nam": 2022.0, "nguon": "Hệ thống bản đồ quy hoạch Thành phố Hồ Chí Minh thời kỳ 2021 - 2030, tầm nhìn đến năm 2050", "nhan": null, "shape_leng": 7638.7212118500001 }, "geometry": { "type": "MultiLineString", "coordinates": [ [ [ 106.724051374289644, 10.671705363953501 ], [ 106.724208698735495, 10.671278461736744 ], [ 106.729139283129442, 10.657898815882882 ], [ 106.729145350282423, 10.657882356949164 ], [ 106.729151437311629, 10.657865857224017 ], [ 106.729157551548909, 10.657849320283098 ], [ 106.729163697579196, 10.657832748813206 ], [ 106.729169880891121, 10.657816143688031 ], [ 106.729176108816532, 10.657799508483249 ], [ 106.729182386839014, 10.657782843168539 ], [ 106.729188719553648, 10.657766152238731 ], [ 106.729195113363048, 10.657749436562465 ], [ 106.729201572852162, 10.657732698826544 ], [ 106.729208107175523, 10.657715941692501 ], [ 106.729214719999064, 10.657699166948175 ], [ 106.729221417740632, 10.657682378174227 ], [ 106.729228206807946, 10.657665577143343 ], [ 106.729235090877111, 10.657648767451388 ], [ 106.729242079097546, 10.657631950855842 ], [ 106.729249176069516, 10.657615132755545 ], [ 106.729256386362621, 10.657598313125257 ], [ 106.729263718227713, 10.657581496439537 ], [ 106.729271175345957, 10.657564687198271 ], [ 106.729278765947825, 10.657547886259996 ], [ 106.729286494638615, 10.657531099927537 ], [ 106.729294367820899, 10.657514329069542 ], [ 106.729302391019019, 10.657497580887799 ], [ 106.729310569721662, 10.657480856256008 ], [ 106.729318910361968, 10.657464161466864 ], [ 106.729327419362903, 10.657447501005066 ], [ 106.72933610039037, 10.657430876658447 ], [ 106.729344960801683, 10.65741429652264 ], [ 106.729354005176631, 10.657397762380441 ], [ 106.729361657389447, 10.657384105336817 ], [ 106.729485598125962, 10.657159359552447 ], [ 106.72961477348791, 10.656937516656562 ], [ 106.729652382009007, 10.65688835537679 ], [ 106.729661408666175, 10.656879210009995 ], [ 106.729730879525576, 10.656815343047462 ], [ 106.729790488511213, 10.656765505136852 ], [ 106.729875092049397, 10.656701713657577 ], [ 106.729953479804678, 10.656649096931297 ], [ 106.730051808854896, 10.6565909439864 ], [ 106.730136310337059, 10.656547293113594 ], [ 106.73022632614763, 10.65650664117203 ], [ 106.730313220738111, 10.65647277677623 ], [ 106.730401990743317, 10.656442473837794 ], [ 106.731778233106837, 10.655978704621965 ], [ 106.731885637252176, 10.655941607487115 ], [ 106.73196349847619, 10.655912521650809 ], [ 106.732015679822354, 10.655891890438919 ], [ 106.732088604666671, 10.655861491196619 ], [ 106.732157468758828, 10.655831080953243 ], [ 106.732214160259517, 10.65580476550787 ], [ 106.732273776944766, 10.655775801323173 ], [ 106.732359377404009, 10.655731847326672 ], [ 106.732452388311259, 10.655680814404253 ], [ 106.732518659195492, 10.655642278515144 ], [ 106.732580606142449, 10.655604544912237 ], [ 106.732635431577236, 10.655569717396201 ], [ 106.73270233648833, 10.655525327961605 ], [ 106.732761282389347, 10.655484434159279 ], [ 106.732819335581212, 10.655442450502717 ], [ 106.732866840034276, 10.65540677841653 ], [ 106.73292838031081, 10.655358726554978 ], [ 106.732973258482787, 10.655322322257877 ], [ 106.733027423632294, 10.655276774688945 ], [ 106.733079586927545, 10.655231174909616 ], [ 106.733121988930293, 10.655192787289335 ], [ 106.733175228819192, 10.655142824095812 ], [ 106.733229486776949, 10.655089782449371 ], [ 106.733272520459536, 10.655046095486981 ], [ 106.733316481298473, 10.654999899214518 ], [ 106.733361191114412, 10.654951200946309 ], [ 106.733406268335386, 10.654900243267329 ], [ 106.733455064445721, 10.654842834605342 ], [ 106.733500123831632, 10.654787599127706 ], [ 106.733542124586421, 10.654734042191542 ], [ 106.733584368991188, 10.654677998713977 ], [ 106.733627575789086, 10.654618244270521 ], [ 106.733668385583684, 10.654559348364772 ], [ 106.733707351421884, 10.654500684152337 ], [ 106.733743452495546, 10.654444040039746 ], [ 106.734738899143025, 10.652850169811773 ], [ 106.735447778436637, 10.651739973903471 ], [ 106.737267140550273, 10.648880379636022 ], [ 106.737486635157936, 10.648584017938374 ], [ 106.737710398104227, 10.648290796354912 ], [ 106.737938383473448, 10.6480007750352 ], [ 106.738170544484234, 10.647714013472125 ], [ 106.738201171729301, 10.64768110948369 ], [ 106.742499183201048, 10.643092046657447 ], [ 106.743378714151845, 10.642175933151838 ], [ 106.746638477858767, 10.638632752603897 ], [ 106.74868201974941, 10.636411483616437 ], [ 106.74881967763389, 10.6362568212333 ], [ 106.748952183359606, 10.63609781652308 ], [ 106.749079397043161, 10.635934637355328 ], [ 106.749201184388909, 10.635767456006407 ], [ 106.749317416830664, 10.635596448977553 ], [ 106.749427971667401, 10.635421796808568 ], [ 106.74953273219279, 10.635243683887159 ], [ 106.749654271393069, 10.635026361243996 ], [ 106.749974427878399, 10.634453896368186 ], [ 106.750250633502205, 10.634083625394634 ], [ 106.751154972853286, 10.632466471921777 ], [ 106.75115718471173, 10.63246251711578 ], [ 106.751159397478816, 10.632458561400655 ], [ 106.75116160933716, 10.632454606594619 ], [ 106.751163821195462, 10.632450651788579 ], [ 106.751166032134719, 10.632446696083633 ], [ 106.751168243987749, 10.6324427403736 ], [ 106.751170454013064, 10.63243878467374 ], [ 106.75117266311932, 10.632434828074972 ], [ 106.751174873139362, 10.632430871471103 ], [ 106.751177081331676, 10.632426914877426 ], [ 106.751179288599801, 10.632422956480847 ], [ 106.751181494954011, 10.632418998089358 ], [ 106.751183701313337, 10.632415040601856 ], [ 106.751185905834618, 10.632411081316558 ], [ 106.751188109436853, 10.632407121132355 ], [ 106.751190311206187, 10.632403160054331 ], [ 106.751192512980637, 10.632399199880309 ], [ 106.751194711998039, 10.632395237009581 ], [ 106.751196909187726, 10.632391274149057 ], [ 106.751199105463513, 10.632387311293611 ], [ 106.751201300815111, 10.63238334663528 ], [ 106.751203493414806, 10.632379380184233 ], [ 106.751205684191916, 10.632375414647372 ], [ 106.751207874044823, 10.632371447307611 ], [ 106.751210061145855, 10.632367478175148 ], [ 106.751212246419172, 10.632363509052864 ], [ 106.751214428935441, 10.632359537233897 ], [ 106.751216610537796, 10.632355565420024 ], [ 106.751218788479605, 10.632351592722532 ], [ 106.751220963664366, 10.632347617328348 ], [ 106.751223137930097, 10.632343641035254 ], [ 106.75122530853524, 10.632339663858556 ], [ 106.751227476388507, 10.632335684889158 ], [ 106.751229641489871, 10.632331704127058 ], [ 106.751231803844519, 10.632327722476241 ], [ 106.751233963452449, 10.632323739936735 ], [ 106.751236119389503, 10.632319754705621 ], [ 106.751238272574668, 10.632315767681803 ], [ 106.751240423926944, 10.632311779764184 ], [ 106.751242570694501, 10.632307789160043 ], [ 106.751244713796325, 10.632303796768326 ], [ 106.751246854156591, 10.632299804391886 ], [ 106.751248990840807, 10.632295808419849 ], [ 106.751251123859305, 10.632291810660218 ], [ 106.751253253217257, 10.632287812016976 ], [ 106.751255378904318, 10.632283810682146 ], [ 106.751257500006659, 10.632279806660801 ], [ 106.75125961744844, 10.632275801755853 ], [ 106.751339792082064, 10.632116400071897 ], [ 106.751413558620797, 10.631953998640169 ], [ 106.751480802624812, 10.631788849431144 ], [ 106.751541419774725, 10.631621208678027 ], [ 106.75159531603326, 10.631451336479246 ], [ 106.751642407791152, 10.631279496394844 ], [ 106.751682621996764, 10.631105955037594 ], [ 106.751683553574523, 10.631101530050103 ], [ 106.751684480572777, 10.631097103280133 ], [ 106.751685402087972, 10.631092676540764 ], [ 106.751686319937519, 10.631088248013805 ], [ 106.751687234136838, 10.631083820411227 ], [ 106.751688143751494, 10.631079390122187 ], [ 106.751689049705647, 10.631074958949533 ], [ 106.751689952009571, 10.631070528701292 ], [ 106.751690850647833, 10.631066096665451 ], [ 106.751691744711735, 10.631061663751137 ], [ 106.751692636034122, 10.631057230852107 ], [ 106.751693523695963, 10.631052797069477 ], [ 106.751694407692142, 10.631048361499268 ], [ 106.751695288951964, 10.631043926848353 ], [ 106.75169616745994, 10.631039490404746 ], [ 106.751697041403872, 10.631035054890633 ], [ 106.751697913509801, 10.631030617578741 ], [ 106.751698782874215, 10.631026180282152 ], [ 106.75169964949194, 10.631021742096866 ], [ 106.751700511540477, 10.631017303937091 ], [ 106.751701372664854, 10.631012863974396 ], [ 106.751702231966689, 10.631008424925927 ], [ 106.751703086689005, 10.631003984094942 ], [ 106.751703940497478, 10.630999543269079 ], [ 106.75170479156445, 10.630995102458503 ], [ 106.751705641712377, 10.630990660749047 ], [ 106.751706488210104, 10.630986219963974 ], [ 106.751707332869856, 10.630981777381116 ], [ 106.751708176620895, 10.630977335707366 ], [ 106.751709017620101, 10.630972892240916 ], [ 106.751709857710622, 10.630968449683559 ], [ 106.751710695963126, 10.630964005328408 ], [ 106.751711532398275, 10.630959562791476 ], [ 106.751712366995434, 10.630955118456733 ], [ 106.751713201592551, 10.630950674121992 ], [ 106.751714034361996, 10.63094622979745 ], [ 106.75171486530374, 10.630941785483108 ], [ 106.751715696240325, 10.630937340264772 ], [ 106.751716526268225, 10.630932895955537 ], [ 106.751717355371937, 10.630928449843411 ], [ 106.751718182658308, 10.630924005549474 ], [ 106.751719010848163, 10.630919559442447 ], [ 106.751719837210359, 10.630915113345623 ], [ 106.751720663582816, 10.630910669056792 ], [ 106.75172148994497, 10.630906222959965 ], [ 106.751722315398425, 10.630901777772243 ], [ 106.751723140846693, 10.630897331680517 ], [ 106.751723966300133, 10.630892886492791 ], [ 106.751928715464246, 10.629790101860211 ], [ 106.752422562267199, 10.627130415746558 ], [ 106.752861755904888, 10.62476562100472 ], [ 106.755131528142641, 10.612539944040565 ] ] ] } },
{ "type": "Feature", "properties": { "gid": 99, "objectid": 111.0, "phanloai": "Đường liên quận, huyện", "capkythuat": null, "madoituong": "T79-SH01-00000099", "ten": null, "chieudai": 0.0, "quymo": null, "loaihientr": "Đối tượng hiện trạng dự kiến được nâng cấp, điều chỉnh trong quy hoạch", "nam": 2022.0, "nguon": "Hệ thống bản đồ quy hoạch Thành phố Hồ Chí Minh thời kỳ 2021 - 2030, tầm nhìn đến năm 2050", "nhan": null, "shape_leng": 1839.31789964 }, "geometry": { "type": "MultiLineString", "coordinates": [ [ [ 106.746638477858767, 10.638632752603897 ], [ 106.744418227767142, 10.635608503705331 ], [ 106.74402378969269, 10.635129485226626 ], [ 106.743935782085671, 10.63502781152083 ], [ 106.743842896931042, 10.634930476302806 ], [ 106.743745352503993, 10.634837708301864 ], [ 106.743643378027983, 10.634749725514675 ], [ 106.743537213136108, 10.634666734693038 ], [ 106.743427107307909, 10.634588930858042 ], [ 106.743313319283246, 10.63451649684184 ], [ 106.743196116454214, 10.634449602857988 ], [ 106.743075774236956, 10.634388406101532 ], [ 106.742952575424283, 10.634333050379604 ], [ 106.742826809521418, 10.634283665773502 ], [ 106.74269877206558, 10.63424036833305 ], [ 106.741535182864766, 10.633871868976835 ], [ 106.739182115304729, 10.63309790433366 ], [ 106.735862776219193, 10.632040532106645 ], [ 106.73579383356784, 10.632018570273821 ], [ 106.73571939408501, 10.631998247105621 ], [ 106.734208698116305, 10.631653038832416 ], [ 106.733984053655988, 10.631598734381305 ], [ 106.733760870214709, 10.631538824135006 ], [ 106.732388150786647, 10.631140041179648 ] ] ] } },
{ "type": "Feature", "properties": { "gid": 100, "objectid": 112.0, "phanloai": "Đường liên quận, huyện", "capkythuat": null, "madoituong": "T79-SH01-00000100", "ten": "Võ Nguyên Giáp", "chieudai": 0.0, "quymo": null, "loaihientr": "Đối tượng hiện trạng dự kiến được nâng cấp, điều chỉnh trong quy hoạch", "nam": 2022.0, "nguon": "Hệ thống bản đồ quy hoạch Thành phố Hồ Chí Minh thời kỳ 2021 - 2030, tầm nhìn đến năm 2050", "nhan": null, "shape_leng": 3957.6542236 }, "geometry": { "type": "MultiLineString", "coordinates": [ [ [ 106.720373741019884, 10.798259871670959 ], [ 106.720938586151689, 10.79795156513584 ], [ 106.722091629950071, 10.797749411862094 ], [ 106.727167444091364, 10.798837452764992 ], [ 106.744549347634944, 10.802212719158627 ], [ 106.749226792340309, 10.803298349765164 ], [ 106.752872133446999, 10.805240156824242 ], [ 106.754663501310176, 10.806989877501895 ] ] ] } },
{ "type": "Feature", "properties": { "gid": 101, "objectid": 113.0, "phanloai": "Đường trục chính đô thị", "capkythuat": null, "madoituong": "T79-SH01-00000101", "ten": null, "chieudai": 0.0, "quymo": null, "loaihientr": "Đối tượng hiện trạng dự kiến được nâng cấp, điều chỉnh trong quy hoạch", "nam": 2022.0, "nguon": "Hệ thống bản đồ quy hoạch Thành phố Hồ Chí Minh thời kỳ 2021 - 2030, tầm nhìn đến năm 2050", "nhan": null, "shape_leng": 1635.9275305000001 }, "geometry": { "type": "MultiLineString", "coordinates": [ [ [ 106.751789193909346, 10.792310823855161 ], [ 106.753265412584227, 10.800781495834395 ], [ 106.754161742338638, 10.805659283197086 ], [ 106.754661193276462, 10.806792043004748 ] ] ] } },
{ "type": "Feature", "properties": { "gid": 102, "objectid": 114.0, "phanloai": "Đường tỉnh", "capkythuat": null, "madoituong": "T79-SH01-00000102", "ten": "7", "chieudai": 0.0, "quymo": null, "loaihientr": "Đối tượng hiện trạng dự kiến được nâng cấp, điều chỉnh trong quy hoạch", "nam": 2022.0, "nguon": "Hệ thống bản đồ quy hoạch Thành phố Hồ Chí Minh thời kỳ 2021 - 2030, tầm nhìn đến năm 2050", "nhan": "7", "shape_leng": 9202.1143505100008 }, "geometry": { "type": "MultiLineString", "coordinates": [ [ [ 106.372510130401182, 10.993868778255614 ], [ 106.372553538544395, 10.993876363472996 ], [ 106.376824582940102, 10.993760037103742 ], [ 106.381621215651762, 10.99306807798666 ], [ 106.386522654939881, 10.992275808694895 ], [ 106.392068593220699, 10.991344464473627 ], [ 106.399159702129225, 10.991201002261198 ], [ 106.403862519746028, 10.991238825257328 ], [ 106.410536896760362, 10.990871715138578 ], [ 106.415493441531723, 10.993673513751819 ], [ 106.420413076356567, 10.996446435331096 ], [ 106.420825465284253, 10.997223654442131 ], [ 106.421768736781317, 10.999173256109351 ], [ 106.424025417867483, 11.003681980360085 ], [ 106.424339595445787, 11.003916827060356 ], [ 106.425389914810708, 11.004376614462419 ], [ 106.427056782698031, 11.005137352080833 ], [ 106.42738133965203, 11.005982417168534 ], [ 106.427513224607523, 11.006270458284899 ], [ 106.427719055144479, 11.00652756641526 ], [ 106.427723224128968, 11.006535084625446 ], [ 106.427734809258297, 11.006545991943369 ], [ 106.428299560069007, 11.007025477445973 ], [ 106.431019115532735, 11.009388531370217 ], [ 106.432816409654947, 11.011278449865747 ], [ 106.433617759366399, 11.012615545709643 ], [ 106.435432805339573, 11.015763424976747 ], [ 106.440039040302011, 11.02366712847609 ] ] ] } }
]
}
