{
"type": "FeatureCollection",
"name": "tp_hcm_WGS84",
"crs": { "type": "name", "properties": { "name": "urn:ogc:def:crs:OGC:1.3:CRS84" } },
"features": [
{ "type": "Feature", "properties": { "gid": 1, "objectid": 3.0, "matinh": "701", "tentinh": "Thành phố Hồ Chí Minh", "dientich": "6772.59", "danso": "14002598", "tptinhtruo": "TPHCM, tỉnh Bà Rịa - Vũng Tàu và tỉnh Bình Dương", "trungtamhc": "Tp. HCM (cũ)", "shape_leng": 390634.88132, "shape_area": 2107025715.6099999 }, "geometry": { "type": "MultiPolygon", "coordinates": [ [ [ [ 106.840162227292126, 10.898921853918306 ], [ 106.84021414427923, 10.898730450647076 ], [ 106.840214155868964, 10.898730401763009 ], [ 106.840336576166408, 10.898279042092209 ], [ 106.840948922762308, 10.896575408743225 ], [ 106.841633450941231, 10.895112094416126 ], [ 106.842717230851889, 10.892129837682376 ], [ 106.842837139260411, 10.890551750812186 ], [ 106.842759330050612, 10.887765234294374 ], [ 106.843279840995478, 10.886172542600155 ], [ 106.843444551342444, 10.885894088102306 ], [ 106.843595213962757, 10.883966114472168 ], [ 106.845960326114437, 10.882291462372951 ], [ 106.849327909948116, 10.878333923200042 ], [ 106.849535887537485, 10.87803977640811 ], [ 106.85044106495387, 10.876836785833758 ], [ 106.851033056117757, 10.87587550340205 ], [ 106.850809279738314, 10.873527943312419 ], [ 106.850291063677332, 10.872159353883411 ], [ 106.848140212866241, 10.86796965902475 ], [ 106.847562108874598, 10.867105440629084 ], [ 106.846591647516689, 10.865654659409644 ], [ 106.846310204399046, 10.864883870953687 ], [ 106.848952108591902, 10.857544505819778 ], [ 106.849434133807776, 10.856676470796438 ], [ 106.849576662095942, 10.856242802154684 ], [ 106.855131256823981, 10.845659010756712 ], [ 106.856450188613252, 10.842733172919401 ], [ 106.856908724982617, 10.84209481854716 ], [ 106.857468162636664, 10.841514699018308 ], [ 106.857468734250702, 10.841514119744348 ], [ 106.860875611163962, 10.838060769346299 ], [ 106.86098156253729, 10.837953371107114 ], [ 106.865141278325865, 10.833367071918113 ], [ 106.866007929327907, 10.832316230415783 ], [ 106.866008335330918, 10.832316230669955 ], [ 106.866374149164784, 10.831915682037117 ], [ 106.870349104930725, 10.82749768921439 ], [ 106.872849573415536, 10.824718424293211 ], [ 106.875386211785695, 10.8218988799016 ], [ 106.876791517402452, 10.820475015138552 ], [ 106.877955313704845, 10.819133007398522 ], [ 106.879465688941409, 10.816766871448568 ], [ 106.880876045874771, 10.814221207649821 ], [ 106.881444647532021, 10.813090866350628 ], [ 106.881449852258044, 10.813077997548481 ], [ 106.881925295707049, 10.808490426952909 ], [ 106.880979253258971, 10.804743440556301 ], [ 106.878413529764245, 10.800843468947706 ], [ 106.876791413815241, 10.799448732498206 ], [ 106.874211538543051, 10.797480420114429 ], [ 106.871975655476646, 10.79562417068979 ], [ 106.869374634110216, 10.793546021268497 ], [ 106.866372494743601, 10.79110342060007 ], [ 106.86594277564015, 10.790649846468845 ], [ 106.865391676995003, 10.790039331859113 ], [ 106.864951818414539, 10.789320569887087 ], [ 106.864741641007583, 10.78878620692115 ], [ 106.864592913222154, 10.78798404771079 ], [ 106.864669307611223, 10.786151955009728 ], [ 106.864737720268366, 10.785929571252133 ], [ 106.864736273968262, 10.785921722691976 ], [ 106.864749007634231, 10.785892879061748 ], [ 106.865155616974448, 10.784571134166725 ], [ 106.865606374367474, 10.783512908542956 ], [ 106.866005228976874, 10.782762102500076 ], [ 106.866201093990512, 10.782446661920408 ], [ 106.866372879816268, 10.782194267963328 ], [ 106.867232204174371, 10.781006211329968 ], [ 106.86815355473594, 10.780233035265676 ], [ 106.869308755267653, 10.779526502509967 ], [ 106.870671244590298, 10.77861007136854 ], [ 106.871185086504809, 10.778203097304743 ], [ 106.871759293407834, 10.777628011181539 ], [ 106.871900010125088, 10.777487079971916 ], [ 106.872320397082177, 10.776945883015426 ], [ 106.872698183815913, 10.77645961039787 ], [ 106.87307073175019, 10.775822859398343 ], [ 106.873380820173807, 10.775268010634798 ], [ 106.873790898784506, 10.774348411140201 ], [ 106.873960943456794, 10.773890447845535 ], [ 106.87411356331107, 10.773357561052102 ], [ 106.874255937938699, 10.772760549480326 ], [ 106.874361675928, 10.77234510698198 ], [ 106.874562934334989, 10.769522341634753 ], [ 106.872604410872327, 10.766350179029526 ], [ 106.872553404997319, 10.766316580320176 ], [ 106.868077949630077, 10.764399203425706 ], [ 106.864965158687454, 10.764533669628815 ], [ 106.863034919599826, 10.765383393312945 ], [ 106.859698082317223, 10.768875336703122 ], [ 106.85949881921924, 10.769218685450829 ], [ 106.85913986122965, 10.769817255171281 ], [ 106.859139503761668, 10.769817254603472 ], [ 106.858903295435738, 10.770148538900409 ], [ 106.858444858241626, 10.770699381263421 ], [ 106.857954436136865, 10.771158735198686 ], [ 106.85595632948943, 10.772743658460353 ], [ 106.855956588215932, 10.772743657814731 ], [ 106.855394846496964, 10.773183824282073 ], [ 106.85478174318655, 10.773604522151443 ], [ 106.854493266374732, 10.773775290626087 ], [ 106.854038418589326, 10.773971051284159 ], [ 106.853582118276776, 10.774140362599839 ], [ 106.85310897141855, 10.774273656771214 ], [ 106.852206792018791, 10.774482785067056 ], [ 106.851926521303739, 10.774644524189638 ], [ 106.848249154192942, 10.775385529733866 ], [ 106.845693307501818, 10.775127083660099 ], [ 106.840835386021155, 10.773476012389271 ], [ 106.84034510105559, 10.773309379033558 ], [ 106.837778238598389, 10.770804937212491 ], [ 106.83727473799955, 10.770485069494075 ], [ 106.836342581539029, 10.769818184086981 ], [ 106.835713315678461, 10.769348202026643 ], [ 106.835124697996051, 10.768729212264239 ], [ 106.834478234888593, 10.768032070572005 ], [ 106.83335720716849, 10.766825317813693 ], [ 106.832876283064991, 10.766229434769498 ], [ 106.832348617746163, 10.765595225909117 ], [ 106.832097103507834, 10.765261955519369 ], [ 106.831678109189497, 10.764853150181997 ], [ 106.830075936427036, 10.761912015573643 ], [ 106.828092295032491, 10.760151534568752 ], [ 106.824994920258462, 10.759661852840276 ], [ 106.82470850509354, 10.759716409006051 ], [ 106.824132943533542, 10.760167412703684 ], [ 106.823706796344439, 10.760683875421751 ], [ 106.823329831051126, 10.761385550452948 ], [ 106.823176781181814, 10.7618869940633 ], [ 106.823629099760922, 10.766603140819155 ], [ 106.824000871150204, 10.767710399381702 ], [ 106.824708382166619, 10.768852414376784 ], [ 106.825311211010572, 10.76981803116206 ], [ 106.825311404189208, 10.769818531736536 ], [ 106.82569804735806, 10.771043808197057 ], [ 106.826103415263461, 10.772800067281926 ], [ 106.826215544749857, 10.773303530977527 ], [ 106.826228560577093, 10.774186844771355 ], [ 106.826170599513773, 10.77480138006997 ], [ 106.825834418710755, 10.776090663425101 ], [ 106.825417366145174, 10.777182049217584 ], [ 106.825198715444429, 10.777698049747414 ], [ 106.824986586599039, 10.77805037777533 ], [ 106.824834542660426, 10.778614668092434 ], [ 106.824350435614789, 10.77899152329489 ], [ 106.824264484245518, 10.779106498579887 ], [ 106.823960411201526, 10.779435336220368 ], [ 106.823607817298281, 10.779763659349911 ], [ 106.823397898042245, 10.779932171685017 ], [ 106.822887690234651, 10.78023424382229 ], [ 106.822888382325829, 10.78023424065235 ], [ 106.822593070777216, 10.780359552878453 ], [ 106.822019295657199, 10.780806211848221 ], [ 106.819547372435395, 10.780934957233498 ], [ 106.818229758790125, 10.780504014574943 ], [ 106.81818335520785, 10.780495939599403 ], [ 106.817438299756745, 10.780281160051125 ], [ 106.817041568871559, 10.78013407049435 ], [ 106.816509950263878, 10.779941528027319 ], [ 106.816404060557488, 10.779906895341673 ], [ 106.816380878467797, 10.779887465363647 ], [ 106.815713096490697, 10.779602227545663 ], [ 106.814291543978271, 10.778610925177276 ], [ 106.812846100506064, 10.777274675838518 ], [ 106.811827240741536, 10.77638723372473 ], [ 106.811557732961219, 10.776157059808611 ], [ 106.810471870274952, 10.775177735070372 ], [ 106.809968112040835, 10.774674911741446 ], [ 106.808093241947972, 10.772678363688931 ], [ 106.807023865384821, 10.771539655644165 ], [ 106.805577952219807, 10.770089771854723 ], [ 106.803542945461984, 10.76331466562773 ], [ 106.803298588023893, 10.762915910822644 ], [ 106.803207141180209, 10.762788257612288 ], [ 106.8029530743474, 10.76243359702721 ], [ 106.802523766004441, 10.761856099638496 ], [ 106.801015434992834, 10.760572421249874 ], [ 106.800504404517795, 10.760186499569153 ], [ 106.799502668548968, 10.759487819590266 ], [ 106.79922394866945, 10.75929347724894 ], [ 106.796956161314938, 10.758124687880095 ], [ 106.79592026150236, 10.757604783286569 ], [ 106.791257579993584, 10.755605365246785 ], [ 106.783834554384242, 10.752205185853805 ], [ 106.783357802212123, 10.751998612193811 ], [ 106.782989332942591, 10.751838920477084 ], [ 106.7817830344529, 10.751316043648425 ], [ 106.780605697123804, 10.750796275121806 ], [ 106.778317863182593, 10.749789942862485 ], [ 106.777103568621314, 10.749122001196859 ], [ 106.776227674798619, 10.748720789379174 ], [ 106.775909184078571, 10.748465810624777 ], [ 106.775276625046331, 10.7481190754529 ], [ 106.772254184681373, 10.746200466824986 ], [ 106.769645682911857, 10.743814081031935 ], [ 106.768347120753305, 10.742411739936198 ], [ 106.767743787102148, 10.741928721314697 ], [ 106.767470301442117, 10.74159206459907 ], [ 106.753850661366883, 10.724826478592968 ], [ 106.752011977446401, 10.721100474374541 ], [ 106.750959120958655, 10.713729525134818 ], [ 106.751950943762708, 10.704979564644814 ], [ 106.752491849071006, 10.703881595670168 ], [ 106.752516563698919, 10.70383142903828 ], [ 106.752595037507888, 10.703544129773908 ], [ 106.753535694857717, 10.701115237435365 ], [ 106.755327129226075, 10.697766682350444 ], [ 106.757033243125804, 10.694585535687553 ], [ 106.757101713039788, 10.694504082049418 ], [ 106.757122472178509, 10.694482025467341 ], [ 106.757314410547906, 10.694092418052309 ], [ 106.760129656076188, 10.691088344734762 ], [ 106.770022811277272, 10.681061264875291 ], [ 106.771489082066807, 10.679001770521541 ], [ 106.77218410069284, 10.677516608900026 ], [ 106.772763935555076, 10.67629399672043 ], [ 106.775106045594995, 10.675539841805575 ], [ 106.776481307879891, 10.67450520242455 ], [ 106.776483043270304, 10.674503898015416 ], [ 106.777043554562525, 10.674188939775311 ], [ 106.77763935909195, 10.673913797052176 ], [ 106.778369951515003, 10.673647424883727 ], [ 106.779229176412443, 10.673430003676431 ], [ 106.78006685422308, 10.673298747720439 ], [ 106.781317982618717, 10.673123399619076 ], [ 106.783052083362065, 10.67290402187203 ], [ 106.78306558240007, 10.672901759892506 ], [ 106.790264270469351, 10.668514696858896 ], [ 106.792304079535342, 10.666989498022946 ], [ 106.794314438988664, 10.665152301063403 ], [ 106.797193255282252, 10.662160546202802 ], [ 106.806826479081195, 10.657582538121423 ], [ 106.807693638908091, 10.656667500099283 ], [ 106.808585325577198, 10.655502555473484 ], [ 106.809342215366669, 10.653958900116656 ], [ 106.814061848157323, 10.640550288476774 ], [ 106.814300797341176, 10.640271799931725 ], [ 106.814455355547068, 10.640007396638296 ], [ 106.815523357294978, 10.638472449956373 ], [ 106.816837184867765, 10.636816819396417 ], [ 106.819547217003361, 10.633690476182618 ], [ 106.82023934952673, 10.63283016462255 ], [ 106.821558331284692, 10.631054738666196 ], [ 106.822572119069861, 10.629957427689217 ], [ 106.824023733975693, 10.628861407048204 ], [ 106.826047560083694, 10.627900499644124 ], [ 106.828575457344442, 10.627307733083743 ], [ 106.830462165640057, 10.62714655833976 ], [ 106.832786704145747, 10.626986652338486 ], [ 106.834605271914583, 10.627058677941646 ], [ 106.835370552625349, 10.627200490770278 ], [ 106.837621419287572, 10.627044355457002 ], [ 106.838190907389333, 10.62882321717596 ], [ 106.838338335056719, 10.628970017282377 ], [ 106.83878804260479, 10.629696278287819 ], [ 106.839310431737928, 10.630539908051469 ], [ 106.84004435895497, 10.632888211820893 ], [ 106.8403820513185, 10.634797175488165 ], [ 106.84070042684742, 10.635950193189009 ], [ 106.842809406152853, 10.638022098844317 ], [ 106.849810964872432, 10.639439992495303 ], [ 106.850975531132647, 10.639456602265877 ], [ 106.852990266783436, 10.639231022398009 ], [ 106.853075494213201, 10.63920919028128 ], [ 106.856317608192626, 10.637976316062835 ], [ 106.856584657191718, 10.637825453302131 ], [ 106.857607647492884, 10.637366035774003 ], [ 106.858396885032064, 10.636992647980513 ], [ 106.859331559816098, 10.636764138180002 ], [ 106.859529624341576, 10.636754885148184 ], [ 106.860051837189985, 10.63655630477075 ], [ 106.861570086738439, 10.637655890381005 ], [ 106.863640952208669, 10.641300798212276 ], [ 106.863848644829602, 10.641551957637185 ], [ 106.864980425411986, 10.64230123912539 ], [ 106.866261543682455, 10.642525532057942 ], [ 106.866487391734125, 10.642526168962748 ], [ 106.867188165352076, 10.642470375382345 ], [ 106.8677135758373, 10.642471852163736 ], [ 106.868209832219023, 10.642473248692573 ], [ 106.868705582245369, 10.642619110249031 ], [ 106.869288562437504, 10.642909773226148 ], [ 106.869643171022858, 10.643117576830837 ], [ 106.869970049816459, 10.643174805507405 ], [ 106.870176462204114, 10.643590751227508 ], [ 106.870278840457701, 10.643692656103729 ], [ 106.870685549733324, 10.644358455032107 ], [ 106.870881295739537, 10.645011076083222 ], [ 106.871862138609586, 10.646987593953961 ], [ 106.872914993818426, 10.648086228277368 ], [ 106.874112762551533, 10.648261663567665 ], [ 106.874339124686031, 10.648278881569631 ], [ 106.875271551354174, 10.648335821670798 ], [ 106.8824001688088, 10.647475122741263 ], [ 106.882493455589682, 10.647425078387174 ], [ 106.882945702746682, 10.647091289553552 ], [ 106.883110624508461, 10.646928943575611 ], [ 106.884645087759253, 10.641700610570917 ], [ 106.884681390565191, 10.641412753734867 ], [ 106.884776585954839, 10.641003478603629 ], [ 106.884927854122978, 10.640706102533478 ], [ 106.884944532155018, 10.640680321559614 ], [ 106.885068621535027, 10.640257515747814 ], [ 106.88538490385605, 10.640067076203261 ], [ 106.885456406637672, 10.639981605877589 ], [ 106.886775018959128, 10.639166163096938 ], [ 106.88754346909576, 10.638766335051333 ], [ 106.887549761156507, 10.638763574443091 ], [ 106.889569961787146, 10.637547173798804 ], [ 106.892736161216447, 10.632204691049376 ], [ 106.897678353961794, 10.629706952254805 ], [ 106.897727625105873, 10.62964312776864 ], [ 106.898278144614565, 10.629119182916277 ], [ 106.899617493160235, 10.627981260361141 ], [ 106.900475220715393, 10.627370631517309 ], [ 106.901117399293199, 10.62681067679007 ], [ 106.90197973287566, 10.626051970604577 ], [ 106.902732406475735, 10.625256713257697 ], [ 106.903427035079545, 10.624431645212615 ], [ 106.903766688832107, 10.623983350246036 ], [ 106.908597996882179, 10.612939552433412 ], [ 106.90970393749555, 10.610025088827594 ], [ 106.910583986529787, 10.609102342913694 ], [ 106.910773060108482, 10.608819986910342 ], [ 106.911609264979404, 10.607863835170347 ], [ 106.912247893706834, 10.607504655704721 ], [ 106.912958847624679, 10.607336989399249 ], [ 106.913963523765048, 10.607430691498905 ], [ 106.914745523317791, 10.607704451863174 ], [ 106.915338666218133, 10.608101778826205 ], [ 106.916296734098836, 10.608638413009883 ], [ 106.917275030294917, 10.609242815991287 ], [ 106.918489988108007, 10.609680919873883 ], [ 106.919537046270818, 10.609953891579117 ], [ 106.920401902120233, 10.609937567451185 ], [ 106.920865862959758, 10.609796956159609 ], [ 106.926542012318805, 10.603482884096193 ], [ 106.92995558907613, 10.602616986422216 ], [ 106.930088969814648, 10.602567198833665 ], [ 106.933987637240449, 10.600905059535144 ], [ 106.935060690447273, 10.600487673467168 ], [ 106.935061682279127, 10.600487313926816 ], [ 106.937355206023213, 10.599653911682722 ], [ 106.938095190267632, 10.59935623644512 ], [ 106.938384918647031, 10.599194638189129 ], [ 106.93875440546239, 10.59885680177209 ], [ 106.939321157269788, 10.598151326094026 ], [ 106.939447812749933, 10.59799367153486 ], [ 106.939526240839868, 10.597913838663791 ], [ 106.940646548229296, 10.596965470148859 ], [ 106.941020291239909, 10.596781075409393 ], [ 106.941405983207858, 10.596639384571647 ], [ 106.941889253186432, 10.596583252918267 ], [ 106.942301173582678, 10.596572372624079 ], [ 106.943377914675267, 10.596680739241858 ], [ 106.944116897327334, 10.596795176503779 ], [ 106.945093649341416, 10.597075462227485 ], [ 106.946635042533899, 10.597235890284196 ], [ 106.946873318714793, 10.597214486583569 ], [ 106.947126459745519, 10.597151078891363 ], [ 106.947640971094771, 10.596935565836331 ], [ 106.949448179021005, 10.596177142999004 ], [ 106.95218414394833, 10.59519083160432 ], [ 106.954403359374297, 10.594434439835876 ], [ 106.956288911427919, 10.593919491038255 ], [ 106.956741393425034, 10.593857799917679 ], [ 106.957515393689675, 10.593794182592211 ], [ 106.95814023562582, 10.593757756589113 ], [ 106.958356626539853, 10.593760925856975 ], [ 106.960592277219646, 10.593550609439653 ], [ 106.960697700809789, 10.593508090218805 ], [ 106.96075129577676, 10.593480533754546 ], [ 106.962401108764041, 10.592118941313158 ], [ 106.962675481262693, 10.591850550996629 ], [ 106.962963879781341, 10.591614618096303 ], [ 106.963260261010589, 10.591385099223698 ], [ 106.963585597661918, 10.591226397665489 ], [ 106.96391773839531, 10.591104783103605 ], [ 106.964305292921637, 10.59103332319436 ], [ 106.968504878908178, 10.589428567356409 ], [ 106.968618040306183, 10.589342890276329 ], [ 106.968620270300207, 10.589340856970855 ], [ 106.972685950357956, 10.584595203864307 ], [ 106.972713071317955, 10.58455579930434 ], [ 106.973395034139699, 10.583690585462728 ], [ 106.973874852460739, 10.583043403795486 ], [ 106.97420464220518, 10.582686544090496 ], [ 106.974486426652362, 10.582457640404877 ], [ 106.974588416865032, 10.582374556516157 ], [ 106.974591938114287, 10.58237044601576 ], [ 106.974593724686244, 10.582370232344157 ], [ 106.974622088814627, 10.58234712575222 ], [ 106.974935999294132, 10.582200929113398 ], [ 106.975347969913201, 10.58207868353165 ], [ 106.975801856570826, 10.581998524333422 ], [ 106.977107828526115, 10.582068630643906 ], [ 106.979844429974435, 10.581740337686149 ], [ 106.979922090770373, 10.581715924014576 ], [ 106.981849817924029, 10.580593274540744 ], [ 106.982441394119022, 10.580261617683259 ], [ 106.983869280882232, 10.579435992316169 ], [ 106.983870587564027, 10.579439439769748 ], [ 106.983902763869423, 10.579420579525987 ], [ 106.984928446440705, 10.581816298519801 ], [ 106.985586833118532, 10.583281516500296 ], [ 106.985728224122468, 10.583588358507273 ], [ 106.986172346289109, 10.584552203898104 ], [ 106.986569870873581, 10.585491364921539 ], [ 106.986903323677339, 10.58667799898879 ], [ 106.987083909524074, 10.587835238482523 ], [ 106.987169170393074, 10.58897257816357 ], [ 106.987144622706978, 10.589927069588587 ], [ 106.987039276740717, 10.590911629724614 ], [ 106.986919753987621, 10.591837538407628 ], [ 106.986846744939029, 10.592413332096681 ], [ 106.986815745031791, 10.592719580753421 ], [ 106.986744346689193, 10.592719524158055 ], [ 106.986199197940863, 10.594825845089025 ], [ 106.986059388535139, 10.595961258609819 ], [ 106.986072195570074, 10.596013914044228 ], [ 106.986153485506975, 10.596131699275992 ], [ 106.987809086134661, 10.59782675194378 ], [ 106.988577230599745, 10.598525420370168 ], [ 106.989774514354522, 10.599532621288782 ], [ 106.990350725155466, 10.600200999658954 ], [ 106.990627831140102, 10.600688568269664 ], [ 106.990766630640849, 10.60100618923976 ], [ 106.990848522626607, 10.601483007538816 ], [ 106.990838749895133, 10.602016901262727 ], [ 106.990714386388163, 10.602619322599997 ], [ 106.990657119362027, 10.60286842007649 ], [ 106.990696797966493, 10.604850112419141 ], [ 106.990710136564445, 10.604879771244343 ], [ 106.990735220534248, 10.604910297606953 ], [ 106.992125783676713, 10.605676562597885 ], [ 106.992167277470529, 10.60568366303724 ], [ 106.992335756896225, 10.605682398758516 ], [ 106.992892040645557, 10.605651183936695 ], [ 106.993938578154157, 10.605539820094153 ], [ 106.995011560182789, 10.605309563753844 ], [ 106.995579672344959, 10.605296108876663 ], [ 106.996027628172385, 10.605351503461408 ], [ 106.996349445736101, 10.605452710942725 ], [ 106.996504427058213, 10.605565708378734 ], [ 106.996591244485728, 10.605667774496151 ], [ 106.996773977333561, 10.606018873356366 ], [ 106.998054477941551, 10.607657745740749 ], [ 106.998069982903928, 10.607661669614835 ], [ 106.998072863554299, 10.607661925195213 ], [ 106.999609398883592, 10.607325527374694 ], [ 106.999833950106279, 10.607179633250409 ], [ 107.000056438135658, 10.607041910794964 ], [ 107.000195276586823, 10.607002190445421 ], [ 107.000314375047012, 10.606997888676483 ], [ 107.000437497013152, 10.607005350030436 ], [ 107.000532851110037, 10.607028625582984 ], [ 107.000679964889329, 10.607090998443052 ], [ 107.000827189868957, 10.607188740409436 ], [ 107.000917030466013, 10.607293316693331 ], [ 107.002108297367599, 10.608253805805367 ], [ 107.002186823640059, 10.608297554733541 ], [ 107.002403936683194, 10.608420437618614 ], [ 107.002449202428394, 10.608456030817287 ], [ 107.002515637974668, 10.608527277548859 ], [ 107.002594256040339, 10.608637204365779 ], [ 107.002639733402731, 10.608738301365412 ], [ 107.002656589540152, 10.608832044786515 ], [ 107.002655425515641, 10.608937763137341 ], [ 107.002637686685759, 10.609036071983317 ], [ 107.002511172615883, 10.609468237255102 ], [ 107.002378383509438, 10.609822254592261 ], [ 107.002333456759246, 10.609890880573895 ], [ 107.002262373073506, 10.60998364383561 ], [ 107.002162525672873, 10.61040130782683 ], [ 107.002163614449216, 10.610424424628009 ], [ 107.002165130863318, 10.610429714574012 ], [ 107.002923581543314, 10.610895301322358 ], [ 107.002929193980606, 10.61089721800027 ], [ 107.003894913299732, 10.610615973415307 ], [ 107.004442130620362, 10.61040575171125 ], [ 107.004643790033967, 10.610289237849408 ], [ 107.005099743680773, 10.610027063959892 ], [ 107.005400788067675, 10.609855200660535 ], [ 107.005547042335763, 10.609808380087125 ], [ 107.005760694081715, 10.609772929050196 ], [ 107.006009527463789, 10.609751859592693 ], [ 107.006249628094523, 10.609748204250286 ], [ 107.00641954913219, 10.609776635068418 ], [ 107.006558036163241, 10.60984039393915 ], [ 107.006559097670802, 10.609840085260206 ], [ 107.00655949878184, 10.609841067051859 ], [ 107.006563246064545, 10.609842793093843 ], [ 107.006713073551026, 10.609992967764882 ], [ 107.006860437799162, 10.61028363017336 ], [ 107.008057520081238, 10.613079792268664 ], [ 107.007920868247709, 10.613178473073445 ], [ 107.007955275509687, 10.613262820643921 ], [ 107.0124871369094, 10.610100437520874 ], [ 107.013096309077127, 10.609661572169927 ], [ 107.016106615059527, 10.607492857858213 ], [ 107.017453873306508, 10.606522252900239 ], [ 107.017691088721733, 10.60620788631034 ], [ 107.018948246665985, 10.604541853273021 ], [ 107.019063674151127, 10.604388883276412 ], [ 107.019109859995055, 10.604255099153082 ], [ 107.020249737124956, 10.600953244709938 ], [ 107.02225068128763, 10.595157163238797 ], [ 107.022275650164005, 10.595084835723663 ], [ 107.026347438230019, 10.588850583961211 ], [ 107.026601517359424, 10.588461568011983 ], [ 107.026670358927305, 10.588107642564337 ], [ 107.027013504968863, 10.586343459178531 ], [ 107.026711873117705, 10.583881212139774 ], [ 107.026662553742284, 10.583478619925124 ], [ 107.02654089587385, 10.583231237889294 ], [ 107.024491148972885, 10.579063259119525 ], [ 107.024236405530274, 10.578545262836526 ], [ 107.023905755905929, 10.578064999415137 ], [ 107.01801971269542, 10.569515611737827 ], [ 107.012051213544254, 10.56084645933246 ], [ 107.011953081902135, 10.56070392518976 ], [ 107.011916441113996, 10.56061716059869 ], [ 107.010786932763466, 10.557942564928412 ], [ 107.010740009922998, 10.55783145738871 ], [ 107.010739501626063, 10.55779571209966 ], [ 107.010694610054614, 10.554643019927088 ], [ 107.010694233852902, 10.55461662287682 ], [ 107.010712651985756, 10.554567560125179 ], [ 107.012268056523951, 10.550424157804962 ], [ 107.012288778380366, 10.550368955517659 ], [ 107.012307354861903, 10.550350487996644 ], [ 107.01472255485811, 10.547949484676035 ], [ 107.02146791155333, 10.54661191491234 ], [ 107.024795240317772, 10.545952122221394 ], [ 107.025014607135603, 10.545908622923605 ], [ 107.025075493021347, 10.545805249215148 ], [ 107.027200743475404, 10.542196976971324 ], [ 107.027280537681875, 10.54206150112592 ], [ 107.027274639612287, 10.54191820168516 ], [ 107.027107722209379, 10.537863187350922 ], [ 107.027105062465921, 10.537798576651518 ], [ 107.02698767021927, 10.537645982494732 ], [ 107.024045674757545, 10.533821755358383 ], [ 107.023383341511746, 10.53323789291407 ], [ 107.018957821356082, 10.529336692361911 ], [ 107.018636434777548, 10.529053382926271 ], [ 107.01836609269624, 10.5286794813664 ], [ 107.012487144124634, 10.520548514421652 ], [ 107.009504051342404, 10.514120750448624 ], [ 107.006971092394323, 10.510515862298876 ], [ 107.005750390724486, 10.509370498883673 ], [ 107.005615898844141, 10.509315838231815 ], [ 107.003105083824607, 10.508295387724035 ], [ 107.000196191502781, 10.50711315035416 ], [ 106.997358055608913, 10.50321739171158 ], [ 106.997452822023135, 10.500491492850474 ], [ 106.997359424600262, 10.500880830482188 ], [ 106.997250133216141, 10.501611102602531 ], [ 106.997307937767488, 10.500937312769615 ], [ 106.997459428009478, 10.500301460240347 ], [ 106.99797919452017, 10.485350686743994 ], [ 106.997896569949575, 10.482837705867931 ], [ 106.998034789991721, 10.480291837658696 ], [ 106.998199341016814, 10.478636835671017 ], [ 106.9970642711029, 10.468232181895308 ], [ 106.996572346969018, 10.46049165320488 ], [ 106.991463425872965, 10.450947349420566 ], [ 106.980848230561563, 10.447345507557587 ], [ 106.980822724338708, 10.447344029804951 ], [ 106.970242435237353, 10.446930260109944 ], [ 106.966091920941551, 10.446490634994049 ], [ 106.9626770702247, 10.438494937810562 ], [ 106.966001060774886, 10.436481570056861 ], [ 106.968473446257406, 10.43531381909092 ], [ 106.969194509581101, 10.434998285337061 ], [ 106.972439277054931, 10.433253288195633 ], [ 106.972589743546081, 10.433161703976468 ], [ 106.972942715597327, 10.432871949764998 ], [ 106.982149950348131, 10.424875429834099 ], [ 106.982279513895961, 10.424746433575523 ], [ 106.985287789686168, 10.418203594682831 ], [ 106.985605181821072, 10.413196666192079 ], [ 106.980955394443029, 10.405231294655396 ], [ 106.976209829667113, 10.399693526709076 ], [ 106.970538664113306, 10.394814683015021 ], [ 106.970424994286375, 10.39477117298356 ], [ 106.942877323516313, 10.385525524761997 ], [ 106.942638514161814, 10.385450416186769 ], [ 106.93729676321108, 10.383096143871617 ], [ 106.934155382201837, 10.381480727133837 ], [ 106.918455389876243, 10.373981656510734 ], [ 106.894545551331944, 10.365086672258439 ], [ 106.875864658882264, 10.36072026888227 ], [ 106.867574322009688, 10.359870790710437 ], [ 106.852757022870435, 10.358332254785061 ], [ 106.840912422668225, 10.355913588365244 ], [ 106.834598290382459, 10.354231378618133 ], [ 106.822538127613015, 10.377414389021357 ], [ 106.815091837439397, 10.391259831448554 ], [ 106.80444883024947, 10.403646151771134 ], [ 106.794770871759965, 10.41431126025706 ], [ 106.793302732880875, 10.416107009208813 ], [ 106.786277488652857, 10.42379622100869 ], [ 106.783039412599891, 10.427283848662487 ], [ 106.783039413515738, 10.427400647527863 ], [ 106.783039369394743, 10.428186225680157 ], [ 106.783039314803531, 10.428268558973343 ], [ 106.783038134571811, 10.429223301484461 ], [ 106.783039422185183, 10.429288092856419 ], [ 106.782947500746474, 10.429388121406626 ], [ 106.78153174804379, 10.430928657030716 ], [ 106.778630197986203, 10.433961121108485 ], [ 106.777351838738426, 10.435297137449577 ], [ 106.776132790913039, 10.436445694390226 ], [ 106.775633884324037, 10.437022124332128 ], [ 106.774567576969034, 10.438254110337368 ], [ 106.773186666887725, 10.439907827719754 ], [ 106.771450461422745, 10.442022202987522 ], [ 106.769552750267081, 10.444333226023495 ], [ 106.769213528226373, 10.444746322912909 ], [ 106.768818744409216, 10.445281037317471 ], [ 106.7669264318763, 10.447844040473106 ], [ 106.766530469029249, 10.448376521340684 ], [ 106.765338861771525, 10.449967621094922 ], [ 106.763907152542274, 10.451879297224149 ], [ 106.763215169498949, 10.453190729853489 ], [ 106.762361130808088, 10.454486875330506 ], [ 106.760261610024529, 10.457673201028147 ], [ 106.758371648796214, 10.460541432543344 ], [ 106.757263770919749, 10.462222739085638 ], [ 106.75629259090546, 10.463915629124616 ], [ 106.756046945923572, 10.464328841833609 ], [ 106.752317173815499, 10.472355518545552 ], [ 106.745397311300749, 10.488438281365081 ], [ 106.743589145897417, 10.497628840575572 ], [ 106.744024020042346, 10.499989184139364 ], [ 106.74844906643203, 10.518562943414828 ], [ 106.74910519392806, 10.530715615931689 ], [ 106.744184234851033, 10.553000123827328 ], [ 106.742940641094492, 10.559565216091958 ], [ 106.74197170679615, 10.56537309198416 ], [ 106.742635464710489, 10.571019796452759 ], [ 106.743903533949037, 10.573244382572092 ], [ 106.745107882106254, 10.574828078994086 ], [ 106.745696786255877, 10.575602465353311 ], [ 106.743744228555698, 10.577400139204045 ], [ 106.742908295123812, 10.578169754722575 ], [ 106.742751719974464, 10.578298172062034 ], [ 106.742429442413695, 10.578562492681071 ], [ 106.742395462257733, 10.578584982971552 ], [ 106.742085315791812, 10.578761455494902 ], [ 106.741876033072586, 10.578858920290175 ], [ 106.741728448418783, 10.578927651148378 ], [ 106.741568326411297, 10.578994243547061 ], [ 106.741505217976822, 10.579020490897275 ], [ 106.741304302120724, 10.579069920299458 ], [ 106.741265859050685, 10.579072620512084 ], [ 106.741224026286858, 10.579107909988902 ], [ 106.741112716077794, 10.579083380776114 ], [ 106.741068236647223, 10.579086505745813 ], [ 106.740820107819559, 10.579074342427889 ], [ 106.740408115867098, 10.579018269562466 ], [ 106.739993515805764, 10.578951747227828 ], [ 106.739485831182606, 10.578857370154456 ], [ 106.739399119147222, 10.578836225810997 ], [ 106.73890118294139, 10.578716828117518 ], [ 106.738462437098192, 10.578584864400629 ], [ 106.738157412028116, 10.578447228681434 ], [ 106.738119895145957, 10.578427481612842 ], [ 106.737904879987383, 10.578289767995951 ], [ 106.737683731102123, 10.578076880346476 ], [ 106.737584429238439, 10.577938535083421 ], [ 106.73755107662349, 10.577892071512096 ], [ 106.737506196878755, 10.577763192624273 ], [ 106.73671727337269, 10.576929200348383 ], [ 106.736712151200848, 10.57692808043063 ], [ 106.735143398677565, 10.577590614087432 ], [ 106.735028957729526, 10.578936246765254 ], [ 106.735530568738227, 10.579254539438619 ], [ 106.73567585596048, 10.579310180491875 ], [ 106.736034389782446, 10.579399938242664 ], [ 106.736350960906307, 10.57952862484195 ], [ 106.736405248996689, 10.579561982231413 ], [ 106.736560525136142, 10.579657388810544 ], [ 106.73658756832593, 10.579682690287632 ], [ 106.736800456693658, 10.579881891822298 ], [ 106.736814864795463, 10.579898065213573 ], [ 106.737059993108616, 10.580206830765134 ], [ 106.737127338291742, 10.58026775334355 ], [ 106.737876485262845, 10.580743117906909 ], [ 106.737968685424391, 10.580796024569034 ], [ 106.738037222639875, 10.580833952512453 ], [ 106.738373489041948, 10.581020819432412 ], [ 106.738474560784255, 10.58107698576733 ], [ 106.738692109407594, 10.581216016306817 ], [ 106.73883133104475, 10.581298613102938 ], [ 106.738910790960631, 10.581399426738361 ], [ 106.738927578525292, 10.581410077686934 ], [ 106.738936370466547, 10.581431496407914 ], [ 106.739047194608887, 10.581569863268209 ], [ 106.739156283082792, 10.581798583496003 ], [ 106.739233621018869, 10.581960736650885 ], [ 106.739372571729149, 10.582374154484317 ], [ 106.739419417216808, 10.582551245939134 ], [ 106.739459514706368, 10.582705775551917 ], [ 106.739492152629779, 10.58278527706884 ], [ 106.739486358319581, 10.58281146820152 ], [ 106.739492418111965, 10.582836904134171 ], [ 106.739547700607844, 10.583092661489516 ], [ 106.739578152837396, 10.583372115015536 ], [ 106.739567121728186, 10.583506194548432 ], [ 106.739498813306795, 10.583726789039835 ], [ 106.739452863959912, 10.583876752633616 ], [ 106.739441992939518, 10.583909910255155 ], [ 106.739388915825955, 10.584063977727943 ], [ 106.739381412772275, 10.584086594698315 ], [ 106.739360497700346, 10.58414546697678 ], [ 106.739255818975593, 10.584434477047282 ], [ 106.739188770344825, 10.584619592952567 ], [ 106.739079823605223, 10.584853873681125 ], [ 106.739024328550386, 10.584984453186177 ], [ 106.738990214231066, 10.585054303671354 ], [ 106.738980983177754, 10.585096031531197 ], [ 106.738956715326978, 10.585111435505942 ], [ 106.738804673942653, 10.585304574504159 ], [ 106.738748569405928, 10.585364667923875 ], [ 106.738706166754937, 10.585410087374774 ], [ 106.738685415642877, 10.585429672077238 ], [ 106.738510056946964, 10.585570075273674 ], [ 106.73848804954541, 10.585584655830338 ], [ 106.73832607445199, 10.585671279989686 ], [ 106.73811769947261, 10.585781541091071 ], [ 106.738065492810094, 10.585811652282851 ], [ 106.737978484484856, 10.585858443219504 ], [ 106.737841023691018, 10.585970194326933 ], [ 106.737722942127093, 10.586051266744803 ], [ 106.737593504459227, 10.586132322195912 ], [ 106.737375616567419, 10.586221610191988 ], [ 106.737201276492598, 10.58628576353153 ], [ 106.737035689402873, 10.586330835864928 ], [ 106.737027859234971, 10.58633580602665 ], [ 106.737022321788402, 10.586334475075519 ], [ 106.737018018274071, 10.586335646021373 ], [ 106.736806786996084, 10.586374699473273 ], [ 106.736547060008192, 10.586381004673825 ], [ 106.736367863268072, 10.586372965430629 ], [ 106.73626231574049, 10.586368814428061 ], [ 106.736109628430597, 10.58636353814569 ], [ 106.735948920374682, 10.586327265890471 ], [ 106.735802059543374, 10.586270604470704 ], [ 106.735759152510809, 10.586253295298938 ], [ 106.735598371911962, 10.586185444350004 ], [ 106.735434336650258, 10.586096322075997 ], [ 106.735413332137767, 10.586082936878075 ], [ 106.735304886274747, 10.585999525622931 ], [ 106.73523555761949, 10.585927805975439 ], [ 106.735210750524189, 10.585902144090193 ], [ 106.7351675091586, 10.585802649784165 ], [ 106.73514206074492, 10.585733962890369 ], [ 106.735119134661602, 10.585653164283841 ], [ 106.735074221338593, 10.58549488512884 ], [ 106.735035181308476, 10.585343868293629 ], [ 106.735027590249857, 10.585324422672603 ], [ 106.734990834623176, 10.585231565303379 ], [ 106.734910111508867, 10.585115905188147 ], [ 106.734880568334731, 10.585096367064585 ], [ 106.734840590593592, 10.585055599025836 ], [ 106.734782301635065, 10.584978120304935 ], [ 106.734788975115862, 10.584820923979452 ], [ 106.734849296816535, 10.58472239270445 ], [ 106.734899186930178, 10.584654181486416 ], [ 106.734952384988247, 10.584539547839496 ], [ 106.735014300387903, 10.58440613003215 ], [ 106.735009191400877, 10.584318020894029 ], [ 106.735005513114004, 10.584278938838018 ], [ 106.735000363172077, 10.584258443745361 ], [ 106.734988824592989, 10.58421377462045 ], [ 106.734969039026211, 10.584156823448943 ], [ 106.734891610519682, 10.584074190402051 ], [ 106.734773222479731, 10.58393702256115 ], [ 106.734740089403019, 10.583773027298923 ], [ 106.734734023573751, 10.583653992683724 ], [ 106.734729645206102, 10.583568070887413 ], [ 106.734729307216455, 10.583550861690872 ], [ 106.73473154655629, 10.583407493501539 ], [ 106.734733934280555, 10.583284338762795 ], [ 106.73477916706257, 10.583195671360969 ], [ 106.73484060063501, 10.583135344034593 ], [ 106.734948997379092, 10.583058961952316 ], [ 106.734934776681129, 10.583046882742032 ], [ 106.734971391682066, 10.58298220979661 ], [ 106.734980517523795, 10.582965222430081 ], [ 106.734982051219177, 10.582962216201121 ], [ 106.734960293133895, 10.58270135406131 ], [ 106.733944751365769, 10.581543387457494 ], [ 106.733827874922227, 10.581494954654325 ], [ 106.733707397528647, 10.581421641699274 ], [ 106.733567483935303, 10.581338013830001 ], [ 106.733464123794022, 10.581284274873196 ], [ 106.73336504103797, 10.58119771296303 ], [ 106.733327750139907, 10.581109233711949 ], [ 106.733297960035756, 10.581036045691979 ], [ 106.733281191999708, 10.580994841440955 ], [ 106.733263368856555, 10.580969460035096 ], [ 106.733218725124814, 10.580916906970252 ], [ 106.733207144881717, 10.580903296162148 ], [ 106.733181957986929, 10.580843902841421 ], [ 106.733147219579664, 10.580761993627275 ], [ 106.733099637117661, 10.58069735705025 ], [ 106.733073077810957, 10.580655040399165 ], [ 106.733028058608625, 10.580621196615647 ], [ 106.732984536394525, 10.580586429708562 ], [ 106.732961813523644, 10.580566836646 ], [ 106.732906454507145, 10.580482199349703 ], [ 106.73287770194554, 10.580413293411951 ], [ 106.732823129096033, 10.580282495204644 ], [ 106.732773542543967, 10.580216802805275 ], [ 106.732731236716759, 10.580202239839334 ], [ 106.728719448293973, 10.579958587101409 ], [ 106.728386851546787, 10.58064411623482 ], [ 106.728379689871701, 10.580735824252717 ], [ 106.728349083025421, 10.580891512253078 ], [ 106.728258968755384, 10.581104633806124 ], [ 106.72816972667701, 10.581237915692801 ], [ 106.728088882714786, 10.581358653172215 ], [ 106.7279929761727, 10.581455948276162 ], [ 106.727200983543895, 10.583088357142868 ], [ 106.727190382970733, 10.583133671497457 ], [ 106.727164154083951, 10.583232232687926 ], [ 106.727119259234314, 10.583329946923246 ], [ 106.727085978078435, 10.583402386539227 ], [ 106.727030753182532, 10.583522586619512 ], [ 106.727013916547349, 10.583556023507438 ], [ 106.727001822436819, 10.583576934240018 ], [ 106.726912842615235, 10.583712871481273 ], [ 106.726855444611161, 10.583800562404647 ], [ 106.726613736173604, 10.584298756466579 ], [ 106.726852396997785, 10.584801139501021 ], [ 106.726894483115601, 10.584826146974853 ], [ 106.726964689290753, 10.58487819749425 ], [ 106.727040104249525, 10.58494403680143 ], [ 106.727087574700263, 10.584986114659131 ], [ 106.727152374846099, 10.585044619768627 ], [ 106.727185821276208, 10.585086540323172 ], [ 106.727203189683664, 10.585135340147836 ], [ 106.727219510517401, 10.58520462403335 ], [ 106.727220862371979, 10.585280745857277 ], [ 106.727209738952652, 10.585387551384549 ], [ 106.727183051811949, 10.585483103745695 ], [ 106.727178880937302, 10.585488389025379 ], [ 106.72718594056424, 10.585503249818865 ], [ 106.72716984508665, 10.585499836692037 ], [ 106.727139027581714, 10.585538883858215 ], [ 106.727063372451056, 10.585582281114744 ], [ 106.726999812493602, 10.585595648553122 ], [ 106.726932736746051, 10.585610864121172 ], [ 106.726899803813268, 10.585589184003497 ], [ 106.726871553706886, 10.585570586309982 ], [ 106.726838667913484, 10.585540840077297 ], [ 106.726767687438354, 10.585483692294039 ], [ 106.726652115034099, 10.585390060376218 ], [ 106.725553249065314, 10.585157065596706 ], [ 106.724446738711393, 10.586584593239479 ], [ 106.724397607233612, 10.58677641224925 ], [ 106.72437989970912, 10.586832790263356 ], [ 106.724321726366568, 10.586991872787676 ], [ 106.724266660813754, 10.587073355265723 ], [ 106.724194501517687, 10.587180128729612 ], [ 106.724089573192572, 10.587279683731776 ], [ 106.724017541619915, 10.587348027470425 ], [ 106.723985721450546, 10.587374217194732 ], [ 106.723798189845525, 10.587520316676255 ], [ 106.723650960753744, 10.587635017891341 ], [ 106.723565465070791, 10.587721540459615 ], [ 106.723294947939223, 10.588070538505233 ], [ 106.723410730917095, 10.589312078494787 ], [ 106.723428320421831, 10.58934538118098 ], [ 106.723457194532571, 10.58949405198538 ], [ 106.723540977157072, 10.589703696487412 ], [ 106.723606650464077, 10.589912573969267 ], [ 106.723611312122983, 10.5899336017832 ], [ 106.723616262875282, 10.589988363233696 ], [ 106.723636377144373, 10.590441564959313 ], [ 106.723608490277684, 10.590564496362616 ], [ 106.723573618079044, 10.590718221488125 ], [ 106.723548536007499, 10.590789756335937 ], [ 106.723577236135625, 10.591097500492088 ], [ 106.723567373036758, 10.591456255579704 ], [ 106.723585860073612, 10.591591549100801 ], [ 106.723651945478892, 10.592075186864145 ], [ 106.723741786243096, 10.592732669184343 ], [ 106.723725966775078, 10.592917735316645 ], [ 106.723638899550465, 10.593272481345531 ], [ 106.723509699906074, 10.593554128467165 ], [ 106.723508570657785, 10.593595174517061 ], [ 106.723464560349228, 10.593631681933012 ], [ 106.723299019859382, 10.593862500193817 ], [ 106.723061910297773, 10.594068359823243 ], [ 106.722641467556684, 10.594385614948331 ], [ 106.722425587782553, 10.594493557903657 ], [ 106.720235561987295, 10.596310283299722 ], [ 106.720548367026126, 10.597716954799877 ], [ 106.722295498677283, 10.599538473383772 ], [ 106.722227379492878, 10.5996195138089 ], [ 106.722104289110149, 10.599809803824481 ], [ 106.721754054054657, 10.600345852538757 ], [ 106.721529034322387, 10.600657405964126 ], [ 106.721243009626832, 10.600949026170991 ], [ 106.721175002752219, 10.601010039494112 ], [ 106.720833345906115, 10.601277965913063 ], [ 106.719670985103008, 10.602660802411654 ], [ 106.719350804722467, 10.603864666208164 ], [ 106.719298187542293, 10.604185969445739 ], [ 106.719237235558197, 10.604558174263927 ], [ 106.718983646536728, 10.605397962290697 ], [ 106.718877121347958, 10.605737194393534 ], [ 106.718826252146911, 10.605836960495838 ], [ 106.718808863765759, 10.605902340979414 ], [ 106.720628339534784, 10.606634086423192 ], [ 106.720694597846048, 10.606643075347241 ], [ 106.721076279518584, 10.606720222620039 ], [ 106.721364396530348, 10.60679409085871 ], [ 106.721649040554738, 10.606914249387588 ], [ 106.721800557156101, 10.607034818254666 ], [ 106.721949413126723, 10.607164418507335 ], [ 106.722055629326874, 10.60720700039629 ], [ 106.722211438331115, 10.607241815268511 ], [ 106.722296685867704, 10.607305054423103 ], [ 106.722318383723419, 10.607313779833644 ], [ 106.722329599299414, 10.607346841582673 ], [ 106.722354037376661, 10.607383767113049 ], [ 106.722375906173156, 10.60747268547078 ], [ 106.722382068482375, 10.607501515952443 ], [ 106.723872723701106, 10.611895838740315 ], [ 106.7239590025507, 10.611865741108121 ], [ 106.724084261871283, 10.611784370384182 ], [ 106.724165790958622, 10.61175270221646 ], [ 106.724185228023217, 10.611744892286191 ], [ 106.724260807573316, 10.611713942893804 ], [ 106.724284596221835, 10.611704498090925 ], [ 106.724369721079086, 10.611666459271778 ], [ 106.724436197268233, 10.611637658052596 ], [ 106.724460856980059, 10.611626456430139 ], [ 106.724479060848992, 10.611617264642815 ], [ 106.724513897279948, 10.611598638361757 ], [ 106.724581716038841, 10.611562373228365 ], [ 106.724687606789047, 10.611520644939571 ], [ 106.724783972765707, 10.61148266639918 ], [ 106.724871802413702, 10.611448055207042 ], [ 106.724893293703019, 10.611440897533081 ], [ 106.724933277094792, 10.611418427019865 ], [ 106.724959500590543, 10.61140368921949 ], [ 106.724987420907212, 10.611358119769198 ], [ 106.725017186389195, 10.611310299078163 ], [ 106.725086001815157, 10.611272535815312 ], [ 106.725183773802044, 10.611247720412621 ], [ 106.725275482053121, 10.611225255312316 ], [ 106.725335866030889, 10.611188543563999 ], [ 106.7253901799521, 10.611147675798957 ], [ 106.725465016876697, 10.611122865045527 ], [ 106.725546827904211, 10.61110910946954 ], [ 106.725611255838857, 10.611102120194399 ], [ 106.725686464335993, 10.611110003754858 ], [ 106.72575762370073, 10.611121959620874 ], [ 106.725820360819682, 10.611154680482729 ], [ 106.725872642756968, 10.611182478371456 ], [ 106.725929272145009, 10.611205624604874 ], [ 106.726003706757822, 10.611202285066184 ], [ 106.72603883514293, 10.611200709026468 ], [ 106.726101660789965, 10.611197891548025 ], [ 106.726172977321923, 10.611194692942611 ], [ 106.726202926069945, 10.611193422864194 ], [ 106.726256331763963, 10.611191364940082 ], [ 106.726378055294745, 10.611186843532796 ], [ 106.726471843881683, 10.611170845020823 ], [ 106.726502093871943, 10.611165285401837 ], [ 106.726571535261044, 10.611151507993556 ], [ 106.726633722066012, 10.611112040553165 ], [ 106.726711932887781, 10.611032394573224 ], [ 106.726732101468158, 10.611010849032851 ], [ 106.72678493618271, 10.610951672445765 ], [ 106.726848566568123, 10.610879118251917 ], [ 106.726859310619091, 10.61086565776284 ], [ 106.726876519313848, 10.610825873211624 ], [ 106.726912125915533, 10.610704031035265 ], [ 106.726960586711002, 10.61063128441943 ], [ 106.727013232121308, 10.610581869758962 ], [ 106.727041046585384, 10.610554957417092 ], [ 106.727061888636342, 10.610523324512117 ], [ 106.727083729244384, 10.610490183608228 ], [ 106.727103097127042, 10.610428887334001 ], [ 106.727118266574521, 10.610380877279249 ], [ 106.727163538770185, 10.61028871945868 ], [ 106.727170430606407, 10.610267363455355 ], [ 106.72718818973577, 10.610178152963957 ], [ 106.727221447956993, 10.610111065048685 ], [ 106.72727783723299, 10.610019012493765 ], [ 106.727330428319078, 10.609950666620392 ], [ 106.727378916155303, 10.609893191751372 ], [ 106.727409867189579, 10.609853010755625 ], [ 106.727439729542596, 10.609812772456419 ], [ 106.727501727528008, 10.609733550825654 ], [ 106.727543697491413, 10.609689010577085 ], [ 106.727650283145707, 10.609588311691819 ], [ 106.72767338091252, 10.609566053909223 ], [ 106.727877579713493, 10.609365550630356 ], [ 106.728010439189418, 10.609235092776959 ], [ 106.728052937923692, 10.609192472465027 ], [ 106.728145218128091, 10.60909773917607 ], [ 106.728250221464151, 10.608986931744814 ], [ 106.728322836465523, 10.608908166050902 ], [ 106.728392599357832, 10.60883882525539 ], [ 106.728411130807871, 10.608821304381895 ], [ 106.728473774422127, 10.60875884266069 ], [ 106.72852846925187, 10.608720382548436 ], [ 106.728550911902801, 10.608706298116658 ], [ 106.728578838323401, 10.608711249710687 ], [ 106.728597375181025, 10.608688024316375 ], [ 106.728646797775966, 10.608747916390907 ], [ 106.72865941072854, 10.608756637019576 ], [ 106.728693486502067, 10.608780192453546 ], [ 106.728729498087247, 10.608832281349327 ], [ 106.728757819634552, 10.608873247642418 ], [ 106.728795089626189, 10.608927625866183 ], [ 106.729041998062328, 10.609226844753971 ], [ 106.729085986752466, 10.609224506402768 ], [ 106.729138775281683, 10.609208965898857 ], [ 106.729180891597267, 10.60921216240849 ], [ 106.729800136327825, 10.609112979056029 ], [ 106.729819319769689, 10.609105631277355 ], [ 106.729936392025976, 10.609055300395793 ], [ 106.730008483363832, 10.609018064233894 ], [ 106.730115732020181, 10.60896950862938 ], [ 106.730214251412448, 10.608935490037556 ], [ 106.73027273760357, 10.608917545813469 ], [ 106.730358217472968, 10.608895169709573 ], [ 106.730562787751779, 10.608847288920121 ], [ 106.730594202338267, 10.608840564470713 ], [ 106.730769590783368, 10.608809878936537 ], [ 106.730938652501649, 10.608781563264351 ], [ 106.731082749920361, 10.60876544750635 ], [ 106.731161933556251, 10.608765985236179 ], [ 106.731234026044447, 10.608771235859262 ], [ 106.731318815590456, 10.608781953786499 ], [ 106.731418653308765, 10.608802016133302 ], [ 106.731529625226898, 10.60883221015516 ], [ 106.731537295354372, 10.608834740809341 ], [ 106.731542323174139, 10.608833936555635 ], [ 106.731547259749064, 10.60883802906948 ], [ 106.731602573859988, 10.608856282548903 ], [ 106.731669188877078, 10.608885061866577 ], [ 106.731758037537091, 10.608935720272196 ], [ 106.731832667657883, 10.608990329851917 ], [ 106.731934327768329, 10.609080896864988 ], [ 106.732051132912531, 10.609199626141203 ], [ 106.732163991092577, 10.609324632133172 ], [ 106.732276737213169, 10.609416726323854 ], [ 106.732445049846859, 10.609543138917276 ], [ 106.732661122007741, 10.609750863061613 ], [ 106.732710605627446, 10.609802607736569 ], [ 106.732831690755148, 10.609903004496525 ], [ 106.732351396437991, 10.610744225612413 ], [ 106.732289519699918, 10.610938260030657 ], [ 106.732198857030383, 10.611314621876005 ], [ 106.732107861511466, 10.611587570983223 ], [ 106.731956677015532, 10.611866967500918 ], [ 106.731805089494415, 10.612014739340736 ], [ 106.731552149839032, 10.612169102955813 ], [ 106.731283244926217, 10.612282768699362 ], [ 106.731074359770432, 10.612349229403641 ], [ 106.730865310390371, 10.61235614466416 ], [ 106.73074171472534, 10.612344006826685 ], [ 106.730614886785943, 10.612309920433491 ], [ 106.730465825076578, 10.612253962954963 ], [ 106.730310356153126, 10.612179235779834 ], [ 106.73026179251022, 10.612145503135013 ], [ 106.729078027412058, 10.612118390760374 ], [ 106.727643702300099, 10.615688947392076 ], [ 106.727910730067251, 10.616721776049728 ], [ 106.728048890370445, 10.616698123332494 ], [ 106.728073872565034, 10.616689795360161 ], [ 106.728159246045394, 10.616637828213232 ], [ 106.728242967299579, 10.616563911045954 ], [ 106.728332958879619, 10.616469604955114 ], [ 106.728424533791141, 10.616376874012321 ], [ 106.728494050282023, 10.6163218145114 ], [ 106.728576249787281, 10.616269837613507 ], [ 106.728658462069816, 10.616222577898426 ], [ 106.728747086847633, 10.616195668946004 ], [ 106.728831018787872, 10.616187565369554 ], [ 106.728921305561855, 10.616191988415379 ], [ 106.728992686275774, 10.616218392270754 ], [ 106.729075223171293, 10.616274560740294 ], [ 106.729161013792449, 10.616354214454518 ], [ 106.729248522655382, 10.616476157706229 ], [ 106.729255818162372, 10.616491502473725 ], [ 106.729314539339555, 10.616481449165256 ], [ 106.729355642616525, 10.616724724618296 ], [ 106.729377811782996, 10.616789162654664 ], [ 106.729433685235193, 10.616925308784381 ], [ 106.729534104209009, 10.617120871673551 ], [ 106.729653554215034, 10.61732265801208 ], [ 106.72983016429896, 10.617569679523896 ], [ 106.729917698511628, 10.617701046937974 ], [ 106.729959183062107, 10.61779494419312 ], [ 106.730005636158424, 10.617959332611413 ], [ 106.730058818255344, 10.618245922463977 ], [ 106.730072085578044, 10.618430791032388 ], [ 106.730061741932687, 10.618662730846847 ], [ 106.730062337989381, 10.618849217801559 ], [ 106.730058172373916, 10.619034138966366 ], [ 106.730045812088335, 10.619136022423277 ], [ 106.730006526703818, 10.619234872844974 ], [ 106.729946756633311, 10.619361980557168 ], [ 106.729858622985645, 10.619544032727307 ], [ 106.729841242851521, 10.619598805512842 ], [ 106.729970666398117, 10.620364811352912 ], [ 106.730367486613801, 10.620862430748545 ], [ 106.730405412356447, 10.620882120582388 ], [ 106.730498183149066, 10.620914746982475 ], [ 106.730603641061634, 10.620953575660511 ], [ 106.730700398369208, 10.620997939742129 ], [ 106.730778186595899, 10.621046287534435 ], [ 106.730858389939783, 10.621115374160382 ], [ 106.730933067579087, 10.621185647473636 ], [ 106.730993523770493, 10.621267729918115 ], [ 106.731058818456404, 10.62137798529702 ], [ 106.731156113213487, 10.621587682797477 ], [ 106.731235907506331, 10.621777021071095 ], [ 106.731280523795846, 10.621858384335903 ], [ 106.731340851050362, 10.621900497218464 ], [ 106.731391642688635, 10.621929372411259 ], [ 106.73140712380787, 10.621942608953049 ], [ 106.731420216407145, 10.621958814860303 ], [ 106.731456839129862, 10.622010614054174 ], [ 106.731509337082514, 10.622083312929224 ], [ 106.731596825613849, 10.622193520815314 ], [ 106.731668442428429, 10.622300636681352 ], [ 106.731862673249381, 10.622608713579515 ], [ 106.731953497295393, 10.622776109436497 ], [ 106.731994970225912, 10.622866864734494 ], [ 106.732011278515913, 10.622926977278341 ], [ 106.7320134690803, 10.622950664506446 ], [ 106.732010587578714, 10.622974479150995 ], [ 106.731989262266168, 10.623062750234546 ], [ 106.731932717264712, 10.623210237364649 ], [ 106.731863672236614, 10.623415724972899 ], [ 106.731819624485738, 10.623513013463519 ], [ 106.731781800393122, 10.623575820232585 ], [ 106.731742378240455, 10.623627649058694 ], [ 106.731688666513278, 10.623674837610064 ], [ 106.731625418235495, 10.623711074810524 ], [ 106.731554225710241, 10.623739507864961 ], [ 106.731475100069261, 10.623758543793992 ], [ 106.73141966464533, 10.623760296805585 ], [ 106.731342004975232, 10.623751137667606 ], [ 106.731253268682053, 10.623737307848057 ], [ 106.731215183979927, 10.623728084184894 ], [ 106.728427931905969, 10.62431014625337 ], [ 106.728383395974461, 10.624403399695613 ], [ 106.728893564756817, 10.627170787986033 ], [ 106.728899207821257, 10.627186856006325 ], [ 106.728929343895658, 10.627361506455873 ], [ 106.728981479441174, 10.627581286415634 ], [ 106.729029729525976, 10.627783728429435 ], [ 106.72909861732947, 10.627988729081608 ], [ 106.729154880120618, 10.62814875016913 ], [ 106.729818077730883, 10.628581669243539 ], [ 106.731038129317739, 10.628014769936174 ], [ 106.731080962081805, 10.627975337431456 ], [ 106.731271192153201, 10.627836000627655 ], [ 106.731370674603198, 10.627771137013694 ], [ 106.731416143193186, 10.627741489689438 ], [ 106.731483316812145, 10.627710677576818 ], [ 106.731540987797658, 10.627706735195897 ], [ 106.731621989511353, 10.627738094190383 ], [ 106.731628445700082, 10.627740478681828 ], [ 106.731679650687099, 10.627716685860028 ], [ 106.731797720812466, 10.627797687966707 ], [ 106.731836381766954, 10.627809016510501 ], [ 106.731949007219725, 10.627823409381767 ], [ 106.732072149736567, 10.627851794708279 ], [ 106.73221254992815, 10.627915551888751 ], [ 106.732349833437084, 10.627978418544961 ], [ 106.732563966770371, 10.628146622312617 ], [ 106.732693944586941, 10.628223836381149 ], [ 106.732858915451246, 10.628356966179444 ], [ 106.73302751503374, 10.628465730159091 ], [ 106.733227631234342, 10.628616439918227 ], [ 106.733325788488514, 10.62872490106362 ], [ 106.7333746990696, 10.628819227417681 ], [ 106.733374396631191, 10.628892436057246 ], [ 106.733360058112794, 10.62895512058623 ], [ 106.733288430102434, 10.629069302532946 ], [ 106.733258705339694, 10.629109254173546 ], [ 106.733196211138377, 10.629208493497268 ], [ 106.733065087457874, 10.62942763970433 ], [ 106.733027361556836, 10.629489106351761 ], [ 106.732903788623801, 10.629814934025116 ], [ 106.732839262564482, 10.62998882983608 ], [ 106.732798833791563, 10.63009767652532 ], [ 106.732778839160687, 10.630148370413739 ], [ 106.732729926807991, 10.63026611354138 ], [ 106.732686270941755, 10.630371208214376 ], [ 106.732592431321834, 10.630597107760325 ], [ 106.732523346679784, 10.630763893164188 ], [ 106.732485604657796, 10.630855754452419 ], [ 106.732403993461361, 10.63105543001066 ], [ 106.732346571642452, 10.631187081669349 ], [ 106.732314735370551, 10.631234295287078 ], [ 106.732227277133617, 10.631364000909873 ], [ 106.732118597931404, 10.631525177416499 ], [ 106.731967851999258, 10.631748742153592 ], [ 106.731920613291948, 10.631820288804699 ], [ 106.731805404074962, 10.631999441878772 ], [ 106.731680936710106, 10.632193912474248 ], [ 106.731614434911961, 10.63237205178995 ], [ 106.731538647536695, 10.632508452377378 ], [ 106.731439030337171, 10.632687739021417 ], [ 106.731344663174497, 10.632860524687461 ], [ 106.731269245378797, 10.632962668374512 ], [ 106.731248409465593, 10.63302419812114 ], [ 106.731242213839906, 10.633053783435349 ], [ 106.731223776837084, 10.633148536830118 ], [ 106.731427880089242, 10.633918430302312 ], [ 106.73092554264241, 10.634627046352831 ], [ 106.73091749350715, 10.634676873317499 ], [ 106.73080916954784, 10.635081114044819 ], [ 106.730799836662968, 10.635106352886032 ], [ 106.73062097408625, 10.63549245454228 ], [ 106.730550497635804, 10.635595212780759 ], [ 106.730403576585985, 10.635809427339094 ], [ 106.73033577715988, 10.635900903778053 ], [ 106.730027388229701, 10.63625755924876 ], [ 106.729870970028628, 10.636354000248645 ], [ 106.729533080094228, 10.636562330059002 ], [ 106.728968459961436, 10.63683893471377 ], [ 106.728505813654067, 10.637007117705677 ], [ 106.728350172595086, 10.63706369840982 ], [ 106.728114960729727, 10.637149373629017 ], [ 106.727688603907907, 10.637304859098013 ], [ 106.72678362981712, 10.637703457113263 ], [ 106.726315405250801, 10.637971623814641 ], [ 106.726047802076494, 10.638222650043781 ], [ 106.725993410463346, 10.63827497135359 ], [ 106.725798363522202, 10.638406465780129 ], [ 106.725711901605791, 10.638553433713385 ], [ 106.725323098890655, 10.639186981327882 ], [ 106.725122598194929, 10.639511827752042 ], [ 106.724904746304034, 10.64010014670043 ], [ 106.724321932436382, 10.640560332841885 ], [ 106.724275373260255, 10.640612335149349 ], [ 106.723624868829177, 10.64133524914997 ], [ 106.723433184370421, 10.641697027994796 ], [ 106.723310983242499, 10.642289170895234 ], [ 106.723314380292834, 10.643028249357601 ], [ 106.723313886417316, 10.643045428814332 ], [ 106.723273736996504, 10.643693162965263 ], [ 106.723251749775343, 10.643880196618442 ], [ 106.7231675521071, 10.644596388995751 ], [ 106.723010644682162, 10.645062897675958 ], [ 106.722891698586537, 10.645295980887013 ], [ 106.722821474587121, 10.645416838248753 ], [ 106.722804809492885, 10.645445519186643 ], [ 106.722731368709574, 10.645517618594043 ], [ 106.722669989103665, 10.645577872969785 ], [ 106.722631658129629, 10.645595904069987 ], [ 106.722593041122266, 10.645869875666468 ], [ 106.721296043086184, 10.64625039267529 ], [ 106.718909626486891, 10.645625035217561 ], [ 106.718633490740231, 10.645753546499561 ], [ 106.718424310137692, 10.645857817453173 ], [ 106.71826749822074, 10.645961926841904 ], [ 106.718073394884499, 10.646103158930202 ], [ 106.717856982946287, 10.646288860951726 ], [ 106.716917103804761, 10.647224380554668 ], [ 106.716312725438144, 10.647766575273007 ], [ 106.715984201952736, 10.647997030214011 ], [ 106.715506152581113, 10.648264982344049 ], [ 106.715252209625092, 10.648413781159354 ], [ 106.71417686116402, 10.649098068624484 ], [ 106.712735728212692, 10.650064711259537 ], [ 106.712377043073261, 10.65022125072154 ], [ 106.712003352263778, 10.65036303285428 ], [ 106.711734101900717, 10.650408277902354 ], [ 106.711434924671622, 10.650446205255703 ], [ 106.711158005523941, 10.650432242486154 ], [ 106.710124243165751, 10.65018376931722 ], [ 106.709846269553736, 10.650098548874427 ], [ 106.7079307714382, 10.649921994415823 ], [ 106.707621144839848, 10.650026586073086 ], [ 106.705565317406638, 10.650839142309447 ], [ 106.705261187587652, 10.651002969446624 ], [ 106.705105247907184, 10.651158165243617 ], [ 106.704965771435241, 10.651321490070909 ], [ 106.704801973044667, 10.651598887856748 ], [ 106.704254245750946, 10.652854774340996 ], [ 106.704098334108423, 10.653026273267816 ], [ 106.704008616732594, 10.653074412798437 ], [ 106.703969687880686, 10.653175019918967 ], [ 106.703754002166008, 10.653165804849753 ], [ 106.703580166607651, 10.653198886579146 ], [ 106.703259043070958, 10.653191730896399 ], [ 106.702748356193254, 10.653128127052542 ], [ 106.702559006950381, 10.653136850733032 ], [ 106.702369722497153, 10.653161849520608 ], [ 106.702139348258299, 10.653219559369427 ], [ 106.701974888635561, 10.653285228125954 ], [ 106.701239276322895, 10.653718137662214 ], [ 106.701219495035076, 10.653728742016224 ], [ 106.701101827641153, 10.653789968656326 ], [ 106.70092556097309, 10.653951309608404 ], [ 106.700856437794101, 10.653912173574902 ], [ 106.700843947963833, 10.653917497541745 ], [ 106.700750178286441, 10.653956774173217 ], [ 106.700647788399749, 10.65397090175767 ], [ 106.70060994482624, 10.653976123816829 ], [ 106.700561156389071, 10.653973070877612 ], [ 106.700445560102537, 10.653965842347224 ], [ 106.70033019163219, 10.653933621015865 ], [ 106.69970761957687, 10.653561407863771 ], [ 106.698136562955014, 10.652372201589174 ], [ 106.697309227113323, 10.651903770859791 ], [ 106.696218223187273, 10.649801872093411 ], [ 106.694722446523045, 10.64940159488812 ], [ 106.694377893043352, 10.649359364183432 ], [ 106.694029375821898, 10.649274296139767 ], [ 106.693737384689925, 10.649137986032134 ], [ 106.691402844155377, 10.64851325085181 ], [ 106.691177743420909, 10.648586033401516 ], [ 106.690996071252314, 10.648704022755009 ], [ 106.690869851490575, 10.648845340209698 ], [ 106.690736090408251, 10.649104114027415 ], [ 106.690649905787723, 10.649394080395242 ], [ 106.690517584248298, 10.650122621352626 ], [ 106.690439883756099, 10.650592621188814 ], [ 106.690396626810411, 10.650787923050693 ], [ 106.690366478514264, 10.651374483530178 ], [ 106.688772440750711, 10.653068146837379 ], [ 106.688502927330902, 10.653639189058921 ], [ 106.688359890322914, 10.653895113102712 ], [ 106.688142399133781, 10.654403076445105 ], [ 106.688112121610573, 10.654473799255321 ], [ 106.687942897907391, 10.65523307799659 ], [ 106.687796982519842, 10.655427915152938 ], [ 106.68771810196705, 10.655533495343157 ], [ 106.687650413998767, 10.655730866191723 ], [ 106.687482632935385, 10.655803166267845 ], [ 106.687470646920914, 10.65581490581544 ], [ 106.687453854173896, 10.655829933093168 ], [ 106.687333174961424, 10.655928725715793 ], [ 106.687291653482461, 10.655957956938122 ], [ 106.687235308896376, 10.655992435601476 ], [ 106.687141307748888, 10.656043658633395 ], [ 106.68702322808322, 10.656108001725896 ], [ 106.686948358000251, 10.656145268812153 ], [ 106.6868427306039, 10.656188110535222 ], [ 106.686632258988482, 10.656265660410355 ], [ 106.686496168016376, 10.656315819902989 ], [ 106.686352352622464, 10.656347475167156 ], [ 106.686202558932507, 10.656380463498339 ], [ 106.686164721735636, 10.656386325733779 ], [ 106.686121128368427, 10.656389866610924 ], [ 106.685987115318511, 10.656447615101239 ], [ 106.685331078336688, 10.656730314529362 ], [ 106.685750694706584, 10.653279921315331 ], [ 106.685102196207936, 10.650993963951482 ], [ 106.682780841723002, 10.648922007742101 ], [ 106.68191323631892, 10.648361082676715 ], [ 106.681311740514914, 10.647814474819343 ], [ 106.680381840584815, 10.646864286909445 ], [ 106.679370979062384, 10.645878488882584 ], [ 106.679243994028369, 10.645765146738437 ], [ 106.679009485509127, 10.645631910863168 ], [ 106.678913002184103, 10.64557709391134 ], [ 106.674207419709063, 10.644496581756302 ], [ 106.673841603635566, 10.644008488417397 ], [ 106.673685365448179, 10.643907940371051 ], [ 106.6734772185563, 10.643522306148503 ], [ 106.67282650061064, 10.642654082527184 ], [ 106.671620594400665, 10.641361733284871 ], [ 106.671335154914601, 10.641148635162113 ], [ 106.670985353999029, 10.640680956804786 ], [ 106.669722268317727, 10.639327329501853 ], [ 106.669353749241154, 10.639191430864319 ], [ 106.669348912325844, 10.639189506548112 ], [ 106.668480756737722, 10.639141780463472 ], [ 106.668441146766938, 10.639158857403201 ], [ 106.66838267096135, 10.639184070924482 ], [ 106.668225404500348, 10.639251877848947 ], [ 106.668005115912479, 10.6393468615623 ], [ 106.667764973409831, 10.639516584790885 ], [ 106.667491268028584, 10.63973164703471 ], [ 106.667271692887397, 10.639933998555577 ], [ 106.666726907451078, 10.640426478709234 ], [ 106.666540812800861, 10.640225583977848 ], [ 106.666410280849661, 10.640030755734784 ], [ 106.666361835497057, 10.639923772183145 ], [ 106.66634714667758, 10.639845153261499 ], [ 106.666342275504107, 10.63981908062193 ], [ 106.66638751833564, 10.639661827770329 ], [ 106.666423466389134, 10.639591567253674 ], [ 106.666100722238866, 10.638485594525077 ], [ 106.666094045323547, 10.638482943116292 ], [ 106.66586227300408, 10.639096336203579 ], [ 106.665887862062519, 10.63915980391727 ], [ 106.665896629964394, 10.639274055489517 ], [ 106.665892038553039, 10.639344288615462 ], [ 106.665875427076372, 10.639426461383476 ], [ 106.665837767550656, 10.639505725481495 ], [ 106.665797601462515, 10.639557614260983 ], [ 106.665752624209333, 10.639602390100576 ], [ 106.665696161482003, 10.639633508668837 ], [ 106.665644460297997, 10.639650312294567 ], [ 106.665588109460487, 10.639650693867186 ], [ 106.665569857622415, 10.639646362700192 ], [ 106.665554120574313, 10.639636243011397 ], [ 106.665523221247426, 10.639603357235929 ], [ 106.665510825126134, 10.639587606463722 ], [ 106.665470835527117, 10.639527042204509 ], [ 106.665421211426988, 10.639433158272189 ], [ 106.665379412242643, 10.639340588869731 ], [ 106.664958750885518, 10.638875344171559 ], [ 106.664946187605366, 10.638874422726296 ], [ 106.664850737546018, 10.638951512780928 ], [ 106.664830287241045, 10.638989707787845 ], [ 106.664811243946545, 10.639059999572167 ], [ 106.664792298964528, 10.639161217989315 ], [ 106.664780489619957, 10.639238625237009 ], [ 106.664761291953496, 10.639292931261625 ], [ 106.664751858608511, 10.639313695272916 ], [ 106.664739747816881, 10.639333010720271 ], [ 106.664700315461047, 10.639384063748651 ], [ 106.664661935785659, 10.639424643018394 ], [ 106.664606673034626, 10.639458138147265 ], [ 106.664541770008967, 10.639485712184873 ], [ 106.664479249554446, 10.639496599894253 ], [ 106.664390220041227, 10.63950520177756 ], [ 106.664295154371175, 10.639501905628533 ], [ 106.664242624824894, 10.639495744749707 ], [ 106.664183420729628, 10.639504391705971 ], [ 106.664160374919518, 10.639509082245086 ], [ 106.663735957243404, 10.639851861256833 ], [ 106.663686297038154, 10.639904804610804 ], [ 106.663590325488428, 10.639999108732253 ], [ 106.663507508564336, 10.640067199286431 ], [ 106.663454246624312, 10.640103648062244 ], [ 106.663437249281017, 10.640112070998917 ], [ 106.663394352998097, 10.640127756257595 ], [ 106.663381310706427, 10.640138289094009 ], [ 106.663376551981784, 10.640134265027692 ], [ 106.663364775546626, 10.640138571178673 ], [ 106.663344355410757, 10.640142758639136 ], [ 106.663301730592963, 10.640144625614155 ], [ 106.66328311151301, 10.640143024731101 ], [ 106.663234082351437, 10.64012997694415 ], [ 106.663200419540232, 10.640124085595607 ], [ 106.663182128333204, 10.640106761268141 ], [ 106.663142262427385, 10.640074858493525 ], [ 106.663129827729705, 10.640060236994897 ], [ 106.663103902206259, 10.640015043744075 ], [ 106.663034786494791, 10.639956769891317 ], [ 106.663009156423954, 10.639932529494418 ], [ 106.662994444329485, 10.639918939852043 ], [ 106.662946379690936, 10.639874408237086 ], [ 106.662871821654292, 10.639819352743013 ], [ 106.66278222926131, 10.639746211554026 ], [ 106.662700635271563, 10.639676039367417 ], [ 106.662685434886086, 10.639657507055912 ], [ 106.662639944061581, 10.639581788642605 ], [ 106.662569998748424, 10.639531792163281 ], [ 106.662531660786797, 10.639504391573468 ], [ 106.662507957694714, 10.639460307511593 ], [ 106.662486559076569, 10.639413775676712 ], [ 106.66246000579936, 10.639399446868984 ], [ 106.662443659215739, 10.639390163786929 ], [ 106.662434698694767, 10.639386050776931 ], [ 106.662401033949379, 10.639392439265155 ], [ 106.662389416682174, 10.639400988218989 ], [ 106.662367447486048, 10.639413616044846 ], [ 106.662275615249044, 10.639463632080338 ], [ 106.662214087526664, 10.639506640974167 ], [ 106.662174186765043, 10.639540486431564 ], [ 106.662124498823687, 10.639595782097484 ], [ 106.662074882095197, 10.639672496512279 ], [ 106.662052057906422, 10.639718622689717 ], [ 106.66202774393048, 10.639758829705459 ], [ 106.662017133932878, 10.639775841696723 ], [ 106.662006039389425, 10.63979248649286 ], [ 106.661984722399993, 10.639822946256029 ], [ 106.661970360808709, 10.639839808165018 ], [ 106.661948638658032, 10.639862453518907 ], [ 106.661931478837445, 10.639877165018548 ], [ 106.661892024584006, 10.639902175358928 ], [ 106.661875051322426, 10.639911509386499 ], [ 106.661857106254061, 10.639918763787048 ], [ 106.661816205502049, 10.639932010844657 ], [ 106.661796598792662, 10.639937220009648 ], [ 106.661776479818514, 10.639940150025282 ], [ 106.661743049555312, 10.639942936315416 ], [ 106.661726566738395, 10.639943265046334 ], [ 106.661710101615569, 10.639941798207264 ], [ 106.661653572426715, 10.639933577835906 ], [ 106.661594503173106, 10.639916872690733 ], [ 106.6615444003872, 10.639902169542497 ], [ 106.661528539671409, 10.639898563182461 ], [ 106.661512412302528, 10.639896853157229 ], [ 106.661432431961757, 10.63989527893154 ], [ 106.661299999214577, 10.639919026111192 ], [ 106.661208245738749, 10.639938751623015 ], [ 106.661119797567949, 10.639976641280079 ], [ 106.66100700495592, 10.640038339174138 ], [ 106.660929050073094, 10.640073616502734 ], [ 106.660839277691551, 10.640111704766985 ], [ 106.660781800387952, 10.640125543060142 ], [ 106.660742137711125, 10.64013284100152 ], [ 106.660714650975223, 10.64013348109704 ], [ 106.660684549179479, 10.640128662724319 ], [ 106.660637884734399, 10.640116011533298 ], [ 106.660618417494007, 10.64010917139484 ], [ 106.660599632857583, 10.640100285353761 ], [ 106.660556016636718, 10.6400775476089 ], [ 106.660481743209459, 10.64002521032058 ], [ 106.66042258615397, 10.639980623091677 ], [ 106.660379844641099, 10.639945057403846 ], [ 106.660337118613654, 10.639914040890501 ], [ 106.660214271215438, 10.639850152690183 ], [ 106.660173921718055, 10.639832194566022 ], [ 106.660779687077977, 10.641978880607123 ], [ 106.660759094313349, 10.641987341453991 ], [ 106.660722432728889, 10.642014721831838 ], [ 106.660708865176616, 10.642024321654327 ], [ 106.660633836885012, 10.642063775638313 ], [ 106.660537062425831, 10.642111357525327 ], [ 106.660465438730256, 10.642143928865552 ], [ 106.660403711885479, 10.642163632634222 ], [ 106.660383367552214, 10.642169704504028 ], [ 106.660333602966034, 10.642191719891946 ], [ 106.660249555882174, 10.642247567082984 ], [ 106.660234139810598, 10.642255215756725 ], [ 106.660057013735297, 10.642333086136734 ], [ 106.659974158861715, 10.642366566670368 ], [ 106.659952410340438, 10.642375783061761 ], [ 106.659929030706721, 10.642387245653145 ], [ 106.659870106693759, 10.642420101317621 ], [ 106.659806995490996, 10.642442914164645 ], [ 106.659775727677086, 10.642451852765957 ], [ 106.659745179523185, 10.642456471539338 ], [ 106.659714978637169, 10.642459057937256 ], [ 106.659683788549529, 10.642460910042308 ], [ 106.659659224278826, 10.642461701857128 ], [ 106.659623350497256, 10.642465459209642 ], [ 106.659606564428159, 10.642468214161758 ], [ 106.659590106978129, 10.642472584749193 ], [ 106.65953809929745, 10.642488994931686 ], [ 106.659289055468818, 10.642591315484182 ], [ 106.659259485266475, 10.642607436002804 ], [ 106.65920219969955, 10.642641789966012 ], [ 106.659119295248061, 10.642693686408025 ], [ 106.659039537398684, 10.642743711034738 ], [ 106.658999925585945, 10.642771135787658 ], [ 106.658985535478081, 10.64278092071398 ], [ 106.658970801217677, 10.642790104448112 ], [ 106.65894904749706, 10.642802597145316 ], [ 106.658928149335793, 10.642814603446178 ], [ 106.658909217521327, 10.642825004566381 ], [ 106.65889012807159, 10.642835156093124 ], [ 106.658829414209038, 10.642867480428343 ], [ 106.658812136712001, 10.642877559982868 ], [ 106.658795132333623, 10.642888119055245 ], [ 106.658753108488909, 10.642913836105144 ], [ 106.658716786735738, 10.642938372103249 ], [ 106.658701300678487, 10.642949150058964 ], [ 106.658685660769095, 10.642959701907188 ], [ 106.658645103915845, 10.642985105608805 ], [ 106.658609230967571, 10.643006275187815 ], [ 106.658590872857999, 10.643016634381778 ], [ 106.658541447809128, 10.643042678962379 ], [ 106.658394460342109, 10.64312774185772 ], [ 106.658349864550402, 10.643154635099165 ], [ 106.658105261161211, 10.643310332812694 ], [ 106.658063834686232, 10.643339727989638 ], [ 106.658046697127659, 10.643351359052993 ], [ 106.657960338994116, 10.643398111283078 ], [ 106.657832811818565, 10.643454092959319 ], [ 106.657791468464353, 10.643472157891345 ], [ 106.657574259590447, 10.643567907216433 ], [ 106.657477363222171, 10.643616464425309 ], [ 106.657379621844797, 10.643644463957884 ], [ 106.657320430193494, 10.643635501164146 ], [ 106.657229711939181, 10.643627034107634 ], [ 106.657154753182098, 10.64361541530865 ], [ 106.657116332146401, 10.64360802876101 ], [ 106.657067345324961, 10.643593598413815 ], [ 106.656969773188564, 10.643564280825968 ], [ 106.656946992838101, 10.643553741369018 ], [ 106.65688606244764, 10.643506627871659 ], [ 106.656659898794317, 10.643433913774818 ], [ 106.656636863671409, 10.643340319802611 ], [ 106.656591371212656, 10.643157554205969 ], [ 106.656553586026547, 10.643005744749422 ], [ 106.65653802109388, 10.642940836244481 ], [ 106.656506440815662, 10.642803766461062 ], [ 106.656458246449375, 10.642590611277232 ], [ 106.656437235832982, 10.642497687334464 ], [ 106.656389118658808, 10.642313870538997 ], [ 106.656368102403647, 10.642122389606248 ], [ 106.656342333508945, 10.6418917686292 ], [ 106.656342537773256, 10.641837174478921 ], [ 106.656350796648226, 10.641772094883709 ], [ 106.656378260397759, 10.641610740849355 ], [ 106.656383010317057, 10.641582841520966 ], [ 106.656477365747861, 10.641338804213884 ], [ 106.656572219310007, 10.641185187366817 ], [ 106.656630060495146, 10.641082248324626 ], [ 106.656300257512399, 10.638533768978814 ], [ 106.656274791189574, 10.638501319934951 ], [ 106.656200274871779, 10.638406159730692 ], [ 106.655988704880627, 10.638519182535557 ], [ 106.655969964891113, 10.638554102594481 ], [ 106.655948161308302, 10.638613395343306 ], [ 106.655936404724841, 10.638665435039906 ], [ 106.655901278697016, 10.638820923234897 ], [ 106.655867190425354, 10.638888252019214 ], [ 106.655824495986437, 10.638927526881156 ], [ 106.65578070149067, 10.638936372976712 ], [ 106.655698390890137, 10.638919421394256 ], [ 106.6556726328118, 10.638910815035883 ], [ 106.655550590333149, 10.638858866919112 ], [ 106.655456344577374, 10.638857813943146 ], [ 106.655366047987357, 10.638887271405276 ], [ 106.655288549768912, 10.638935478583949 ], [ 106.655173730196026, 10.63900690212785 ], [ 106.655112181643375, 10.63905117104528 ], [ 106.655007572784356, 10.63912655652604 ], [ 106.65495070859555, 10.639143296203629 ], [ 106.654914421723532, 10.639141586435342 ], [ 106.654862585821405, 10.639139145051075 ], [ 106.654840642934232, 10.639132484841776 ], [ 106.65430909305276, 10.639416442179938 ], [ 106.654297685748432, 10.639437541857754 ], [ 106.654254322229221, 10.63948007834018 ], [ 106.654240902904547, 10.639488549740527 ], [ 106.65417980819106, 10.639503970874898 ], [ 106.654159987315623, 10.639499830820707 ], [ 106.65415496049944, 10.639498780589417 ], [ 106.654020045573603, 10.63957085312116 ], [ 106.653789069119085, 10.63922667332324 ], [ 106.653694347572653, 10.639175183393563 ], [ 106.653625130903634, 10.639128388486734 ], [ 106.653527555972374, 10.639044815452962 ], [ 106.653515994537585, 10.639033587292706 ], [ 106.653465901861523, 10.638974388929135 ], [ 106.653448214456304, 10.638897706772195 ], [ 106.653421936163141, 10.638784566280377 ], [ 106.653400866661585, 10.638693867168232 ], [ 106.653384524006029, 10.638623858987968 ], [ 106.652959558512535, 10.637990613823748 ], [ 106.652966737229875, 10.637932201998639 ], [ 106.652936759567595, 10.637876571634619 ], [ 106.652941346267014, 10.637802525825842 ], [ 106.652958633196945, 10.637673547788685 ], [ 106.652962884907808, 10.637635726214521 ], [ 106.652975322246775, 10.63749346040029 ], [ 106.652957250039634, 10.63740942559712 ], [ 106.652884179378503, 10.637248495639149 ], [ 106.652880806726401, 10.637175471782722 ], [ 106.652903451402793, 10.637058763577542 ], [ 106.652974893328022, 10.636927450632731 ], [ 106.652988620502882, 10.63690080496233 ], [ 106.653041926633151, 10.636789729358567 ], [ 106.653129052856116, 10.636605567694174 ], [ 106.653130036919279, 10.636603487667388 ], [ 106.653216330064978, 10.635901346198271 ], [ 106.653183011528967, 10.635744104212975 ], [ 106.653149011333198, 10.635583652744964 ], [ 106.653146344853099, 10.635380741945839 ], [ 106.653140320281793, 10.635221719743251 ], [ 106.653140359038886, 10.635050373851158 ], [ 106.653139103737729, 10.635000046364473 ], [ 106.653131403826592, 10.634810782799327 ], [ 106.653127434503574, 10.634691095793679 ], [ 106.653122827993968, 10.634627892115741 ], [ 106.65313496515374, 10.634463990770639 ], [ 106.653137449025351, 10.634408798667881 ], [ 106.653143372298743, 10.634274741775931 ], [ 106.653144561013391, 10.634052506940964 ], [ 106.653121556139951, 10.63389707926892 ], [ 106.65311527186789, 10.633882789196335 ], [ 106.653463039393586, 10.633893958114596 ], [ 106.653499120028783, 10.63360038550644 ], [ 106.653491093942847, 10.633400457462804 ], [ 106.65348732729592, 10.633365762831851 ], [ 106.653464778951829, 10.633233518570762 ], [ 106.653077151777282, 10.632647553712093 ], [ 106.652988202788038, 10.632545266569338 ], [ 106.652961433464043, 10.632472626308793 ], [ 106.652959559311014, 10.632469792880135 ], [ 106.651716340365553, 10.632552600336043 ], [ 106.651612888912553, 10.632603580258955 ], [ 106.651505025088724, 10.632652360264975 ], [ 106.651390537667453, 10.632695964936238 ], [ 106.651299095102985, 10.632700068774341 ], [ 106.651210016212261, 10.632696919443253 ], [ 106.651096986394791, 10.632642279983084 ], [ 106.651078753089237, 10.632632971774925 ], [ 106.651026258332109, 10.632598565103633 ], [ 106.650613013232245, 10.632626091103425 ], [ 106.650548897976833, 10.63264828247379 ], [ 106.650457340411208, 10.632682346690997 ], [ 106.650365506726203, 10.632695818494607 ], [ 106.650281296254292, 10.632677538067341 ], [ 106.650226397094556, 10.632663207048942 ], [ 106.650198629642603, 10.632653692169706 ], [ 106.649451477487546, 10.632703457840826 ], [ 106.649429772889292, 10.632714515720631 ], [ 106.649404370579163, 10.632730506666096 ], [ 106.649257681620171, 10.632840269881761 ], [ 106.649193358563906, 10.632855284660781 ], [ 106.649141406594794, 10.632866785375271 ], [ 106.649080431102419, 10.632861531328041 ], [ 106.648960642310129, 10.632814067837499 ], [ 106.64882364584976, 10.632753920177617 ], [ 106.648806840560539, 10.632746395291381 ], [ 106.648664210012271, 10.632755895229531 ], [ 106.648320306328515, 10.632961461741273 ], [ 106.648306657549199, 10.633001407545414 ], [ 106.64828361471946, 10.633050908112123 ], [ 106.648230274597481, 10.633099217142989 ], [ 106.648162799702448, 10.633145974890644 ], [ 106.648009487202188, 10.633241326231664 ], [ 106.647926711541146, 10.633329656702717 ], [ 106.647819077194754, 10.633431431984254 ], [ 106.647747338116332, 10.633499874535566 ], [ 106.647614843121431, 10.633603847029027 ], [ 106.647520710066075, 10.633677718560051 ], [ 106.647505105833815, 10.633689647462104 ], [ 106.647373333460976, 10.633787465675717 ], [ 106.647222294334313, 10.633897832269176 ], [ 106.647154435074597, 10.633945409144754 ], [ 106.647049412573821, 10.634016922953521 ], [ 106.647017226443637, 10.634061452050751 ], [ 106.646959746082402, 10.634140977681207 ], [ 106.646933281820608, 10.63417406010641 ], [ 106.64691350813392, 10.634196023477978 ], [ 106.646864230678005, 10.634237648894858 ], [ 106.646806086294376, 10.634264783356478 ], [ 106.646735795755475, 10.634258498318072 ], [ 106.646635340491414, 10.634240318479183 ], [ 106.646602666743988, 10.634240294679682 ], [ 106.646572956642132, 10.634239040249257 ], [ 106.64649168481435, 10.634252085812475 ], [ 106.646456568556346, 10.634266794027788 ], [ 106.646362498816657, 10.634276385354998 ], [ 106.646329539875353, 10.634265616308166 ], [ 106.646277650329182, 10.634249292517499 ], [ 106.646234351222674, 10.634236467609677 ], [ 106.646196669073618, 10.634225686263315 ], [ 106.646152864067929, 10.634162994421541 ], [ 106.646143367200608, 10.634139414490249 ], [ 106.646099946362853, 10.633997512966971 ], [ 106.645997884328978, 10.633800639518849 ], [ 106.645962802789455, 10.633759425141244 ], [ 106.645931186682134, 10.633757050550086 ], [ 106.645904077481532, 10.633738718022997 ], [ 106.645877144279325, 10.633712299442868 ], [ 106.645832000426168, 10.633634414373685 ], [ 106.645726815249688, 10.633452605473254 ], [ 106.645562151998774, 10.633152726368809 ], [ 106.645533238744093, 10.633097206966633 ], [ 106.645422411508534, 10.632874139362555 ], [ 106.645385061608479, 10.632791611586896 ], [ 106.645205268693473, 10.632378198395912 ], [ 106.645055536449746, 10.632077137600268 ], [ 106.644883067577823, 10.631780917839006 ], [ 106.644833437591558, 10.631694101203111 ], [ 106.644730066441383, 10.631486590287986 ], [ 106.644641642343004, 10.631309084044258 ], [ 106.644608805593435, 10.631243242457492 ], [ 106.644513433445553, 10.631052304575267 ], [ 106.644418891394523, 10.630863098117471 ], [ 106.644345764169998, 10.630738738942076 ], [ 106.644232847607739, 10.630549432480374 ], [ 106.644161592316038, 10.630405625837261 ], [ 106.644151917902278, 10.630383991395199 ], [ 106.644087671635006, 10.630224335748508 ], [ 106.644038998794656, 10.630101447663989 ], [ 106.643920985090418, 10.629901588243483 ], [ 106.643810171126503, 10.62965609496316 ], [ 106.643762872848882, 10.629596359142527 ], [ 106.643663191665766, 10.629494535411617 ], [ 106.643581585237214, 10.629411729128323 ], [ 106.643316219835341, 10.629144367017826 ], [ 106.64318540183173, 10.629014814491992 ], [ 106.642742102400291, 10.628582754858151 ], [ 106.642371580286792, 10.628222651409232 ], [ 106.642327370256695, 10.628179773698125 ], [ 106.642099582776581, 10.627958849444994 ], [ 106.642082056080511, 10.627941613620477 ], [ 106.641991020573315, 10.62784969783435 ], [ 106.641948321324818, 10.627818445791252 ], [ 106.641911354698635, 10.6277992765582 ], [ 106.641802719600122, 10.627718701256441 ], [ 106.64172151584367, 10.627616490777674 ], [ 106.641671478924991, 10.627559073340318 ], [ 106.64165398291162, 10.627539019321381 ], [ 106.641582894699766, 10.627455860816132 ], [ 106.641548288235342, 10.627416583400811 ], [ 106.64144566730694, 10.627299146267093 ], [ 106.641430817447812, 10.627282754366556 ], [ 106.641388467048088, 10.627238256600888 ], [ 106.641329390372505, 10.627176987978338 ], [ 106.641285456192975, 10.627136593032443 ], [ 106.641271512381508, 10.627123004443748 ], [ 106.641215412953585, 10.627053982245396 ], [ 106.641142907299056, 10.626954529627376 ], [ 106.641119046398416, 10.626900326644508 ], [ 106.641082138929775, 10.626822053035358 ], [ 106.641036168513892, 10.626737656474035 ], [ 106.641012833067592, 10.626695416172286 ], [ 106.640986651885058, 10.626682805548951 ], [ 106.640972093272595, 10.626676273753665 ], [ 106.638860439175076, 10.627500195949954 ], [ 106.636419040439165, 10.626244104621572 ], [ 106.636299741496856, 10.626257156548167 ], [ 106.636119725799304, 10.626277799044425 ], [ 106.636101108818366, 10.626280569415945 ], [ 106.636013790606995, 10.626290983739757 ], [ 106.635781141103152, 10.626319647347044 ], [ 106.635542108857081, 10.626305222228446 ], [ 106.635452007781694, 10.626278038537043 ], [ 106.635353006030158, 10.626224032880712 ], [ 106.635245852035453, 10.626142330721134 ], [ 106.6352268902058, 10.62612615516684 ], [ 106.635101333354214, 10.626008621627024 ], [ 106.634993840565656, 10.625834025274424 ], [ 106.63496127502853, 10.625772447207307 ], [ 106.634856493074068, 10.625574323397082 ], [ 106.634806281456989, 10.625477944277423 ], [ 106.634717564024996, 10.625569582478267 ], [ 106.634531985811606, 10.62581533326075 ], [ 106.634222386398463, 10.626226431838484 ], [ 106.633955895913203, 10.626580290148738 ], [ 106.633895223089382, 10.626671616791771 ], [ 106.633673156111968, 10.626981338083995 ], [ 106.633508258090103, 10.62720321444448 ], [ 106.633494864324348, 10.62721962807119 ], [ 106.63308294191512, 10.627680048725377 ], [ 106.632851653790652, 10.627888294051408 ], [ 106.632762129870599, 10.627964441052935 ], [ 106.632707268642491, 10.62799983087719 ], [ 106.632444864327042, 10.628129346045615 ], [ 106.632157698048402, 10.628213749642189 ], [ 106.632154202330639, 10.628217359724786 ], [ 106.632151801569108, 10.628215482681282 ], [ 106.632137499279054, 10.628219686877481 ], [ 106.631811921003774, 10.628256408037061 ], [ 106.631480025583571, 10.628203632504263 ], [ 106.631171905874297, 10.628031456915176 ], [ 106.630941993340073, 10.627787488526153 ], [ 106.630730047695835, 10.627474647796449 ], [ 106.630650094344091, 10.627360476381158 ], [ 106.63036365874072, 10.626961212425078 ], [ 106.630208481029854, 10.626697178773536 ], [ 106.629667018882046, 10.62893738178014 ], [ 106.629724281357113, 10.628997561128914 ], [ 106.629724365722623, 10.628997614935704 ], [ 106.629796951539035, 10.629036212063495 ], [ 106.629861494162526, 10.629070530335866 ], [ 106.629877741569643, 10.629085142700871 ], [ 106.629964236453304, 10.629179231426962 ], [ 106.630143442389809, 10.629382997196391 ], [ 106.63020901922475, 10.629461658754451 ], [ 106.630305810958959, 10.629544127979086 ], [ 106.630485417906769, 10.629697155339322 ], [ 106.630612521634887, 10.62980545023936 ], [ 106.630735974134481, 10.629953122256774 ], [ 106.630774633386267, 10.629999368497291 ], [ 106.63080115936981, 10.630035779004354 ], [ 106.630828454671118, 10.630131361150116 ], [ 106.630839322155424, 10.63016941978263 ], [ 106.630864833932549, 10.6301962324152 ], [ 106.630841935548531, 10.630223388807572 ], [ 106.630840831742049, 10.630241327869713 ], [ 106.630801338606659, 10.630294504016357 ], [ 106.63074467034005, 10.630359924752391 ], [ 106.630725953928433, 10.630381728051679 ], [ 106.63067379717063, 10.630422789316864 ], [ 106.630092921946229, 10.631111670867474 ], [ 106.630090637558055, 10.631117258194523 ], [ 106.630083968884065, 10.631122288778585 ], [ 106.630068496736087, 10.63114063698352 ], [ 106.630054584942357, 10.631204498419066 ], [ 106.630033346174571, 10.631285392808049 ], [ 106.630012374321382, 10.631370947247342 ], [ 106.629999722593112, 10.631427536046386 ], [ 106.629989087172305, 10.631476069868258 ], [ 106.629957597442612, 10.6315258945419 ], [ 106.629901522716011, 10.631568907182917 ], [ 106.629882396611777, 10.631573810799361 ], [ 106.629847335106049, 10.631582795922608 ], [ 106.629829024114784, 10.631582858473964 ], [ 106.629769800208877, 10.631582860467228 ], [ 106.629710066219602, 10.631597479554557 ], [ 106.629643967417209, 10.631646150413678 ], [ 106.629637232863132, 10.631738831910077 ], [ 106.629652179215483, 10.631978059803776 ], [ 106.629691267735694, 10.632031285237257 ], [ 106.629695716727383, 10.632117222075467 ], [ 106.629693873291259, 10.632189023751245 ], [ 106.629738671311671, 10.632496626769232 ], [ 106.629741623107151, 10.632515018510221 ], [ 106.62976941673152, 10.632671770030591 ], [ 106.629803443296623, 10.632861741234963 ], [ 106.629823685259169, 10.632974760925409 ], [ 106.629827942190985, 10.633020192344009 ], [ 106.629837487415216, 10.633121986479516 ], [ 106.629847440533709, 10.633240877360469 ], [ 106.62984799329891, 10.633264951949075 ], [ 106.629844449805731, 10.633394045863181 ], [ 106.62983916514176, 10.633586644170139 ], [ 106.62983470410947, 10.633749144989677 ], [ 106.629831647292022, 10.633860589635578 ], [ 106.629828600806405, 10.633971569530244 ], [ 106.629825875648862, 10.634070942984247 ], [ 106.629821742127447, 10.634129857132525 ], [ 106.629820042811147, 10.63414735719588 ], [ 106.629809584839407, 10.634231912263797 ], [ 106.629771411984947, 10.634301837728087 ], [ 106.629747402565144, 10.634345819367962 ], [ 106.6295691531611, 10.634674128007635 ], [ 106.629551214730412, 10.634706535715811 ], [ 106.629485937527107, 10.634822474062325 ], [ 106.62942609287839, 10.634929838820751 ], [ 106.629401609630179, 10.634981164038356 ], [ 106.629377101221394, 10.63531841648472 ], [ 106.629432886181561, 10.635732930449741 ], [ 106.629444683206671, 10.635778207886311 ], [ 106.629447398789992, 10.635840762451268 ], [ 106.629514430407028, 10.636338848960776 ], [ 106.63039092239481, 10.636583486108956 ], [ 106.63051403501656, 10.636594496164651 ], [ 106.630609854949157, 10.636644592178314 ], [ 106.630899960776276, 10.636725563146115 ], [ 106.630917800544495, 10.636730158043301 ], [ 106.630928562780738, 10.636733546629083 ], [ 106.631185268753484, 10.636805195421381 ], [ 106.630590176436939, 10.63905300493462 ], [ 106.630571384865789, 10.63906074753435 ], [ 106.630542400572779, 10.639095243306008 ], [ 106.630506533902818, 10.639121927448711 ], [ 106.630388140128062, 10.639208162918997 ], [ 106.630219267690293, 10.63937773301704 ], [ 106.630184648904873, 10.639404322948508 ], [ 106.630144550945232, 10.639421952999133 ], [ 106.630109640312696, 10.639418724278991 ], [ 106.630067861052808, 10.63940786194974 ], [ 106.630029353251032, 10.639382115020439 ], [ 106.629992614734135, 10.639357550466389 ], [ 106.629956670361025, 10.63934622021838 ], [ 106.629923101590805, 10.639348188384316 ], [ 106.62987664050101, 10.639385906673779 ], [ 106.629857416939686, 10.639416257090513 ], [ 106.62989378502219, 10.639532826352852 ], [ 106.629900320305964, 10.639551863043502 ], [ 106.62995637811909, 10.639701575677167 ], [ 106.630001735784205, 10.639822776801527 ], [ 106.63001918811004, 10.639869503849837 ], [ 106.630104089334296, 10.640097159998271 ], [ 106.630113171678886, 10.640120299714111 ], [ 106.630181734842552, 10.640285414257125 ], [ 106.630194203266583, 10.640315242827588 ], [ 106.630177169494573, 10.640336472376623 ], [ 106.63009686423085, 10.640376827561299 ], [ 106.630019876485946, 10.640418886850776 ], [ 106.629971260319209, 10.640445448280428 ], [ 106.629941683080474, 10.640461607848948 ], [ 106.629946717093205, 10.640482596109109 ], [ 106.630056190434786, 10.640938966039439 ], [ 106.629991071777084, 10.641186564895641 ], [ 106.629918612764456, 10.641462141583132 ], [ 106.629899906447321, 10.64166178546358 ], [ 106.62986303724972, 10.642055502173461 ], [ 106.629530979254255, 10.642041411313356 ], [ 106.629499334502526, 10.642039334568349 ], [ 106.629499172150048, 10.642039913119095 ], [ 106.627225613035165, 10.642404215052611 ], [ 106.627209748036464, 10.642373607472127 ], [ 106.627191827476906, 10.64238382256921 ], [ 106.627051036894073, 10.642166772857502 ], [ 106.627000635149315, 10.642082341031873 ], [ 106.626902142886308, 10.641903433669423 ], [ 106.626845461045619, 10.6418004808448 ], [ 106.62678965442295, 10.641713139652046 ], [ 106.62669510345971, 10.641569411224314 ], [ 106.626577294948973, 10.641376664797541 ], [ 106.626499843331132, 10.641254316786529 ], [ 106.626377522692778, 10.641045494679782 ], [ 106.626304333773021, 10.640921050522801 ], [ 106.62627244886113, 10.640851574523664 ], [ 106.626207181707144, 10.640696523163596 ], [ 106.626119032758396, 10.640487104176787 ], [ 106.626090557525856, 10.640419456597108 ], [ 106.625998095450555, 10.640199788648479 ], [ 106.625936923469695, 10.640054465565505 ], [ 106.625888860783348, 10.639940280668943 ], [ 106.62585075109159, 10.639849740129852 ], [ 106.625774801203391, 10.639738831525483 ], [ 106.625640036923997, 10.639712258542346 ], [ 106.625563663644627, 10.639699108590897 ], [ 106.625399047005416, 10.639684244403799 ], [ 106.625254227766789, 10.639687227162554 ], [ 106.625209229765588, 10.639733337992185 ], [ 106.625131584283579, 10.639749183002037 ], [ 106.625063604309062, 10.639763055828759 ], [ 106.625006949594862, 10.639774615175504 ], [ 106.62490043375125, 10.639799157826634 ], [ 106.624796198135883, 10.639823173302851 ], [ 106.624676922651133, 10.639850656069825 ], [ 106.624525723477532, 10.639885492529519 ], [ 106.624466040419861, 10.639776303819982 ], [ 106.624399802177408, 10.639655126565263 ], [ 106.624386779338067, 10.639631300038758 ], [ 106.624233932693031, 10.639519082370256 ], [ 106.624187758000545, 10.639475865006085 ], [ 106.624129288973066, 10.639452691520079 ], [ 106.624109281029988, 10.639453762507571 ], [ 106.62409019682724, 10.639454784409876 ], [ 106.623936602070359, 10.639534657171865 ], [ 106.623862323573675, 10.63957849380553 ], [ 106.623763933939358, 10.639660279359626 ], [ 106.623658111680683, 10.639759790839317 ], [ 106.623588700752578, 10.639824179132434 ], [ 106.623534076138938, 10.639876048880488 ], [ 106.623457770188011, 10.639940237787593 ], [ 106.623436988830903, 10.639955959779765 ], [ 106.623361531136169, 10.640002383578267 ], [ 106.623212777357338, 10.640088529730599 ], [ 106.623094812579325, 10.640151342114375 ], [ 106.623075383171354, 10.640163310571371 ], [ 106.623038383829723, 10.640196846447353 ], [ 106.622937368517412, 10.640312773601854 ], [ 106.622863557946829, 10.640387432318553 ], [ 106.622766537708472, 10.640445700778024 ], [ 106.622740985389811, 10.640458299407701 ], [ 106.622623099269148, 10.640512010742897 ], [ 106.62253455482724, 10.64055211384825 ], [ 106.622431446381924, 10.640590456999172 ], [ 106.622269592221741, 10.640650649248386 ], [ 106.622199704431864, 10.640663833417843 ], [ 106.622176956936272, 10.640668125248663 ], [ 106.622117277818916, 10.640660880367653 ], [ 106.622092232558742, 10.640671897798754 ], [ 106.622024645024311, 10.640690760329658 ], [ 106.621966807017984, 10.640728028366182 ], [ 106.621927825311772, 10.640743101263325 ], [ 106.621866403463045, 10.640760963598467 ], [ 106.621790277690664, 10.640777912906314 ], [ 106.621692654974339, 10.640796962358317 ], [ 106.621602962691327, 10.640813780175845 ], [ 106.621576036845397, 10.640819678431894 ], [ 106.62149227187173, 10.640842787820246 ], [ 106.621460485601105, 10.640852832916334 ], [ 106.621339992464513, 10.640900838975528 ], [ 106.621264662853832, 10.640933391236947 ], [ 106.621206811064567, 10.640958393525725 ], [ 106.62123295524465, 10.641082690945828 ], [ 106.621245196836455, 10.641126643847871 ], [ 106.621242356542112, 10.641127387224781 ], [ 106.621320631778289, 10.641499529866316 ], [ 106.621407557756427, 10.641472164905284 ], [ 106.621414977794885, 10.64149302351275 ], [ 106.621423952776198, 10.641518263402537 ], [ 106.621690316035028, 10.64142825858959 ], [ 106.62192776869577, 10.641817445932023 ], [ 106.622276354850371, 10.641675040442411 ], [ 106.622510255296987, 10.642579437989495 ], [ 106.62232690065126, 10.642628302319865 ], [ 106.622174520180693, 10.642668913840655 ], [ 106.622165365396938, 10.642694902056501 ], [ 106.622141760755639, 10.642763720017083 ], [ 106.622132503860996, 10.642783880139218 ], [ 106.622128952287113, 10.642887771299188 ], [ 106.622131092379419, 10.643046882411541 ], [ 106.622124812587586, 10.643194490144046 ], [ 106.621868668632132, 10.643233456894039 ], [ 106.621692177694072, 10.643265973946852 ], [ 106.621867950828715, 10.644101654987681 ], [ 106.621948287415037, 10.644089432003074 ], [ 106.622031673240855, 10.644076742083467 ], [ 106.622186931814909, 10.644063310447137 ], [ 106.62230739622288, 10.644052886777491 ], [ 106.622357775557361, 10.644083117137235 ], [ 106.622428673592026, 10.644125663384514 ], [ 106.622476452332521, 10.6441312835886 ], [ 106.622586479475885, 10.644125558102646 ], [ 106.622724771308967, 10.644118360878924 ], [ 106.622862029421285, 10.644111160809945 ], [ 106.62296426240276, 10.644118070315571 ], [ 106.623232292503218, 10.644121173078284 ], [ 106.623266049800279, 10.644121544338152 ], [ 106.623371548055047, 10.644122697686376 ], [ 106.62340936951702, 10.644301065280809 ], [ 106.623416972304582, 10.644347775091468 ], [ 106.62434933118864, 10.644490854649078 ], [ 106.624242269944574, 10.644993477688404 ], [ 106.624407343758534, 10.644893587331353 ], [ 106.624458558765909, 10.644983696631158 ], [ 106.624463690012831, 10.645053804175399 ], [ 106.624468537440848, 10.645120022022315 ], [ 106.624451331866481, 10.645212819345499 ], [ 106.624436695287457, 10.645287641963584 ], [ 106.624366150130285, 10.645512681816886 ], [ 106.62427408365663, 10.645601893659073 ], [ 106.624169898031653, 10.645705963581117 ], [ 106.624096819021872, 10.645789640748522 ], [ 106.624066481429637, 10.64581874755404 ], [ 106.623952601804007, 10.646353381486255 ], [ 106.624089242688854, 10.646526644991107 ], [ 106.624100267329126, 10.646535168500067 ], [ 106.624165382488471, 10.64659012288779 ], [ 106.624327910718407, 10.646736270679666 ], [ 106.624383338321081, 10.64678613009132 ], [ 106.624498592334064, 10.646890818414008 ], [ 106.624643950940467, 10.646995026053448 ], [ 106.624881248813011, 10.647182414292759 ], [ 106.624827679361204, 10.647308700199181 ], [ 106.624781242507211, 10.647404112711696 ], [ 106.624799464294085, 10.647427217869678 ], [ 106.624765479948223, 10.647436498169766 ], [ 106.62476499172061, 10.64743750151923 ], [ 106.624718183133581, 10.6474594864587 ], [ 106.624660428647346, 10.647486612694182 ], [ 106.624603437088666, 10.647480747743401 ], [ 106.624090971766705, 10.647620685236017 ], [ 106.62409034961091, 10.647664563545886 ], [ 106.623977343109374, 10.647687627382295 ], [ 106.623845755253754, 10.647713571135101 ], [ 106.623664650694579, 10.647749274205998 ], [ 106.623457458029463, 10.647793678509773 ], [ 106.623400934712564, 10.64780911380317 ], [ 106.623365368557245, 10.647824335647856 ], [ 106.623337549844251, 10.647837084470156 ], [ 106.623152040936844, 10.647896317117418 ], [ 106.622852812101272, 10.647983412068992 ], [ 106.622767595966081, 10.64798755017018 ], [ 106.622743825164235, 10.647988550227744 ], [ 106.622531976201202, 10.648046400079309 ], [ 106.62235282783854, 10.648158593052933 ], [ 106.622339782562747, 10.648197261295163 ], [ 106.622329150381574, 10.648219385896928 ], [ 106.622341201347112, 10.648266065470413 ], [ 106.622361060620491, 10.648371687855883 ], [ 106.6222864532659, 10.648399741757178 ], [ 106.622147708279627, 10.648451912278295 ], [ 106.621880563364684, 10.64851581152821 ], [ 106.621609452227858, 10.648573079755016 ], [ 106.621369314099766, 10.648647522379564 ], [ 106.621258599124786, 10.648695816353303 ], [ 106.62123499478858, 10.648703940520386 ], [ 106.621149412328194, 10.648716809027988 ], [ 106.621069435381415, 10.648728833934481 ], [ 106.620975312192982, 10.648742987887614 ], [ 106.620832201527591, 10.648768519958683 ], [ 106.620707883327086, 10.648779917973025 ], [ 106.62059410536817, 10.648806585634173 ], [ 106.620535075713605, 10.648821537077209 ], [ 106.620501777894887, 10.648829005236964 ], [ 106.6204341548749, 10.648840643339701 ], [ 106.620347742039257, 10.648855514860434 ], [ 106.62025716707852, 10.64887110402481 ], [ 106.619866510890091, 10.648909054836025 ], [ 106.61964611011264, 10.648920515188355 ], [ 106.619469842146856, 10.64893899985009 ], [ 106.619207037355864, 10.648980234459732 ], [ 106.619014297277758, 10.649006967871797 ], [ 106.618974400281829, 10.649017863905827 ], [ 106.618974395078311, 10.649036782789945 ], [ 106.618984876563104, 10.649156031527419 ], [ 106.619031641649727, 10.649605409716902 ], [ 106.617345544911387, 10.650178567630551 ], [ 106.617788051343055, 10.651672976257645 ], [ 106.617520695387356, 10.651817522225521 ], [ 106.617519776646574, 10.651882087625218 ], [ 106.617429409697792, 10.651896088373491 ], [ 106.617341945122661, 10.651914163285065 ], [ 106.617178004786894, 10.652002798076772 ], [ 106.617167895197895, 10.652019259399612 ], [ 106.617132540212992, 10.652027377972281 ], [ 106.616849634379022, 10.652180330345548 ], [ 106.616758082637475, 10.653314250023527 ], [ 106.615806313450747, 10.653348843467015 ], [ 106.616051166246535, 10.653481059297194 ], [ 106.615975434324923, 10.653603883914329 ], [ 106.615868019751815, 10.65379085496669 ], [ 106.615739612357913, 10.654005891315576 ], [ 106.615603051964015, 10.653916851797103 ], [ 106.615575527397624, 10.654112475024998 ], [ 106.614202234476807, 10.653848307792343 ], [ 106.614136834207628, 10.653907763007195 ], [ 106.614084690054881, 10.653994552728751 ], [ 106.614022015403904, 10.654094467079222 ], [ 106.613945197767805, 10.654226700326539 ], [ 106.613848564943879, 10.654169825011616 ], [ 106.613352723019716, 10.654620591973657 ], [ 106.613345520901632, 10.654633818784024 ], [ 106.613325287951724, 10.654706246265475 ], [ 106.61318200327743, 10.654809180427504 ], [ 106.613099642804983, 10.654855679595197 ], [ 106.613085084960758, 10.654863898586393 ], [ 106.612524654910899, 10.655373380394096 ], [ 106.612509574115336, 10.655407109943235 ], [ 106.612482188763352, 10.655475866574202 ], [ 106.612478196420909, 10.655494972390153 ], [ 106.612468883026253, 10.655567444879988 ], [ 106.612417873334394, 10.655597267535162 ], [ 106.612197657204504, 10.65573611810399 ], [ 106.612116822456855, 10.655784829647493 ], [ 106.611984565498588, 10.655864371237467 ], [ 106.611197813515076, 10.656579601038279 ], [ 106.611184373397265, 10.656704270510632 ], [ 106.610904334143044, 10.65684639990763 ], [ 106.610845302912622, 10.656900065516664 ], [ 106.609208011615436, 10.657276552903459 ], [ 106.609194514213272, 10.657286419869049 ], [ 106.609121968863647, 10.657338846446896 ], [ 106.609164807622321, 10.657471643762626 ], [ 106.608947735525547, 10.657521420030251 ], [ 106.608697084978317, 10.657573196751473 ], [ 106.608412947519156, 10.657633795624413 ], [ 106.608113722646067, 10.657731008650002 ], [ 106.608041488835795, 10.657755262038233 ], [ 106.607991809709418, 10.65776953507082 ], [ 106.607840586971321, 10.657804879499489 ], [ 106.607677226046277, 10.657846821840925 ], [ 106.607557478758153, 10.657882305578585 ], [ 106.607383190421999, 10.657951880381329 ], [ 106.606979350881943, 10.658097179110598 ], [ 106.606777709113871, 10.658073963668896 ], [ 106.606736304601611, 10.658069110552615 ], [ 106.606480484449321, 10.658041624483278 ], [ 106.606228608024722, 10.658062201918549 ], [ 106.606044019790247, 10.658073488934409 ], [ 106.605908717925601, 10.658080982627601 ], [ 106.605624100860709, 10.658484704986583 ], [ 106.605627381115283, 10.658513973409095 ], [ 106.605606061011642, 10.658587931441494 ], [ 106.605576666270906, 10.65862487589917 ], [ 106.605505231126926, 10.658677088131299 ], [ 106.605472298874986, 10.658700031921109 ], [ 106.605430323253117, 10.658759572590345 ], [ 106.605420800572787, 10.658773079691505 ], [ 106.605366611153315, 10.658665760144123 ], [ 106.605312617465287, 10.658599965288117 ], [ 106.605294775970748, 10.658578692246849 ], [ 106.605210147016479, 10.658483177926865 ], [ 106.60513728380063, 10.658402590337012 ], [ 106.605102032479365, 10.658363571576537 ], [ 106.605077096561232, 10.658338829737588 ], [ 106.60500442259621, 10.658264169248415 ], [ 106.604896794511021, 10.658152594950057 ], [ 106.604881174894857, 10.658137924803588 ], [ 106.604782173978364, 10.658051597220688 ], [ 106.604727351626494, 10.658001350482253 ], [ 106.604703962627823, 10.657983306305816 ], [ 106.604626166826833, 10.657938676869463 ], [ 106.60461422768185, 10.657849622882102 ], [ 106.604609678889204, 10.657833963862204 ], [ 106.604599741283238, 10.657781348879002 ], [ 106.604590968096161, 10.657714593394887 ], [ 106.604584541813281, 10.65768879107312 ], [ 106.60455323439767, 10.657607330335694 ], [ 106.604526467838838, 10.657558509261959 ], [ 106.604471059098302, 10.657488419798053 ], [ 106.604399010166802, 10.657370730297382 ], [ 106.604353309412318, 10.657294053586609 ], [ 106.604306659346491, 10.657210456404485 ], [ 106.604228871746017, 10.657057731137209 ], [ 106.604221063482086, 10.657040296901085 ], [ 106.604182289304106, 10.656949505276392 ], [ 106.604144255394516, 10.656860439373961 ], [ 106.604103701354234, 10.656768360386206 ], [ 106.604097473194429, 10.656750358418366 ], [ 106.604036852652484, 10.656549613908147 ], [ 106.604008014235433, 10.656458545322955 ], [ 106.603995198831385, 10.656399688736879 ], [ 106.603986274724051, 10.656358709574972 ], [ 106.603953668776356, 10.656208972201945 ], [ 106.603923425423673, 10.656073522704736 ], [ 106.603917105282861, 10.656047198150629 ], [ 106.603894556252556, 10.655963291167884 ], [ 106.603844001573506, 10.655842260138435 ], [ 106.603812124708895, 10.655765947355144 ], [ 106.603729525040961, 10.655607530854189 ], [ 106.603662942928537, 10.655520452675908 ], [ 106.603603055333167, 10.65544199233638 ], [ 106.603583764162565, 10.65541662833523 ], [ 106.603526981856874, 10.65534155868442 ], [ 106.60348208985944, 10.655282210834493 ], [ 106.603445308175267, 10.655233583735669 ], [ 106.603366306394562, 10.655039013093784 ], [ 106.603327294332274, 10.654951732176594 ], [ 106.603267662469236, 10.654845246355178 ], [ 106.603236818600166, 10.654788479132652 ], [ 106.603190534089336, 10.654706998087082 ], [ 106.603142180119377, 10.654584076902374 ], [ 106.60306762242341, 10.654394535434156 ], [ 106.603038651478016, 10.654308598973154 ], [ 106.602973421882098, 10.65411217931487 ], [ 106.60296368821021, 10.654036253010929 ], [ 106.602951769785648, 10.653983158931895 ], [ 106.602932343709426, 10.653887066773787 ], [ 106.602918112912931, 10.65381667933519 ], [ 106.602545503076797, 10.65307875083278 ], [ 106.602542225375259, 10.653075933279132 ], [ 106.602465596571946, 10.653029742067147 ], [ 106.602352720543763, 10.652961704482788 ], [ 106.602264747870052, 10.652884683895303 ], [ 106.602245317010713, 10.652869608130505 ], [ 106.602220891397266, 10.652838317734776 ], [ 106.602186545568728, 10.652794320457012 ], [ 106.602172717551497, 10.652690084449585 ], [ 106.602153887852865, 10.65263894052392 ], [ 106.602135034428414, 10.652600566093104 ], [ 106.602112000744285, 10.65255369108311 ], [ 106.602081453973739, 10.652511526837097 ], [ 106.602022125820682, 10.652453161115723 ], [ 106.601965404916527, 10.652381778509552 ], [ 106.60190982319611, 10.652271809800475 ], [ 106.601888414538124, 10.65220952255685 ], [ 106.601872860406402, 10.652179661324958 ], [ 106.60184528556448, 10.652027058011573 ], [ 106.601826781549519, 10.651889730837482 ], [ 106.601821975975213, 10.651704909531711 ], [ 106.601818428015804, 10.651638830500872 ], [ 106.601534160465192, 10.651075858164372 ], [ 106.601507131777169, 10.651053439269797 ], [ 106.601487488194309, 10.651039427733233 ], [ 106.60128602287962, 10.650965644933436 ], [ 106.601277794730137, 10.650964168117252 ], [ 106.601194251624364, 10.65095424056598 ], [ 106.601125894280656, 10.650946374459895 ], [ 106.601074588512461, 10.650933464062515 ], [ 106.600941212725175, 10.650880646979367 ], [ 106.600829396898391, 10.650829540505759 ], [ 106.600764664364462, 10.650781749205006 ], [ 106.600756232009473, 10.650771621264012 ], [ 106.600652430836902, 10.65073360569199 ], [ 106.600294793178236, 10.651392661104703 ], [ 106.600294500926779, 10.651396205731938 ], [ 106.600291723393738, 10.651434037160856 ], [ 106.600341336713242, 10.651509480574182 ], [ 106.60036203556642, 10.651542499836399 ], [ 106.600387448793427, 10.651583394962508 ], [ 106.600392671786182, 10.651613412139966 ], [ 106.600369162239673, 10.651668764994984 ], [ 106.600351892942797, 10.651739428400514 ], [ 106.600354051990479, 10.651782353574387 ], [ 106.600355006729373, 10.651806787190957 ], [ 106.600355203610832, 10.651824013646364 ], [ 106.600354209060015, 10.651927269578797 ], [ 106.600341441291562, 10.651982200495862 ], [ 106.600304665948784, 10.652041394799745 ], [ 106.600223477788475, 10.652118451192795 ], [ 106.600127001160729, 10.65218534773545 ], [ 106.600076703954002, 10.652219651840195 ], [ 106.600004940205835, 10.652263327100028 ], [ 106.599914012546009, 10.652266528216012 ], [ 106.599828607531578, 10.652251749457909 ], [ 106.599645351834269, 10.652589454956754 ], [ 106.59841004045704, 10.652934000914241 ], [ 106.598265166700216, 10.653015578677577 ], [ 106.598096160798107, 10.653040413012214 ], [ 106.597989589793954, 10.653056073153063 ], [ 106.59797396035566, 10.653056937642528 ], [ 106.597914944785217, 10.653072091146345 ], [ 106.597520033509852, 10.653182236820069 ], [ 106.597523051662776, 10.653235213902834 ], [ 106.597525259209036, 10.653275236762299 ], [ 106.59751868677489, 10.653390985983531 ], [ 106.59710942407952, 10.653462354648408 ], [ 106.597039320017117, 10.653487387511978 ], [ 106.596981734294786, 10.653513161176212 ], [ 106.596920016910815, 10.653527813858226 ], [ 106.596892981127056, 10.653532616819179 ], [ 106.596861276704857, 10.653536557569579 ], [ 106.596750051957017, 10.653546376197379 ], [ 106.596558142709156, 10.65355247889608 ], [ 106.596534362677602, 10.653552913832215 ], [ 106.596469060372257, 10.653553147243532 ], [ 106.596401213263363, 10.653562812451936 ], [ 106.596295452120017, 10.653608906022608 ], [ 106.596226859782846, 10.653625709191555 ], [ 106.596132278515427, 10.653638610726704 ], [ 106.596061120572898, 10.653632953894977 ], [ 106.595978599497371, 10.653664802484679 ], [ 106.595920958228362, 10.653680289482111 ], [ 106.595861114313649, 10.653690706689373 ], [ 106.595788829304297, 10.653703287482172 ], [ 106.595708194227058, 10.653717322090424 ], [ 106.595599257136016, 10.653736282612225 ], [ 106.595541267312697, 10.653746449826937 ], [ 106.595522359540112, 10.653749819869214 ], [ 106.595465316122883, 10.653755327977075 ], [ 106.595357630329232, 10.653785362612483 ], [ 106.595359828439754, 10.653765511087673 ], [ 106.595275368685463, 10.653773666765911 ], [ 106.595255234288572, 10.6537306784195 ], [ 106.59524612161843, 10.653678165364173 ], [ 106.595249249554982, 10.653609204174845 ], [ 106.595256242820966, 10.653520580965271 ], [ 106.59526687757733, 10.653439353678595 ], [ 106.595277196420142, 10.653371534801915 ], [ 106.595288146932077, 10.653303559012132 ], [ 106.595299516744305, 10.653195507147188 ], [ 106.595327988332429, 10.653109213787106 ], [ 106.595352673949648, 10.652969510502896 ], [ 106.595387361595812, 10.652884792959235 ], [ 106.5954650795492, 10.652738481861503 ], [ 106.595476247320534, 10.652714004512285 ], [ 106.595507496442593, 10.652431766410443 ], [ 106.595501152760008, 10.652377410274418 ], [ 106.595494682845541, 10.652321980717817 ], [ 106.595500237803364, 10.652277147365186 ], [ 106.595515962806786, 10.652192106905316 ], [ 106.595543091950347, 10.652110266710888 ], [ 106.595654953643688, 10.651099925025282 ], [ 106.595643479018676, 10.651098629138279 ], [ 106.595541792627003, 10.651084753882229 ], [ 106.595525361877307, 10.651081615375487 ], [ 106.594912440585318, 10.651021409140363 ], [ 106.594925334209577, 10.650937601822863 ], [ 106.594926374049294, 10.650930871880345 ], [ 106.593056660820153, 10.650424402061249 ], [ 106.593050238379817, 10.650423558650546 ], [ 106.592943905661116, 10.650402507727057 ], [ 106.592763131188065, 10.650366719667892 ], [ 106.592510192519299, 10.650298396504885 ], [ 106.592413969617667, 10.650268213274035 ], [ 106.592353857928245, 10.650250574324431 ], [ 106.592250239632122, 10.650222971844414 ], [ 106.591775402144918, 10.650087601502953 ], [ 106.5917358605288, 10.650177283390891 ], [ 106.591725344890577, 10.65026033906689 ], [ 106.591712159890633, 10.650364773878087 ], [ 106.59170538263389, 10.650418462732915 ], [ 106.591677173410702, 10.650641894013171 ], [ 106.591656610612759, 10.650804765421237 ], [ 106.591605617479772, 10.651209013023596 ], [ 106.59129749403958, 10.651171527722193 ], [ 106.590459560684451, 10.653072013705106 ], [ 106.590440934096293, 10.653070400448957 ], [ 106.590440887709534, 10.653070620379673 ], [ 106.590237771964283, 10.653066771359141 ], [ 106.590057564042823, 10.653055739505966 ], [ 106.589944831879137, 10.653053785719383 ], [ 106.589844969947379, 10.653037946560156 ], [ 106.589690912480222, 10.653013512344769 ], [ 106.58957879010805, 10.65299572822863 ], [ 106.588490859455504, 10.652901501226708 ], [ 106.58840141533436, 10.652896410898613 ], [ 106.588296106447885, 10.652888063067325 ], [ 106.588203685118941, 10.652876917675538 ], [ 106.588195165865812, 10.652875890421612 ], [ 106.587453579153461, 10.652811659808636 ], [ 106.587294518327596, 10.652853532673147 ], [ 106.587282026981697, 10.652879008323165 ], [ 106.587275050260814, 10.652909159138847 ], [ 106.587273839119518, 10.652932790227325 ], [ 106.587260121336172, 10.653041064748079 ], [ 106.587236773036707, 10.653133522078145 ], [ 106.587142877433564, 10.653152398052743 ], [ 106.587001630252487, 10.653160549035448 ], [ 106.586907011006005, 10.653169241245642 ], [ 106.586887125458148, 10.653170206310076 ], [ 106.586860039780305, 10.653172658926588 ], [ 106.586833438281531, 10.653175064787133 ], [ 106.586813771550297, 10.653175042368726 ], [ 106.586789405913976, 10.653174311435494 ], [ 106.586440220727212, 10.65316422028325 ], [ 106.586400361600667, 10.653162742351814 ], [ 106.586367069922659, 10.653153382686595 ], [ 106.586194029181726, 10.653197407975535 ], [ 106.585987720161654, 10.653243495715342 ], [ 106.585832350249845, 10.653279672378437 ], [ 106.585561815620025, 10.653347451557163 ], [ 106.585326967165074, 10.653406027002582 ], [ 106.585106539453335, 10.65346100693967 ], [ 106.584984422251438, 10.653493403053405 ], [ 106.584722565449852, 10.653557435363703 ], [ 106.584512169192834, 10.653628778051543 ], [ 106.58449446550857, 10.653632431567088 ], [ 106.584372001273167, 10.653641048729565 ], [ 106.584290969064966, 10.653644213409422 ], [ 106.584142423115694, 10.653683317499654 ], [ 106.583326076734025, 10.655404700410179 ], [ 106.583282943370719, 10.655413144878635 ], [ 106.583289732867499, 10.655542840507168 ], [ 106.583304719137914, 10.655774572800293 ], [ 106.583312314085433, 10.65589174259105 ], [ 106.583290985807579, 10.655949268800917 ], [ 106.583234097700625, 10.6559545913519 ], [ 106.583093633971401, 10.655968216540719 ], [ 106.58295811611741, 10.655969313890875 ], [ 106.582892340947907, 10.655971257485211 ], [ 106.582548037862153, 10.65599043956747 ], [ 106.58238424825204, 10.65600014100654 ], [ 106.582350651404411, 10.656001471640529 ], [ 106.582290662397611, 10.656002800919651 ], [ 106.582210594494768, 10.655988940620629 ], [ 106.582097369978356, 10.655979888558146 ], [ 106.582080789055269, 10.655979042916462 ], [ 106.582011219037099, 10.65597730231084 ], [ 106.581817987060532, 10.655973707344776 ], [ 106.581733782097885, 10.655972724102785 ], [ 106.58148985712576, 10.655971445428751 ], [ 106.581214535370478, 10.655969741055786 ], [ 106.581114165743742, 10.655969230744459 ], [ 106.580696566473691, 10.655967850079698 ], [ 106.580660939854482, 10.656037622050905 ], [ 106.580618456574285, 10.656096112019686 ], [ 106.58057252147826, 10.656126692685268 ], [ 106.580515138984666, 10.65613454330162 ], [ 106.580038672053888, 10.656129052327724 ], [ 106.579851986181183, 10.656126554155165 ], [ 106.579752382587074, 10.656104810385759 ], [ 106.579716258971828, 10.656050406703859 ], [ 106.579716537487215, 10.656043442827546 ], [ 106.578010921319347, 10.653405065351008 ], [ 106.578008433726055, 10.65340282305719 ], [ 106.577927837713048, 10.653333470510635 ], [ 106.577915393461637, 10.65330097744679 ], [ 106.577908394084716, 10.653282711001086 ], [ 106.577923223061276, 10.653218294175236 ], [ 106.577930142137831, 10.653196822191395 ], [ 106.578031276629929, 10.651869429465618 ], [ 106.579544893033798, 10.651869429793464 ], [ 106.579537762124943, 10.651845690633852 ], [ 106.579489749349449, 10.651685840129032 ], [ 106.579485166822082, 10.651670995310527 ], [ 106.579467499128526, 10.651591703509775 ], [ 106.579429837566977, 10.651438071630738 ], [ 106.579396997099536, 10.651265576702647 ], [ 106.57941303188359, 10.651180699417484 ], [ 106.579456986407052, 10.651091166295645 ], [ 106.579468341153216, 10.651019349727413 ], [ 106.579407940407705, 10.65044123092729 ], [ 106.579379104999248, 10.650335030617052 ], [ 106.579370571668704, 10.650319726535423 ], [ 106.577128402045076, 10.648942547362541 ], [ 106.577108962225495, 10.648938271166957 ], [ 106.577021945584704, 10.648919129010469 ], [ 106.576966054607738, 10.648906831541623 ], [ 106.57694466940292, 10.648958807449544 ], [ 106.576889640078235, 10.649092537858481 ], [ 106.576858950831891, 10.649173213361063 ], [ 106.57683271286318, 10.649242185474476 ], [ 106.576790780554191, 10.649245561752933 ], [ 106.576737083918303, 10.649241774361602 ], [ 106.576699202666902, 10.649266522181358 ], [ 106.576683634054774, 10.649316006942835 ], [ 106.576657724337679, 10.649398342724883 ], [ 106.576640822961522, 10.649452064481851 ], [ 106.576621650816676, 10.649512996118956 ], [ 106.576601711576473, 10.649576368168518 ], [ 106.576591914621687, 10.649607505891034 ], [ 106.576545482920238, 10.649604714402729 ], [ 106.576488128678861, 10.649602047480512 ], [ 106.576344568028418, 10.649595821758442 ], [ 106.576307966892742, 10.649596865699529 ], [ 106.576261078540469, 10.649601075114662 ], [ 106.576167079847806, 10.649567917224882 ], [ 106.575890112561055, 10.649470020144253 ], [ 106.575575373467132, 10.649639047134462 ], [ 106.575575208824432, 10.649639378863595 ], [ 106.575574919543968, 10.649639289908114 ], [ 106.575154993991887, 10.649864805742391 ], [ 106.574129475582467, 10.649835266631204 ], [ 106.574128467682328, 10.649846527767872 ], [ 106.574096754332601, 10.649845929459767 ], [ 106.573826093411839, 10.649840719936451 ], [ 106.573650517738841, 10.64984319033581 ], [ 106.573518416105372, 10.649841504036228 ], [ 106.573491733731515, 10.649838299187568 ], [ 106.573408867176298, 10.649819295215686 ], [ 106.573408368179756, 10.649814496032986 ], [ 106.573400234210254, 10.6498142611287 ], [ 106.57352230540954, 10.654158246039101 ], [ 106.571508388119142, 10.655218903741964 ], [ 106.571515177348914, 10.655232610230158 ], [ 106.571446882199538, 10.655273269606782 ], [ 106.57131851256915, 10.655341411360791 ], [ 106.571189014172006, 10.655409930319353 ], [ 106.57111278815384, 10.655450261454941 ], [ 106.570973975948917, 10.655548219459748 ], [ 106.570866344056995, 10.655624173351477 ], [ 106.570754034418925, 10.655703207449816 ], [ 106.570583145196451, 10.65581039346058 ], [ 106.570384091801529, 10.655941399103707 ], [ 106.570270278057933, 10.656013421143518 ], [ 106.570059215135515, 10.656144259003611 ], [ 106.569981787774637, 10.656188164427714 ], [ 106.569799357763486, 10.656291287039531 ], [ 106.569721671569511, 10.656321617685737 ], [ 106.569645821725189, 10.656350897582151 ], [ 106.569376255192225, 10.656427617530779 ], [ 106.569279585625907, 10.656450634088385 ], [ 106.5692097053156, 10.656467273531083 ], [ 106.569166989912816, 10.65648663289484 ], [ 106.569195991804762, 10.656686324351998 ], [ 106.569252565142662, 10.656950417073515 ], [ 106.569235497920019, 10.65697813654328 ], [ 106.569210386581133, 10.657018920846699 ], [ 106.56918922477125, 10.657053289724905 ], [ 106.569178613053595, 10.657073291957802 ], [ 106.569180822402615, 10.657100981723849 ], [ 106.569194736167333, 10.657198333704814 ], [ 106.569258735840833, 10.657630455754488 ], [ 106.56895955741615, 10.657496424503094 ], [ 106.568923717097135, 10.657498998165073 ], [ 106.568819034540681, 10.657494117969124 ], [ 106.568604606548675, 10.657489872555153 ], [ 106.568378337604926, 10.657487817280362 ], [ 106.568119687281509, 10.657485717884231 ], [ 106.5676758104415, 10.657482115509834 ], [ 106.567382736456238, 10.657479736709227 ], [ 106.567069040272528, 10.657477190520323 ], [ 106.566844670116538, 10.657475589339615 ], [ 106.566774420335719, 10.657476725642827 ], [ 106.566729503373182, 10.657486026714105 ], [ 106.566634800244657, 10.657504950652516 ], [ 106.56654446513096, 10.657533150524154 ], [ 106.566331561139222, 10.657595688490515 ], [ 106.566124969292588, 10.657658939732638 ], [ 106.566043643511946, 10.657682648921933 ], [ 106.565991749394058, 10.65769707038387 ], [ 106.565945954899476, 10.657701723214215 ], [ 106.565915530008368, 10.657704818244747 ], [ 106.565807532609426, 10.657706293208285 ], [ 106.565718812050036, 10.657710101067067 ], [ 106.565664678248226, 10.657717311684804 ], [ 106.565586975448795, 10.657733837610754 ], [ 106.565462173691031, 10.657767156800253 ], [ 106.565392028006499, 10.657779027629349 ], [ 106.565327368246926, 10.657823443221076 ], [ 106.565032927440683, 10.657985531309155 ], [ 106.564970327742486, 10.658013655409754 ], [ 106.564936296794613, 10.658020296195248 ], [ 106.564868928118727, 10.658013794269419 ], [ 106.564743866421495, 10.657998238547966 ], [ 106.564510767679707, 10.657970699889361 ], [ 106.564290881208663, 10.657944949359912 ], [ 106.563938156732533, 10.657908692018408 ], [ 106.563348729515468, 10.657841294480617 ], [ 106.563345604951579, 10.657804496686648 ], [ 106.563245191078693, 10.656621974115742 ], [ 106.56318490867163, 10.65591205885271 ], [ 106.563127107466954, 10.655231355461368 ], [ 106.563105608864205, 10.654978192722549 ], [ 106.563068370289244, 10.654539624761194 ], [ 106.563000908234571, 10.653694278290773 ], [ 106.562962200059602, 10.653209564742417 ], [ 106.562946295604206, 10.65321123533203 ], [ 106.562903209519092, 10.653216354198511 ], [ 106.562656124256065, 10.653245937976195 ], [ 106.562417122847421, 10.653274163957514 ], [ 106.562385116345311, 10.653278194093144 ], [ 106.562332948056053, 10.652885171449627 ], [ 106.56227424253747, 10.652381429182428 ], [ 106.562258463067678, 10.652384840418353 ], [ 106.56187510048899, 10.652427409835388 ], [ 106.561649500808983, 10.651591326854689 ], [ 106.559041714029078, 10.651855122768138 ], [ 106.559042160367341, 10.651849970746262 ], [ 106.559027127576357, 10.651854453089118 ], [ 106.55900370007268, 10.651747435565596 ], [ 106.558985903359542, 10.65161139707145 ], [ 106.558918607040937, 10.651319803530891 ], [ 106.558766524320774, 10.650722391324244 ], [ 106.55877042028979, 10.650670536692644 ], [ 106.558771293503895, 10.650630699139647 ], [ 106.558775095459865, 10.65060906751174 ], [ 106.558805021827411, 10.65054416727456 ], [ 106.558932236950454, 10.650368378667766 ], [ 106.559063366322547, 10.65015802457062 ], [ 106.559159599620358, 10.649962387583537 ], [ 106.559194407930221, 10.649914453035009 ], [ 106.558912388796699, 10.649575978505903 ], [ 106.558837267816685, 10.649485404368626 ], [ 106.558762994913536, 10.649388146434276 ], [ 106.558724116469733, 10.649326949070396 ], [ 106.558643704421428, 10.649138566701295 ], [ 106.558613126369906, 10.649058904102072 ], [ 106.558587431083296, 10.648927308720292 ], [ 106.558577072422054, 10.6488508410149 ], [ 106.558550182997948, 10.64874557920602 ], [ 106.558547501553349, 10.648689167125204 ], [ 106.558540907768318, 10.648634111679852 ], [ 106.558449225717453, 10.64861731547243 ], [ 106.558210985184203, 10.648590957499817 ], [ 106.55810566680789, 10.648588660381174 ], [ 106.558028044243258, 10.648581994291622 ], [ 106.557937064413281, 10.648570282761289 ], [ 106.557884940749702, 10.648575324643085 ], [ 106.557876017941823, 10.648612856974824 ], [ 106.557873004446108, 10.648683185408517 ], [ 106.55783312254492, 10.64889466579605 ], [ 106.557776777470053, 10.649166746368369 ], [ 106.557721621583809, 10.649353945996525 ], [ 106.55767087193729, 10.649489132029654 ], [ 106.557640004284337, 10.649637027730879 ], [ 106.55762950395642, 10.649745997029296 ], [ 106.557515392959914, 10.650129698548666 ], [ 106.55745480039019, 10.650384558870551 ], [ 106.557398375140124, 10.650400406309423 ], [ 106.557367059600651, 10.650414295390672 ], [ 106.557266068991083, 10.650504058257924 ], [ 106.557200429796126, 10.650562949081809 ], [ 106.557188129866333, 10.650572460868672 ], [ 106.557174723266002, 10.650580391444217 ], [ 106.557089256784167, 10.650622792202883 ], [ 106.557011230717208, 10.650645839672647 ], [ 106.556987671766976, 10.650649182616412 ], [ 106.556963948253113, 10.650652157499762 ], [ 106.556804807167879, 10.650689883004226 ], [ 106.556784507709153, 10.650694694283818 ], [ 106.556765533257931, 10.650696566047859 ], [ 106.55656327580364, 10.650716515713748 ], [ 106.556434127956138, 10.650682623984704 ], [ 106.55637715954245, 10.650807902829763 ], [ 106.556328033219344, 10.650854496949711 ], [ 106.556335367091151, 10.650931880307265 ], [ 106.556025581370434, 10.650919539208886 ], [ 106.555844864256713, 10.650910162436622 ], [ 106.55560082884557, 10.650905413473374 ], [ 106.555583590141723, 10.650989610201716 ], [ 106.555581056466195, 10.651107573834539 ], [ 106.555570940799825, 10.651317877478942 ], [ 106.55555937084246, 10.651405328881955 ], [ 106.55550343272445, 10.651614672056112 ], [ 106.555488360103539, 10.651700472769084 ], [ 106.555454442583056, 10.65186682467866 ], [ 106.555394625682027, 10.652100922645973 ], [ 106.555312381355719, 10.65232201333491 ], [ 106.555309834178601, 10.652326731873005 ], [ 106.555295682283045, 10.65239585532642 ], [ 106.555701875037215, 10.655256531868925 ], [ 106.555846070337992, 10.655374260173913 ], [ 106.555994201122118, 10.655450510911567 ], [ 106.555987181253244, 10.655557569726332 ], [ 106.555975121515999, 10.655741493829392 ], [ 106.55594612577525, 10.656183684948417 ], [ 106.555941422949729, 10.656250245332542 ], [ 106.555936363905005, 10.65637570839603 ], [ 106.555930905945445, 10.656454837842457 ], [ 106.555929340342004, 10.656483838597138 ], [ 106.555905984345955, 10.656595268581857 ], [ 106.555915511643022, 10.65676110539663 ], [ 106.555944179031641, 10.65696300152144 ], [ 106.555842397129638, 10.656969949962011 ], [ 106.555684363616891, 10.656998758039535 ], [ 106.555534542313822, 10.657026068723511 ], [ 106.555466995860783, 10.657035471594693 ], [ 106.555369450761745, 10.657043387030448 ], [ 106.5550506514695, 10.65706679658042 ], [ 106.554939104307607, 10.65707776860236 ], [ 106.554848702800655, 10.65708524426689 ], [ 106.554700384826546, 10.657098131072575 ], [ 106.554402012179409, 10.657121387016717 ], [ 106.554348287254271, 10.657129825065796 ], [ 106.554060230772237, 10.657191566263064 ], [ 106.553873988864851, 10.657232601420182 ], [ 106.5537851878574, 10.657253622358155 ], [ 106.553729883918962, 10.657269184392648 ], [ 106.553666525790604, 10.65728893986547 ], [ 106.553416545841998, 10.657356318556944 ], [ 106.5533785844204, 10.657366605803738 ], [ 106.553206607846192, 10.65740680222676 ], [ 106.553077744510432, 10.657434260975158 ], [ 106.552742783585188, 10.657504964681936 ], [ 106.552712530556022, 10.657497302292922 ], [ 106.552606832588637, 10.657470533154388 ], [ 106.55240763193116, 10.657424979073513 ], [ 106.552334238952568, 10.657408746195919 ], [ 106.552265055069924, 10.657393591831472 ], [ 106.552205025335226, 10.657382070896219 ], [ 106.552088767911016, 10.657363654559234 ], [ 106.551994402643004, 10.657348707230323 ], [ 106.551904647392163, 10.657342169663929 ], [ 106.551792329899087, 10.657340802393035 ], [ 106.551554365453541, 10.657354643752248 ], [ 106.55139571251496, 10.657359500200094 ], [ 106.551343582661545, 10.657363120879859 ], [ 106.551238923834788, 10.65737223027649 ], [ 106.551121432955242, 10.657383332581993 ], [ 106.551082096408905, 10.657388324665535 ], [ 106.550921022300457, 10.657415599458091 ], [ 106.550990397025913, 10.658087851228515 ], [ 106.549976992720588, 10.658176503795133 ], [ 106.550129537767333, 10.658715502200218 ], [ 106.550213337759587, 10.659011576133992 ], [ 106.550256212025147, 10.659007700367166 ], [ 106.550331652545808, 10.659011242488198 ], [ 106.550393793177776, 10.659011222258298 ], [ 106.550468875012683, 10.659011258170391 ], [ 106.550481168903517, 10.659044684661591 ], [ 106.550489962616382, 10.659073710999497 ], [ 106.550504421538065, 10.6590668070194 ], [ 106.550545411795525, 10.659254288459456 ], [ 106.55055584382005, 10.659288257592207 ], [ 106.55063956004193, 10.659516025233888 ], [ 106.550676158666775, 10.659619043716589 ], [ 106.550686521496729, 10.659651977071944 ], [ 106.550753335967784, 10.65987621645319 ], [ 106.550845703084775, 10.660199846525536 ], [ 106.550939954906028, 10.660595796082159 ], [ 106.551131735513692, 10.660837317491749 ], [ 106.551179496793168, 10.660901899229364 ], [ 106.55126852203307, 10.661021786149368 ], [ 106.551337424092026, 10.66116969804302 ], [ 106.551368573270082, 10.661233659578752 ], [ 106.551399346591225, 10.661361451387041 ], [ 106.551406300844206, 10.661436549428915 ], [ 106.551392676808362, 10.661520941564804 ], [ 106.551394633301172, 10.661623506853264 ], [ 106.551387472495037, 10.661730637887171 ], [ 106.551400638617963, 10.661884939596209 ], [ 106.551404312720862, 10.66198427682925 ], [ 106.551380101354511, 10.66232810992118 ], [ 106.551347227331874, 10.662427081333735 ], [ 106.551382084930466, 10.662514308931515 ], [ 106.551427503214825, 10.66259156969209 ], [ 106.551413545826236, 10.662662125163065 ], [ 106.551403045493856, 10.662715208734763 ], [ 106.551382492642091, 10.662758584071714 ], [ 106.551384150431645, 10.662798575520881 ], [ 106.551386398865986, 10.663013947057122 ], [ 106.551397645581403, 10.66311754759683 ], [ 106.551401795251948, 10.663142781549684 ], [ 106.551426644936811, 10.663176408810667 ], [ 106.551488659671932, 10.663260332835993 ], [ 106.551471521086938, 10.663294930421138 ], [ 106.551479478875109, 10.663360605348402 ], [ 106.55152082757499, 10.663422632092555 ], [ 106.551565591449844, 10.663505093782414 ], [ 106.55155155478873, 10.663570102931436 ], [ 106.551516811049027, 10.663697300024264 ], [ 106.551641201880585, 10.66426624037544 ], [ 106.552287522752408, 10.665020280503056 ], [ 106.55230306460183, 10.66502861252761 ], [ 106.552342597776658, 10.665047252628064 ], [ 106.552421616140592, 10.665081556719226 ], [ 106.552494694281449, 10.665110852560309 ], [ 106.552556216318138, 10.665136775530067 ], [ 106.55261290460264, 10.665163911377091 ], [ 106.552627936553577, 10.665171547940449 ], [ 106.552691829288108, 10.665207668327271 ], [ 106.552748582855571, 10.665238659851589 ], [ 106.552812956576631, 10.665281120154553 ], [ 106.55289917461036, 10.665340384306804 ], [ 106.552948182356204, 10.665383233662039 ], [ 106.553001742244845, 10.665422507260759 ], [ 106.553050379446717, 10.665471047094895 ], [ 106.553095854061326, 10.66553184245784 ], [ 106.553133399734833, 10.665583361222973 ], [ 106.55319056107858, 10.665667854943933 ], [ 106.553230768725683, 10.665741211908401 ], [ 106.553251335141013, 10.665806095413524 ], [ 106.553265924613441, 10.665855678502963 ], [ 106.55326909360636, 10.665872243240113 ], [ 106.553268812334665, 10.665931196212815 ], [ 106.553268516203786, 10.665992804629587 ], [ 106.553262330720599, 10.66602215200305 ], [ 106.553237412175065, 10.66609699315743 ], [ 106.553230030266832, 10.666119871236031 ], [ 106.553243374968645, 10.666135440659886 ], [ 106.553594325345159, 10.668538700196434 ], [ 106.553554409151701, 10.668594521982982 ], [ 106.553548932963253, 10.668631965755665 ], [ 106.553523266272549, 10.668688544026956 ], [ 106.553479053106798, 10.668765446573898 ], [ 106.553452216603858, 10.668790375967335 ], [ 106.553411763540225, 10.668827780080179 ], [ 106.553371225972256, 10.668850699868564 ], [ 106.552091335395247, 10.670640599602841 ], [ 106.553197597723965, 10.671868931169938 ], [ 106.553206377168678, 10.671960524486439 ], [ 106.553238038374815, 10.672013360694779 ], [ 106.553252284710425, 10.672081509511504 ], [ 106.553271500742738, 10.672151972571291 ], [ 106.553282882719927, 10.672231708213904 ], [ 106.553289374086745, 10.672302919794189 ], [ 106.553293883736856, 10.672360628397962 ], [ 106.553301921631132, 10.672417959638761 ], [ 106.553315180262729, 10.672516422718088 ], [ 106.553317323169864, 10.672558607764513 ], [ 106.553320476374964, 10.672626042280717 ], [ 106.55332428677869, 10.672707512542834 ], [ 106.553335153448685, 10.672791603118984 ], [ 106.553339952125654, 10.672869501757992 ], [ 106.553344581370624, 10.672944454745418 ], [ 106.553345941242284, 10.673014241619354 ], [ 106.553348331288404, 10.673083669868168 ], [ 106.553357417469272, 10.673172639721898 ], [ 106.553357837450505, 10.673234821375111 ], [ 106.553364727432708, 10.673309453922105 ], [ 106.553369104483707, 10.673374879749739 ], [ 106.553369634286739, 10.673446805347021 ], [ 106.553365542949564, 10.67352421653205 ], [ 106.553360368657337, 10.673566934283949 ], [ 106.553477382324559, 10.674787604745081 ], [ 106.553496874698453, 10.674830890660701 ], [ 106.55352148756279, 10.67488529337073 ], [ 106.553538653340524, 10.674916289533513 ], [ 106.553557335000562, 10.674952209173249 ], [ 106.553585157306742, 10.675013464443108 ], [ 106.553607661155581, 10.675062777542829 ], [ 106.553638988888892, 10.67513714756927 ], [ 106.553643846977621, 10.675151850459335 ], [ 106.553656836699645, 10.675222861539075 ], [ 106.553661042745176, 10.675285725043494 ], [ 106.553643157648665, 10.675367564387084 ], [ 106.553607597032254, 10.675436653226987 ], [ 106.553561270329325, 10.675480013088665 ], [ 106.553510639319441, 10.675521778692941 ], [ 106.553463046129039, 10.675563789577746 ], [ 106.553434466421464, 10.675576575571551 ], [ 106.552973712747743, 10.676535880079562 ], [ 106.552969863649565, 10.676565062155113 ], [ 106.552962925925371, 10.676619097268674 ], [ 106.552954631492952, 10.676673632766617 ], [ 106.552948428597759, 10.676726929188364 ], [ 106.552940626990932, 10.676783651086556 ], [ 106.5529357954738, 10.676816657905237 ], [ 106.552931638806911, 10.676845035043371 ], [ 106.552926380992986, 10.676965809492595 ], [ 106.55291831054177, 10.677061568552359 ], [ 106.552903346554601, 10.677131513375558 ], [ 106.552884960217924, 10.677183640740925 ], [ 106.552849754014005, 10.677241766356051 ], [ 106.552807231165502, 10.67728796152748 ], [ 106.55275141624027, 10.677340220592287 ], [ 106.552697831433434, 10.677380011750826 ], [ 106.55264120034245, 10.677422040336079 ], [ 106.552595056957941, 10.677473861662669 ], [ 106.552565620550908, 10.677522294568371 ], [ 106.552533087822198, 10.677584712248917 ], [ 106.552496987813953, 10.677653695208592 ], [ 106.552469302616984, 10.677703357136133 ], [ 106.552455925845749, 10.677729648182645 ], [ 106.552426978683656, 10.677798833388783 ], [ 106.552406950459797, 10.677854187525915 ], [ 106.552374979882416, 10.677933717199089 ], [ 106.552348416718132, 10.677991575629704 ], [ 106.55232796961495, 10.678040588612809 ], [ 106.552298530198115, 10.678106809875281 ], [ 106.552261262361668, 10.678190471415782 ], [ 106.552230938599905, 10.67825697553338 ], [ 106.55219261890953, 10.678325031938206 ], [ 106.55216396213325, 10.678375633526516 ], [ 106.552134684791511, 10.678427337592678 ], [ 106.552103283811036, 10.678482785272841 ], [ 106.552066323794435, 10.67854805297082 ], [ 106.552025103873433, 10.678620841411618 ], [ 106.551976691004711, 10.67871975455876 ], [ 106.551932752635238, 10.678804629069333 ], [ 106.5519030817144, 10.678868130092662 ], [ 106.551872074985653, 10.678936433145878 ], [ 106.551846521359266, 10.678998719391567 ], [ 106.551812448042483, 10.679069047506049 ], [ 106.551778546023726, 10.679134587507125 ], [ 106.551748376567502, 10.679195508861447 ], [ 106.551717526741612, 10.679249533427257 ], [ 106.551684538025825, 10.679312943325804 ], [ 106.551647276589222, 10.6793845937 ], [ 106.551623124419251, 10.679441880484157 ], [ 106.551591622238675, 10.679508401270997 ], [ 106.551557558368771, 10.679566202883382 ], [ 106.551525830511395, 10.679747113660719 ], [ 106.551529548856792, 10.679781832904203 ], [ 106.551532325403599, 10.679873408150069 ], [ 106.55154487651042, 10.679943752473889 ], [ 106.551553470626274, 10.679969459751117 ], [ 106.551564690890146, 10.680023430020331 ], [ 106.551575817738069, 10.680076823930277 ], [ 106.551589622302814, 10.680143066407831 ], [ 106.551586784088144, 10.68024968950383 ], [ 106.551556601682137, 10.680340678897416 ], [ 106.551526403141892, 10.680419668121555 ], [ 106.551512217264246, 10.680464697226137 ], [ 106.551506976786982, 10.680489740868163 ], [ 106.551483846838565, 10.680590677516646 ], [ 106.551486788117401, 10.6806671578293 ], [ 106.551497443509803, 10.680730494766225 ], [ 106.551487150639971, 10.680812775560236 ], [ 106.551495857740903, 10.680892971159201 ], [ 106.551499007393787, 10.680913974262223 ], [ 106.551507128419303, 10.680967488875599 ], [ 106.551513995378201, 10.681054333391323 ], [ 106.551517883112027, 10.68112241524558 ], [ 106.551517677231857, 10.681140922489512 ], [ 106.551513576461446, 10.681220675383733 ], [ 106.551508340851811, 10.681255322455511 ], [ 106.551502275697104, 10.681277094603903 ], [ 106.551482974006248, 10.681338057829254 ], [ 106.551461270956892, 10.681403341965565 ], [ 106.551430266516704, 10.681469269905302 ], [ 106.551385247230755, 10.681541178504235 ], [ 106.551358024624605, 10.681616693827507 ], [ 106.551338629195754, 10.681691974092827 ], [ 106.551326475146368, 10.681750477905302 ], [ 106.551313289694491, 10.681814507333206 ], [ 106.551310809184486, 10.681877251305021 ], [ 106.551315688819003, 10.681968765474842 ], [ 106.551332251295918, 10.682021855735361 ], [ 106.551369519662018, 10.682095393589226 ], [ 106.551402583015104, 10.682205276732651 ], [ 106.551425519063514, 10.68228869714452 ], [ 106.551432307572441, 10.682347471246807 ], [ 106.551425349073256, 10.682399266081829 ], [ 106.55140527274304, 10.682465204856053 ], [ 106.551396430947065, 10.682480939587768 ], [ 106.551379636654232, 10.682512384744177 ], [ 106.551362063603833, 10.682545283055141 ], [ 106.551312884328297, 10.682595811139944 ], [ 106.551253634237526, 10.682640378705228 ], [ 106.551197245256134, 10.682679178300411 ], [ 106.551142339638176, 10.682728020606197 ], [ 106.551100007110563, 10.68279442790597 ], [ 106.55107229989278, 10.682873726616757 ], [ 106.551064976848181, 10.682943939978497 ], [ 106.551068950415839, 10.683014167771525 ], [ 106.551094072526951, 10.683084885460692 ], [ 106.551104328883213, 10.683135685284645 ], [ 106.551100144950425, 10.683206629853812 ], [ 106.551088237001608, 10.683282475981752 ], [ 106.55107874842129, 10.683339898805487 ], [ 106.551057222221687, 10.683408722552679 ], [ 106.55103347784258, 10.683474377559159 ], [ 106.551032748371057, 10.683525522150543 ], [ 106.551032061656826, 10.683568161568905 ], [ 106.551030171951368, 10.683675629822517 ], [ 106.551008297578363, 10.683799407090257 ], [ 106.551003741621031, 10.683824793607441 ], [ 106.550982857681191, 10.683902738441239 ], [ 106.550917838755353, 10.68410010928859 ], [ 106.550903186546478, 10.684146229254601 ], [ 106.550867295257632, 10.684265168608803 ], [ 106.550816874168589, 10.684443187733002 ], [ 106.550807858604045, 10.6844724280091 ], [ 106.550767646296023, 10.684590656484719 ], [ 106.550738519748691, 10.684674731417422 ], [ 106.55070905352278, 10.684759782665976 ], [ 106.550674595893199, 10.684868723577923 ], [ 106.550646627633782, 10.684957150566587 ], [ 106.55060525143189, 10.685087962789776 ], [ 106.550595560097292, 10.685210643460668 ], [ 106.550574108429544, 10.685313462264423 ], [ 106.550569379545976, 10.685334322761371 ], [ 106.550543953695225, 10.68541992896092 ], [ 106.550482883947367, 10.685539079191416 ], [ 106.550473224659598, 10.685556584601676 ], [ 106.55041931401648, 10.685637687792511 ], [ 106.550330414426753, 10.685727033845437 ], [ 106.5502292197489, 10.68580463594515 ], [ 106.550171836286182, 10.685842684544784 ], [ 106.550116094426997, 10.685878905014365 ], [ 106.550006545897034, 10.68594847210368 ], [ 106.549887946877504, 10.686014662019288 ], [ 106.549747898556916, 10.686118615426649 ], [ 106.549679682645163, 10.686157378609524 ], [ 106.549659571173265, 10.686169457863922 ], [ 106.549583078931349, 10.686225724984835 ], [ 106.549491627548861, 10.68628351831258 ], [ 106.549432456255772, 10.686309565469399 ], [ 106.549364308849633, 10.686361313086159 ], [ 106.549332685847915, 10.686383664071629 ], [ 106.549307168401029, 10.686401541062622 ], [ 106.549242297679044, 10.686446182369082 ], [ 106.549167875636371, 10.686484037778882 ], [ 106.549094930139802, 10.686500312871077 ], [ 106.549060917744711, 10.686501420954269 ], [ 106.549036651918129, 10.686502214880608 ], [ 106.549019582654296, 10.68650277058849 ], [ 106.549002829592212, 10.686503490179279 ], [ 106.548976977747898, 10.686504820872409 ], [ 106.548941138416112, 10.686506907210653 ], [ 106.548909948881118, 10.686494686441664 ], [ 106.548888695791334, 10.68648786907775 ], [ 106.548831891040479, 10.68644107287005 ], [ 106.548812743438546, 10.686425473377877 ], [ 106.54874897571716, 10.686371434498271 ], [ 106.548687952137968, 10.686309989986274 ], [ 106.548661436111487, 10.686296066174863 ], [ 106.547635766749096, 10.686766275995472 ], [ 106.547429773622568, 10.686984668592455 ], [ 106.547400321303229, 10.686981368967693 ], [ 106.547371494501917, 10.687021792667531 ], [ 106.547309010697646, 10.687049228318555 ], [ 106.547157197221082, 10.687114945407574 ], [ 106.547129359252295, 10.687124646111462 ], [ 106.547065316282612, 10.68711461222782 ], [ 106.547007401862402, 10.687112936313584 ], [ 106.546810337616606, 10.687104134536485 ], [ 106.546589253452339, 10.68707574287207 ], [ 106.546210221614928, 10.687026703892752 ], [ 106.546140724457274, 10.687017280874043 ], [ 106.545781390476392, 10.686966674645372 ], [ 106.545438214217057, 10.686918347756745 ], [ 106.545044825084446, 10.686870154089055 ], [ 106.544785261443778, 10.686823383727427 ], [ 106.544730233876749, 10.686813943955809 ], [ 106.544390106782828, 10.686735497463625 ], [ 106.544085613519272, 10.686695279276577 ], [ 106.543899169424336, 10.686669071375499 ], [ 106.543782592206895, 10.68665057362745 ], [ 106.543458237182648, 10.686596460038485 ], [ 106.543297941932721, 10.686582986240172 ], [ 106.543104906570434, 10.686550702232763 ], [ 106.542880044469072, 10.686522981987306 ], [ 106.542621850475484, 10.686511131569935 ], [ 106.542183233069153, 10.686483788527035 ], [ 106.541789878837292, 10.686418860723492 ], [ 106.540545580975518, 10.686213470279625 ], [ 106.539952175798689, 10.686146994394713 ], [ 106.539492708156374, 10.686144626979042 ], [ 106.538992055445561, 10.686142049566181 ], [ 106.538539068912797, 10.686139714806195 ], [ 106.53830657083347, 10.686110788339182 ], [ 106.537909251149713, 10.686061350731995 ], [ 106.537697437101798, 10.686034994502819 ], [ 106.537534084077208, 10.685993330663878 ], [ 106.537105439391823, 10.685846685660254 ], [ 106.537042277897314, 10.685821014051113 ], [ 106.535627460956562, 10.685662519726998 ], [ 106.535647880723317, 10.685854045761822 ], [ 106.53566816693376, 10.686032632741631 ], [ 106.535676247215989, 10.686095260889193 ], [ 106.535640447664704, 10.686137864361811 ], [ 106.535569917903914, 10.686232497776494 ], [ 106.535491167073189, 10.686338162937368 ], [ 106.535382482150553, 10.686483997751555 ], [ 106.535347107909161, 10.68652357393843 ], [ 106.535308822429954, 10.686578480157744 ], [ 106.535278097847296, 10.686651612344336 ], [ 106.535268701955658, 10.6866891612631 ], [ 106.535254602323306, 10.686745514505466 ], [ 106.535220939087822, 10.686839439528189 ], [ 106.535195253121501, 10.686870734293137 ], [ 106.535148413948974, 10.68694125323565 ], [ 106.535121564670803, 10.686982265728524 ], [ 106.535066712709792, 10.687055243466743 ], [ 106.53503465756144, 10.687099549924294 ], [ 106.534991373169177, 10.687168575860674 ], [ 106.534937190752686, 10.687202168808522 ], [ 106.53484125611331, 10.687206210698228 ], [ 106.534767774068442, 10.687209307710697 ], [ 106.534652473682911, 10.687244653904667 ], [ 106.534553143144024, 10.687334242687742 ], [ 106.534451504808246, 10.687446301032431 ], [ 106.534310626413017, 10.687601282501575 ], [ 106.534240129197897, 10.687679790634753 ], [ 106.534098103483942, 10.687833522758336 ], [ 106.53405544483708, 10.687895425613966 ], [ 106.533356425299544, 10.689884205748847 ], [ 106.533324226968332, 10.689988399666969 ], [ 106.533191090942992, 10.690411473033665 ], [ 106.533163487920589, 10.690493823526342 ], [ 106.533070297858089, 10.690747071259551 ], [ 106.533055091418078, 10.690791913267246 ], [ 106.533041911124826, 10.690835200189399 ], [ 106.533000326425281, 10.690972568830196 ], [ 106.532929502048987, 10.691212822150451 ], [ 106.532881989283197, 10.69136662147594 ], [ 106.532854588322763, 10.691451009749992 ], [ 106.53281646546121, 10.691568917452582 ], [ 106.532756596841423, 10.691743976266284 ], [ 106.532740807174363, 10.691785918918315 ], [ 106.532649146933792, 10.69201515931767 ], [ 106.532626249961609, 10.692075530213785 ], [ 106.532466563289034, 10.692494844328913 ], [ 106.532451542788309, 10.692535781437243 ], [ 106.53235581928358, 10.692796080980067 ], [ 106.53231795464005, 10.692890455042697 ], [ 106.53228533470228, 10.693003826875378 ], [ 106.532260520409181, 10.693095661394796 ], [ 106.532247832932825, 10.69316923650951 ], [ 106.532249521988376, 10.693210343830069 ], [ 106.532248684810028, 10.69325136138746 ], [ 106.532247758248829, 10.693352161389972 ], [ 106.53224593092034, 10.693413734381345 ], [ 106.532243148396816, 10.693430882862103 ], [ 106.532232810684974, 10.69348486960164 ], [ 106.532227801767917, 10.693504479168995 ], [ 106.532214590049335, 10.69354227010925 ], [ 106.532205760985491, 10.6935640800647 ], [ 106.532186379176338, 10.693607233776087 ], [ 106.532165429044596, 10.693645540983404 ], [ 106.532121102110779, 10.693714403657999 ], [ 106.53209619383081, 10.693754374882095 ], [ 106.532061697746784, 10.693813792805342 ], [ 106.532018191322905, 10.693888596915093 ], [ 106.531976717057461, 10.693958852379488 ], [ 106.531924234544476, 10.694048770362143 ], [ 106.531901621193995, 10.694092113517057 ], [ 106.531867472015861, 10.694162746198403 ], [ 106.531852079706383, 10.694198294775958 ], [ 106.531833158789311, 10.694250423189677 ], [ 106.531781737972864, 10.69440965910783 ], [ 106.531763550144717, 10.694464876905512 ], [ 106.531704118993147, 10.694644054461161 ], [ 106.531645691217747, 10.69482845469205 ], [ 106.531612490055892, 10.694931185186901 ], [ 106.531488005441105, 10.695294473606465 ], [ 106.531454854328757, 10.695390433822318 ], [ 106.531398729542417, 10.695551059829601 ], [ 106.531348591735409, 10.695683673127817 ], [ 106.531253028719476, 10.695922527002711 ], [ 106.531128624256453, 10.696247444249101 ], [ 106.531061815517077, 10.69642029117025 ], [ 106.531023699653147, 10.696521037714461 ], [ 106.531023693340373, 10.696521054923661 ], [ 106.528920863254811, 10.70250380953051 ], [ 106.527250024606175, 10.709259637548023 ], [ 106.527536020301994, 10.71062335422617 ], [ 106.52757076095763, 10.710775693208845 ], [ 106.52759329041254, 10.710872346862315 ], [ 106.527734209379162, 10.711448023740026 ], [ 106.527830882336445, 10.711831472399766 ], [ 106.527834642324436, 10.711846764288863 ], [ 106.527887540456007, 10.712064586175487 ], [ 106.527953251160739, 10.712343834234224 ], [ 106.528010573845975, 10.712579987051283 ], [ 106.528119556528324, 10.713031424423388 ], [ 106.5281484132109, 10.71316098664988 ], [ 106.528224405588887, 10.713491249584019 ], [ 106.528373670897764, 10.71410086515905 ], [ 106.528414926098023, 10.714251878155103 ], [ 106.528423208912571, 10.714326247260693 ], [ 106.528433415068463, 10.714417896360105 ], [ 106.528420109832311, 10.714509418510714 ], [ 106.528410968472613, 10.714580277430008 ], [ 106.528397660392443, 10.714731919765786 ], [ 106.528445696651104, 10.714960968169587 ], [ 106.528447840580327, 10.714971193159483 ], [ 106.530233115381321, 10.717285758603779 ], [ 106.529489055876198, 10.71776100436974 ], [ 106.529371858277003, 10.717854401056298 ], [ 106.5291939417789, 10.717978768924867 ], [ 106.529145793644844, 10.718011593325809 ], [ 106.528934741259278, 10.718152041652772 ], [ 106.52872715281643, 10.718268115046428 ], [ 106.528586135880914, 10.718348813467939 ], [ 106.528455393366642, 10.718421224901659 ], [ 106.520333255546447, 10.723608994036992 ], [ 106.520270447941613, 10.723658397223049 ], [ 106.520239186618895, 10.723671813344628 ], [ 106.520224731079452, 10.723678311333993 ], [ 106.520223352226793, 10.723679191448094 ], [ 106.520223108285862, 10.723679040747372 ], [ 106.52020852776846, 10.723685593593631 ], [ 106.520117404979942, 10.723634087892355 ], [ 106.520076904181053, 10.723609027283755 ], [ 106.519852330165065, 10.723474319664216 ], [ 106.519601297856084, 10.723321411795169 ], [ 106.519365301037269, 10.723174662400988 ], [ 106.519014274078742, 10.722953213360141 ], [ 106.518986328881709, 10.72293588302478 ], [ 106.518552678240809, 10.722671219060276 ], [ 106.518518258801507, 10.722650110294161 ], [ 106.518009012958814, 10.722336246683833 ], [ 106.517663397616943, 10.722122731149815 ], [ 106.517522951841258, 10.722035505410696 ], [ 106.516987776617242, 10.721701481373175 ], [ 106.516767609937247, 10.721568231523587 ], [ 106.516742910539946, 10.721553107468253 ], [ 106.516518561184128, 10.721415403293332 ], [ 106.516299285090639, 10.721280815138231 ], [ 106.515975536854782, 10.721077031359391 ], [ 106.515940417088245, 10.721054381428871 ], [ 106.515539526103865, 10.720793648693766 ], [ 106.515411663371779, 10.720713810547199 ], [ 106.515270741476641, 10.720623440490051 ], [ 106.515221113171449, 10.720589452862159 ], [ 106.513342806065054, 10.719429276286094 ], [ 106.513132253810937, 10.719307450011238 ], [ 106.512823952550008, 10.719127187633838 ], [ 106.512730423635247, 10.719072641492149 ], [ 106.512294460837566, 10.718815105734411 ], [ 106.511977491406043, 10.718632927954623 ], [ 106.511658508935682, 10.718449593252487 ], [ 106.511089210910484, 10.718084021660676 ], [ 106.51100580628966, 10.718032884062019 ], [ 106.510975323697352, 10.718014193637803 ], [ 106.510834019710316, 10.717925191915798 ], [ 106.510721596888857, 10.71785437932173 ], [ 106.510655072786832, 10.717812477626065 ], [ 106.509351465668374, 10.717178946774471 ], [ 106.506607878878214, 10.720517999252669 ], [ 106.506607846163263, 10.720518039192482 ], [ 106.506432866382781, 10.720732188922591 ], [ 106.506174273131876, 10.721054899100235 ], [ 106.50614669414999, 10.721088715713437 ], [ 106.505896367765885, 10.721390347641348 ], [ 106.505597948433504, 10.721756009834637 ], [ 106.505268227362933, 10.722153826521231 ], [ 106.505148513226374, 10.722299286990628 ], [ 106.505054617671377, 10.722423198437196 ], [ 106.504899356001417, 10.72263123889134 ], [ 106.504866100090666, 10.722672247162663 ], [ 106.504665358565958, 10.722916634455746 ], [ 106.504418744284578, 10.723220937381443 ], [ 106.504144995511638, 10.723560569827043 ], [ 106.503726809077847, 10.724072434380171 ], [ 106.503099614865462, 10.72483157575949 ], [ 106.502795843875091, 10.725201969702445 ], [ 106.502048465352885, 10.726118025139805 ], [ 106.501793937232975, 10.726430200871993 ], [ 106.501722276660104, 10.726482972493331 ], [ 106.501703248610141, 10.726487128367799 ], [ 106.501683922979126, 10.72651064845936 ], [ 106.501664178777006, 10.726495661995736 ], [ 106.501658380400698, 10.726496927725901 ], [ 106.501601963779137, 10.726472733382352 ], [ 106.50029610622957, 10.725471003859159 ], [ 106.499779136080264, 10.725075067308758 ], [ 106.499764026333992, 10.725064146831485 ], [ 106.499678632231692, 10.725005876811343 ], [ 106.499663820210131, 10.725007693150005 ], [ 106.496009226304281, 10.727479550727692 ], [ 106.495950970857947, 10.727524652098422 ], [ 106.495922634294288, 10.72754550283077 ], [ 106.495899856468412, 10.7275535252735 ], [ 106.495786401518814, 10.727630263457156 ], [ 106.495680671965687, 10.727547391999657 ], [ 106.495641049248334, 10.727529271125952 ], [ 106.495408871044944, 10.72736179766315 ], [ 106.495326329350618, 10.727300724387757 ], [ 106.495293413645285, 10.727296544550905 ], [ 106.495252987898937, 10.727320774186271 ], [ 106.494840996322125, 10.727574985903882 ], [ 106.493872243764386, 10.728175657054168 ], [ 106.493792048068627, 10.728226693246155 ], [ 106.493342278209937, 10.728520583385297 ], [ 106.493236827052272, 10.728618470636736 ], [ 106.493096769540401, 10.728725604116153 ], [ 106.493082632331436, 10.728735501662628 ], [ 106.492781694171384, 10.728927522790597 ], [ 106.492593100018468, 10.728981431351519 ], [ 106.492505715359712, 10.728981850563759 ], [ 106.492429471120147, 10.728954322985871 ], [ 106.492344869521986, 10.728946359266649 ], [ 106.492241406368677, 10.728980299310708 ], [ 106.492124363135602, 10.729023475952751 ], [ 106.491858191691577, 10.729303475955188 ], [ 106.491685187905517, 10.729439016444262 ], [ 106.491380945536662, 10.729612353023475 ], [ 106.491168336076299, 10.729810581177441 ], [ 106.491081900124257, 10.729887853827259 ], [ 106.490872332920972, 10.730015922055671 ], [ 106.490282411074304, 10.730380744639165 ], [ 106.490234988646378, 10.730408188878179 ], [ 106.489857848118632, 10.730618069394247 ], [ 106.48922293720085, 10.730971399039984 ], [ 106.488985926800382, 10.731103293659414 ], [ 106.488871193153685, 10.731167142903905 ], [ 106.488796595692875, 10.731208656022261 ], [ 106.487218541287817, 10.729900250308052 ], [ 106.487139529008488, 10.729830516174262 ], [ 106.487116912115795, 10.729859402821683 ], [ 106.487069276007304, 10.72992025079696 ], [ 106.486989744313718, 10.730021834112449 ], [ 106.485821779664676, 10.73151365800315 ], [ 106.485265189114983, 10.732214432526899 ], [ 106.483814562442149, 10.73403894660021 ], [ 106.483351323037112, 10.734621291132001 ], [ 106.483308397872008, 10.734674108323793 ], [ 106.483054273721294, 10.73497909212367 ], [ 106.482913950041592, 10.735146283780439 ], [ 106.482497789378243, 10.735640225450224 ], [ 106.482457481141168, 10.735666142045661 ], [ 106.482414176223003, 10.735672069866304 ], [ 106.482379984881902, 10.735653973890274 ], [ 106.482216820449423, 10.735535298453623 ], [ 106.482169896428104, 10.735511144870994 ], [ 106.482120619948361, 10.735508939495931 ], [ 106.482083431707835, 10.735518817206659 ], [ 106.474515647541338, 10.745444895396108 ], [ 106.474024533602005, 10.745915858900522 ], [ 106.473870418497981, 10.746071739046984 ], [ 106.473850808071475, 10.746090597441073 ], [ 106.473732182698896, 10.746196214566568 ], [ 106.473516196419681, 10.746403338903161 ], [ 106.473508356259458, 10.746397350021487 ], [ 106.473502279813289, 10.746402853392054 ], [ 106.473408045478934, 10.74633292507939 ], [ 106.473338522984776, 10.746281333864761 ], [ 106.473259493433801, 10.746221657721245 ], [ 106.472273274243946, 10.745468169114282 ], [ 106.463697167053013, 10.756518008130673 ], [ 106.471745321288012, 10.762712021111387 ], [ 106.47209613215793, 10.762971333602319 ], [ 106.472184876518796, 10.763036930647301 ], [ 106.472304631453824, 10.763130460228767 ], [ 106.472541569752877, 10.763313828089778 ], [ 106.472922869822355, 10.763605832024709 ], [ 106.487149923497853, 10.774308802491172 ], [ 106.488680734683186, 10.775595564929013 ], [ 106.489125133484052, 10.775955252851356 ], [ 106.48917894201557, 10.775999700699799 ], [ 106.490654964228753, 10.777249606256058 ], [ 106.491114750350832, 10.777637779848632 ], [ 106.492613611470034, 10.778893295202055 ], [ 106.492884180048236, 10.77911980337632 ], [ 106.493669457506229, 10.779788717091186 ], [ 106.493676284843815, 10.779794702940263 ], [ 106.493676298617771, 10.779794714627489 ], [ 106.496266555611697, 10.781972022623121 ], [ 106.497021275594378, 10.782599703373146 ], [ 106.497535168381617, 10.783033781810133 ], [ 106.497972909781467, 10.78340634205593 ], [ 106.497972936411188, 10.783406364530222 ], [ 106.504575459475433, 10.788956287311137 ], [ 106.505743082776746, 10.793717769051071 ], [ 106.50575038578242, 10.793747546917176 ], [ 106.505786301184756, 10.793894279213612 ], [ 106.505807829676598, 10.793936940277565 ], [ 106.50592340301985, 10.794186718999555 ], [ 106.506028356597611, 10.794413845958211 ], [ 106.506057714479567, 10.79447755931827 ], [ 106.506154570152361, 10.794739267594826 ], [ 106.506224734759684, 10.794928849308368 ], [ 106.506256018998016, 10.795013384213519 ], [ 106.506303563500083, 10.795185142796385 ], [ 106.506317883275017, 10.795248874195527 ], [ 106.506345057031922, 10.795367357160664 ], [ 106.506384162610203, 10.795551519769194 ], [ 106.506400354573273, 10.795627778587212 ], [ 106.506473857783888, 10.795968839400123 ], [ 106.506548267086785, 10.796304139213099 ], [ 106.506675271403509, 10.796869364776665 ], [ 106.506679258965534, 10.796887258702816 ], [ 106.50673567206357, 10.797142742556225 ], [ 106.506926598303593, 10.798029244151397 ], [ 106.507031582581391, 10.798544122166742 ], [ 106.507072634715911, 10.798746701947103 ], [ 106.507242563716233, 10.799566492628911 ], [ 106.507253257171612, 10.799616831673317 ], [ 106.507329926264774, 10.799969295561592 ], [ 106.507455263898123, 10.800528137187607 ], [ 106.507508772395838, 10.800769297288447 ], [ 106.507584318575482, 10.801113372632631 ], [ 106.50775884876677, 10.801914390470067 ], [ 106.507964425520868, 10.802776137342168 ], [ 106.508052541771377, 10.80314550441331 ], [ 106.508086511889289, 10.803287788247861 ], [ 106.508124109237329, 10.803445160416157 ], [ 106.508242913420332, 10.803866353684322 ], [ 106.50842141948641, 10.80452359789062 ], [ 106.508443023994488, 10.804600631063778 ], [ 106.508610986821779, 10.805189535229793 ], [ 106.508634707324575, 10.805277136247938 ], [ 106.508705317641301, 10.805557361647828 ], [ 106.508756812953123, 10.805763726043624 ], [ 106.508824653870235, 10.806031750241013 ], [ 106.508877747385924, 10.806237091459243 ], [ 106.508943427852117, 10.806484296129081 ], [ 106.509000888672702, 10.80669959745426 ], [ 106.509098111645301, 10.807068386824698 ], [ 106.5092352868446, 10.807592575438964 ], [ 106.509254703329233, 10.807668479983089 ], [ 106.509313994985746, 10.80791514246987 ], [ 106.509429629231747, 10.808412092822385 ], [ 106.509405095238847, 10.808495206339584 ], [ 106.509415684295789, 10.808600958284355 ], [ 106.509453542587806, 10.80868871430259 ], [ 106.50952432892386, 10.809009059599493 ], [ 106.509596258605157, 10.80945964308926 ], [ 106.515639761957701, 10.834150036710332 ], [ 106.515809729166648, 10.834739858754087 ], [ 106.51582400209243, 10.834798742322796 ], [ 106.515882553559209, 10.835049364515486 ], [ 106.51591190906359, 10.835109559000568 ], [ 106.515930990497424, 10.835177993491598 ], [ 106.516107702424506, 10.835891018365508 ], [ 106.516182463505075, 10.836192304159541 ], [ 106.51620061437923, 10.836267343232645 ], [ 106.516390154827093, 10.837043181308722 ], [ 106.516446903142736, 10.837287844954878 ], [ 106.516539678577644, 10.837695505071482 ], [ 106.516665178891301, 10.838228021461255 ], [ 106.516792279959517, 10.838781166269584 ], [ 106.516939092970176, 10.839417458466778 ], [ 106.516980074934111, 10.839584451036522 ], [ 106.517216659758333, 10.840494878757021 ], [ 106.51723378174033, 10.840566889444855 ], [ 106.517295189277732, 10.840845196278593 ], [ 106.517529853022324, 10.841868442886044 ], [ 106.517721804052641, 10.842578618448362 ], [ 106.517761956414816, 10.842727789338237 ], [ 106.517802636113544, 10.842904078336499 ], [ 106.517850180228038, 10.843112336428517 ], [ 106.51788045724885, 10.843240728769906 ], [ 106.517888100217192, 10.843273477905198 ], [ 106.517915521342246, 10.843405571290488 ], [ 106.517927624405317, 10.843471962233686 ], [ 106.517938066841964, 10.843521183188534 ], [ 106.517965550760209, 10.843646674409785 ], [ 106.518006712820437, 10.843816626737857 ], [ 106.518238595722863, 10.84476715967987 ], [ 106.518338315896884, 10.845173094427251 ], [ 106.518412869398162, 10.845479409530778 ], [ 106.520070754301031, 10.852252605065944 ], [ 106.520774373117462, 10.854876675511447 ], [ 106.520774379629529, 10.854876697177962 ], [ 106.521022183595818, 10.85575763285471 ], [ 106.521096432420663, 10.856023185111455 ], [ 106.521246457107637, 10.856572726750718 ], [ 106.521484204894932, 10.857421255515973 ], [ 106.521515843748048, 10.85754057201917 ], [ 106.521847184285548, 10.858773901070929 ], [ 106.521956349359826, 10.859180038577806 ], [ 106.522225005838067, 10.860191120705601 ], [ 106.522343743644981, 10.860637977820426 ], [ 106.522352817195554, 10.860733692790561 ], [ 106.522351181095132, 10.860757205079581 ], [ 106.524053984377019, 10.867107621629168 ], [ 106.524573728896243, 10.86883487741156 ], [ 106.524609165339925, 10.868971941028649 ], [ 106.524902459490065, 10.870160889634761 ], [ 106.524931415443561, 10.87027681829945 ], [ 106.525365085015139, 10.871997227418369 ], [ 106.525477965050044, 10.872418202702416 ], [ 106.525577274677019, 10.872723382722659 ], [ 106.525714739618778, 10.873132126087748 ], [ 106.525851964099076, 10.873535405184576 ], [ 106.525884714549221, 10.873630543784605 ], [ 106.52588616894684, 10.873635407902169 ], [ 106.525899609250615, 10.873633028425973 ], [ 106.525903580602417, 10.873648091053502 ], [ 106.527789452907882, 10.880801451522562 ], [ 106.527891354619612, 10.881126554467695 ], [ 106.527898182762314, 10.881150571572405 ], [ 106.528084098418148, 10.881878250725348 ], [ 106.528362790160728, 10.882969050197906 ], [ 106.528411162719109, 10.883159678278506 ], [ 106.532201486414479, 10.897536874561142 ], [ 106.532228918206613, 10.897642494308506 ], [ 106.532236638174396, 10.897661317173423 ], [ 106.532247055661159, 10.897691914284515 ], [ 106.532301178653398, 10.897874605800004 ], [ 106.53236764505067, 10.898111353544694 ], [ 106.532675771152228, 10.899257513453563 ], [ 106.532731599016188, 10.899470041703381 ], [ 106.532787787988653, 10.899694119878649 ], [ 106.532860039298569, 10.899989077305552 ], [ 106.532862687446041, 10.900082668799834 ], [ 106.532933908860514, 10.900356888443824 ], [ 106.532853548713334, 10.900495497364028 ], [ 106.532845878432099, 10.900574655795179 ], [ 106.532783054400184, 10.900780971332711 ], [ 106.532725473555956, 10.900970090776848 ], [ 106.532559169352695, 10.90127615393529 ], [ 106.532372607165186, 10.901583478315112 ], [ 106.532184565116836, 10.901893243877339 ], [ 106.532170505611177, 10.901915168216981 ], [ 106.531789397166904, 10.902456023649485 ], [ 106.531723478736637, 10.902536037440189 ], [ 106.531657619795084, 10.90258245797261 ], [ 106.531633938310591, 10.902599148609188 ], [ 106.531606393175807, 10.902646660534774 ], [ 106.52591953833651, 10.905552855216092 ], [ 106.525857639685285, 10.905586538691415 ], [ 106.525791293749649, 10.905622642001932 ], [ 106.525711603535441, 10.905666062710115 ], [ 106.524434627140423, 10.906361820161889 ], [ 106.522636530246643, 10.907273829494855 ], [ 106.521927879962192, 10.907633258800185 ], [ 106.521279969405882, 10.907961876700391 ], [ 106.520812089055312, 10.908201543688463 ], [ 106.520513440201157, 10.908357039881036 ], [ 106.519884590884345, 10.908689468137732 ], [ 106.519462744456334, 10.908894694243585 ], [ 106.519235211806134, 10.909009283528256 ], [ 106.519012333180356, 10.909125612594817 ], [ 106.518501426746752, 10.909393628560602 ], [ 106.518420828247443, 10.909435351499347 ], [ 106.517690161470128, 10.909808188135363 ], [ 106.516937862650749, 10.910196475897086 ], [ 106.516438249608427, 10.910451043038949 ], [ 106.515723933671381, 10.910812935330396 ], [ 106.514931560275031, 10.911210750323555 ], [ 106.513855720287751, 10.911756961269573 ], [ 106.512986494697898, 10.912206425883028 ], [ 106.512208025514411, 10.912605624347732 ], [ 106.511699651364637, 10.912864488207305 ], [ 106.511305820370893, 10.913065871942619 ], [ 106.510925941471427, 10.913255272872865 ], [ 106.51048398302693, 10.913478327943363 ], [ 106.51040704544863, 10.913517775218589 ], [ 106.510000150235484, 10.913726850858946 ], [ 106.509424455213264, 10.914023523534134 ], [ 106.50892134354784, 10.914271549643356 ], [ 106.50837752404243, 10.914542799808148 ], [ 106.507942848874563, 10.914759311586277 ], [ 106.507825189043771, 10.914818561019032 ], [ 106.507578057835588, 10.914944304749893 ], [ 106.507362940115001, 10.915055579417425 ], [ 106.507005457080808, 10.915243339654841 ], [ 106.506539951638786, 10.915477065753175 ], [ 106.50622159631672, 10.915639713378393 ], [ 106.50619869211134, 10.915651593153832 ], [ 106.503820128872221, 10.916864247414459 ], [ 106.503767318208219, 10.916886795187564 ], [ 106.503743534810852, 10.916885617361965 ], [ 106.496151862226768, 10.920765244743949 ], [ 106.496007636524538, 10.920838949506582 ], [ 106.488523201781092, 10.924528714488851 ], [ 106.487394050620296, 10.925062772317482 ], [ 106.487379857715084, 10.925069819360056 ], [ 106.457264209660352, 10.940022506826212 ], [ 106.45726416219587, 10.940022529655986 ], [ 106.457011413208548, 10.940149804131869 ], [ 106.454380950823989, 10.941474355961416 ], [ 106.453535429945575, 10.941900105743159 ], [ 106.45337288844317, 10.942023739405144 ], [ 106.453031002364526, 10.942283789553432 ], [ 106.452038699820022, 10.943038564096605 ], [ 106.451502046224633, 10.943445779090835 ], [ 106.449710219348248, 10.944805772170465 ], [ 106.448587483824127, 10.945658174159353 ], [ 106.443731026000918, 10.949376695185039 ], [ 106.440297798203616, 10.952103249229667 ], [ 106.426084236825616, 10.963062873512035 ], [ 106.426070061277329, 10.963073319391023 ], [ 106.417595005221301, 10.969318036250568 ], [ 106.417576082574243, 10.969332274177569 ], [ 106.41650094059105, 10.970141249695057 ], [ 106.415776305095463, 10.970680245328781 ], [ 106.415488343837396, 10.970894563337236 ], [ 106.414448818144123, 10.971665470066501 ], [ 106.413476680949159, 10.972389700987371 ], [ 106.413445202913579, 10.972412659600806 ], [ 106.413148477733927, 10.972628741559477 ], [ 106.412357347662265, 10.973212702021209 ], [ 106.412302966734984, 10.973252975382307 ], [ 106.411890844367406, 10.973557646340725 ], [ 106.411746364962539, 10.973627518679219 ], [ 106.411451056330819, 10.973845111659131 ], [ 106.373022693636514, 10.969750237732073 ], [ 106.373003940513769, 10.969767447069176 ], [ 106.372966625046288, 10.96980117138907 ], [ 106.372707364042085, 10.970168155319103 ], [ 106.372248507582867, 10.970815398906483 ], [ 106.372199740050647, 10.970880258915761 ], [ 106.371333941829718, 10.971961578883809 ], [ 106.371021079641778, 10.972359337570289 ], [ 106.370142622072635, 10.973513858752991 ], [ 106.370024810707079, 10.973668693089474 ], [ 106.370024780689903, 10.973668732103484 ], [ 106.369339646908642, 10.974579570010787 ], [ 106.368437732477972, 10.975822293819702 ], [ 106.36756778292397, 10.977020963287368 ], [ 106.367257157502578, 10.977454186675169 ], [ 106.366745204130709, 10.978149880937549 ], [ 106.366374043031769, 10.978654108146603 ], [ 106.365086258726791, 10.980373722538269 ], [ 106.364745745857718, 10.980826580052936 ], [ 106.363970744507967, 10.981849570511949 ], [ 106.363196958980595, 10.982818371166411 ], [ 106.363080896034674, 10.982969085405967 ], [ 106.362110152923051, 10.984252185723498 ], [ 106.361846068384011, 10.98460124243347 ], [ 106.361784683350749, 10.984682588195499 ], [ 106.361771153229938, 10.984700458986756 ], [ 106.361535988061902, 10.985012255643419 ], [ 106.360527617611979, 10.986350654851098 ], [ 106.360221148517084, 10.986765083153022 ], [ 106.356744389264634, 10.99153186108876 ], [ 106.356831314370268, 10.991588667119567 ], [ 106.356999589286872, 10.991680755900143 ], [ 106.357039997739946, 10.991702869568945 ], [ 106.357418042099482, 10.991909437625154 ], [ 106.357330988788078, 10.992166631879662 ], [ 106.358377841699991, 10.993044141574899 ], [ 106.358558775698256, 10.993148988407746 ], [ 106.35854361725967, 10.993183100672889 ], [ 106.360311224222826, 10.994664773267028 ], [ 106.359973242220079, 10.995309758614258 ], [ 106.360501512780274, 10.995553883330865 ], [ 106.362073613887418, 10.996243101942936 ], [ 106.362195566318405, 10.996390232441343 ], [ 106.362711709353661, 10.996691751977467 ], [ 106.363446845059357, 10.997178303426137 ], [ 106.363479833130526, 10.997197867089785 ], [ 106.364149461322739, 10.997498554149104 ], [ 106.364194467868572, 10.997521287117605 ], [ 106.365245882541828, 10.997972449740313 ], [ 106.365593810314891, 10.998110504495887 ], [ 106.365945380608906, 10.998272604909866 ], [ 106.366956427614156, 10.998706445090381 ], [ 106.367028841520721, 10.998718554267931 ], [ 106.368557695135763, 10.998884665738219 ], [ 106.369454283095266, 10.998985832720486 ], [ 106.370544966754224, 10.999197956304128 ], [ 106.371529373924034, 10.999324018344289 ], [ 106.372664048149673, 10.999440397384005 ], [ 106.374072019973639, 10.999560037195762 ], [ 106.374409313831663, 10.999612513501374 ], [ 106.374851764112861, 10.999750013607411 ], [ 106.375626724894644, 10.999890510482947 ], [ 106.376464822392251, 10.999895714862795 ], [ 106.376793892312804, 10.999931020452854 ], [ 106.376962627797312, 10.999943554169963 ], [ 106.377021111715507, 11.00001100876252 ], [ 106.377064410228911, 11.000140432642029 ], [ 106.3771788945796, 11.000415868227522 ], [ 106.377256110849729, 11.000428781308239 ], [ 106.380509842052248, 10.998541154661211 ], [ 106.380518947147536, 10.998501136897298 ], [ 106.380529829197116, 10.998479553151563 ], [ 106.380630496942672, 10.998440134766483 ], [ 106.38068244669455, 10.998441019889718 ], [ 106.380742743882351, 10.998406038047595 ], [ 106.388025356639943, 10.999299769789872 ], [ 106.388098165043857, 10.99926311640615 ], [ 106.388116374348812, 10.999233592148355 ], [ 106.388186999725519, 10.999259422162417 ], [ 106.388297438861898, 10.999333159505008 ], [ 106.391096339306188, 10.999676643732178 ], [ 106.391342453144944, 10.999655594736245 ], [ 106.391381551464065, 10.9996667628194 ], [ 106.391483211674327, 10.999724121479973 ], [ 106.392041875533394, 10.999792681361278 ], [ 106.392082349778718, 10.999804919891119 ], [ 106.392096516233195, 10.999804185008349 ], [ 106.392114511067007, 10.999814644983658 ], [ 106.404989897186496, 11.003708023320648 ], [ 106.405253608200866, 11.003687148999651 ], [ 106.405256351257009, 11.0037885961681 ], [ 106.405294133868125, 11.003800021578716 ], [ 106.405928419291939, 11.005265358675835 ], [ 106.406167368395685, 11.005313114332896 ], [ 106.406128587355596, 11.005647268792394 ], [ 106.40623434968046, 11.005644941846359 ], [ 106.406275198385785, 11.005775022250727 ], [ 106.406265319964874, 11.005985599621873 ], [ 106.406282728601497, 11.006044780442318 ], [ 106.406290655307203, 11.006102202300969 ], [ 106.406339361549257, 11.006214724822948 ], [ 106.406478868638956, 11.00625471471411 ], [ 106.406770605926766, 11.006322682523756 ], [ 106.407104643315805, 11.006406860686166 ], [ 106.407185060280085, 11.006416553915416 ], [ 106.407318312575015, 11.006429573646594 ], [ 106.407349012237461, 11.006443674397115 ], [ 106.4073706483628, 11.006456441942719 ], [ 106.407381109437225, 11.00646261579899 ], [ 106.407429857546205, 11.006478046977573 ], [ 106.407500127069611, 11.006496732780722 ], [ 106.407589631105751, 11.006513094357247 ], [ 106.407628159254017, 11.006521862296568 ], [ 106.407721175259923, 11.006562809388292 ], [ 106.407875667165641, 11.006596808774304 ], [ 106.408060088924032, 11.006658535097253 ], [ 106.408213997157318, 11.006703154400846 ], [ 106.408617796054017, 11.006822585432124 ], [ 106.408958365223327, 11.006909355858301 ], [ 106.409212389355474, 11.007006593397023 ], [ 106.409375686046644, 11.007068463005798 ], [ 106.409448665641818, 11.007106030593961 ], [ 106.410486076018699, 11.007403412438157 ], [ 106.410508758303308, 11.007396557624112 ], [ 106.410511493263428, 11.007410699321529 ], [ 106.410527898635138, 11.007415401522996 ], [ 106.412354900795563, 11.008626322115129 ], [ 106.412549363151953, 11.00874130983159 ], [ 106.412810713232048, 11.008889891582772 ], [ 106.412818045164599, 11.008894058120509 ], [ 106.412809401125941, 11.008927561651264 ], [ 106.412824345202893, 11.008937466634414 ], [ 106.412335096070038, 11.010283202101611 ], [ 106.412332905606391, 11.010293274521993 ], [ 106.41230198678511, 11.010385576058487 ], [ 106.412280678627098, 11.010432885122217 ], [ 106.411283207521549, 11.013176546260436 ], [ 106.411239130854838, 11.01320796050614 ], [ 106.411234586736356, 11.013215385681539 ], [ 106.411225803694705, 11.013217459041394 ], [ 106.409784814331886, 11.014244481049264 ], [ 106.409760781640017, 11.014328054383455 ], [ 106.409574097112909, 11.014562123381824 ], [ 106.409526221704482, 11.014644802952011 ], [ 106.409462410997719, 11.014664340471278 ], [ 106.409248962512478, 11.014626393874424 ], [ 106.409108830716718, 11.014726269209786 ], [ 106.409169612302932, 11.015172225426589 ], [ 106.409179569838074, 11.015199632667409 ], [ 106.409175836813461, 11.015217898379138 ], [ 106.409536075356783, 11.017860994913692 ], [ 106.409512363299385, 11.018036388169007 ], [ 106.409499406278556, 11.01815945375701 ], [ 106.409494191567816, 11.018170796080138 ], [ 106.409010354551313, 11.021749540054255 ], [ 106.409025626933598, 11.021837897240651 ], [ 106.409074395075507, 11.021985196453263 ], [ 106.409008904835929, 11.022114034972715 ], [ 106.408953690348085, 11.022168662300604 ], [ 106.408918093386944, 11.022431957543343 ], [ 106.408974748221041, 11.022588368262531 ], [ 106.409023894873556, 11.02264501427288 ], [ 106.409148459859082, 11.022830960652382 ], [ 106.409312895402294, 11.023038393118485 ], [ 106.409515094446746, 11.023176915900828 ], [ 106.409591657638998, 11.023257142845436 ], [ 106.409657604900019, 11.023336862164554 ], [ 106.409675540762308, 11.023396382745771 ], [ 106.409705465403917, 11.023456409966224 ], [ 106.409568853291447, 11.023548940572896 ], [ 106.409371747707794, 11.02368440536636 ], [ 106.409596309072256, 11.02430437543231 ], [ 106.409694223191281, 11.024443547338155 ], [ 106.409754520182574, 11.024590088394346 ], [ 106.409830350851351, 11.024699338066752 ], [ 106.409846987148342, 11.0247824583272 ], [ 106.40985101724246, 11.024843829227628 ], [ 106.409986981784954, 11.025016722258407 ], [ 106.409998243345285, 11.025048600668864 ], [ 106.410027341811798, 11.025077895257786 ], [ 106.410152275746128, 11.02526483384392 ], [ 106.410315725214559, 11.025597293418182 ], [ 106.410329744310303, 11.025692716745448 ], [ 106.410365275745818, 11.025760771887605 ], [ 106.410522859098307, 11.025851876335111 ], [ 106.410522893794933, 11.025852243256438 ], [ 106.410543119347281, 11.026071945832765 ], [ 106.410578057988431, 11.026363476622565 ], [ 106.410579063200288, 11.02648217258208 ], [ 106.410587193457701, 11.026526036399904 ], [ 106.410602127630767, 11.02656841830834 ], [ 106.410647138025411, 11.02668790585704 ], [ 106.410713118888879, 11.026897078268341 ], [ 106.41073677699832, 11.02706135883615 ], [ 106.410881571446183, 11.027456885594168 ], [ 106.41095677016699, 11.027628332966067 ], [ 106.411040509282245, 11.027882956196768 ], [ 106.411041568899037, 11.0278861763472 ], [ 106.411079024517193, 11.027954407737671 ], [ 106.411225064552298, 11.028487069924429 ], [ 106.411247432880671, 11.028559687911152 ], [ 106.411338242279015, 11.02877836725917 ], [ 106.411363205981232, 11.028861102272696 ], [ 106.411338639704226, 11.028906736718916 ], [ 106.411291025409781, 11.028927403854988 ], [ 106.411310326229099, 11.029013497013443 ], [ 106.41135309734041, 11.029144000032804 ], [ 106.411354683102388, 11.029158896562274 ], [ 106.411390018316609, 11.029256449208068 ], [ 106.411716515374223, 11.029711699433188 ], [ 106.411735317455722, 11.029733719979204 ], [ 106.411748961608239, 11.029756939938633 ], [ 106.412301086399438, 11.030526792906581 ], [ 106.412350626271376, 11.030534639642424 ], [ 106.412406370281488, 11.030569095338107 ], [ 106.412458748255119, 11.030609710368251 ], [ 106.412546049581977, 11.030705206870399 ], [ 106.413082759965221, 11.031162360304798 ], [ 106.413249713828634, 11.031325743407139 ], [ 106.413330236059281, 11.031376895881829 ], [ 106.413380836295445, 11.031490909234375 ], [ 106.413385528136615, 11.031598229061737 ], [ 106.413365137224531, 11.031703599919705 ], [ 106.413313736044941, 11.031879301362393 ], [ 106.413298255839365, 11.031917192982446 ], [ 106.413312624506105, 11.031937227781716 ], [ 106.41331731873909, 11.031942791683747 ], [ 106.413381153288952, 11.031994585241387 ], [ 106.413594963062479, 11.032136021124263 ], [ 106.413716560783655, 11.032220087026698 ], [ 106.413823764991648, 11.032353762562005 ], [ 106.413828053300676, 11.032376450107787 ], [ 106.413796966905721, 11.032430266008889 ], [ 106.413799145140231, 11.03244883327503 ], [ 106.413803926541661, 11.032519521290521 ], [ 106.413892042260073, 11.032623956354394 ], [ 106.413903549913059, 11.032630381742315 ], [ 106.413993343553358, 11.032723001732675 ], [ 106.414114763618031, 11.032864381887638 ], [ 106.414339338088965, 11.033115016279167 ], [ 106.414426712000079, 11.033206455740149 ], [ 106.414528561357486, 11.033295440646587 ], [ 106.414629157966743, 11.033374889941062 ], [ 106.414781904476172, 11.03350180818491 ], [ 106.414895885456261, 11.033602664642309 ], [ 106.414955407781306, 11.033677535374029 ], [ 106.414967495630066, 11.03369846949399 ], [ 106.414973870010726, 11.033715259488444 ], [ 106.415009270842589, 11.033702403595962 ], [ 106.415186939122762, 11.03366062779687 ], [ 106.415193856249516, 11.033672256212229 ], [ 106.415292634975245, 11.033721959311608 ], [ 106.415378271677753, 11.03374063121599 ], [ 106.415462869686579, 11.033752438273019 ], [ 106.415482575782434, 11.03372134315393 ], [ 106.415497750292545, 11.033718289487593 ], [ 106.415585878402325, 11.033741198256559 ], [ 106.415652014838571, 11.033776411165688 ], [ 106.415682451411001, 11.033808084805933 ], [ 106.415690491706357, 11.033844021252644 ], [ 106.415686976640629, 11.033905253546026 ], [ 106.415819521879428, 11.033946528468245 ], [ 106.415982778823832, 11.033976772099431 ], [ 106.416144408296205, 11.034113970616895 ], [ 106.416227052251443, 11.034110652141573 ], [ 106.416416350883864, 11.034299760846077 ], [ 106.416450830222175, 11.034323042229138 ], [ 106.416449647981707, 11.034333024965354 ], [ 106.416802294925077, 11.03468531943598 ], [ 106.416914024210058, 11.034733766988234 ], [ 106.417011711610954, 11.034804080849248 ], [ 106.417046976854948, 11.034850195290415 ], [ 106.417079698604326, 11.034957964208678 ], [ 106.417083729793816, 11.034966471408223 ], [ 106.417335387354868, 11.035217876878967 ], [ 106.417418337481536, 11.03522605910184 ], [ 106.417419811300164, 11.035208941323264 ], [ 106.41760852897265, 11.035223730590532 ], [ 106.417829533905774, 11.035232540517327 ], [ 106.417892127793721, 11.035330289023387 ], [ 106.417916947684716, 11.035354459892826 ], [ 106.417941186607052, 11.035347380019145 ], [ 106.418133881574164, 11.035384601967602 ], [ 106.418268530650565, 11.03540044952514 ], [ 106.418338250236332, 11.035383455231548 ], [ 106.418654624051868, 11.035657681609463 ], [ 106.418654417888604, 11.035679563697428 ], [ 106.418655275072013, 11.035953523520213 ], [ 106.418662007192552, 11.036002843633966 ], [ 106.418705173882969, 11.036036717628479 ], [ 106.418753241380784, 11.036061189099314 ], [ 106.419286690406324, 11.036101245136781 ], [ 106.419579368540496, 11.036108855294184 ], [ 106.419815406054724, 11.036144959763028 ], [ 106.420042117100863, 11.036162338709545 ], [ 106.420068941251984, 11.036163959747489 ], [ 106.4200691090644, 11.036164408318641 ], [ 106.420087525783885, 11.036165820133741 ], [ 106.42220086901969, 11.041467297019691 ], [ 106.421636292918308, 11.041977511955086 ], [ 106.422742554824438, 11.042774782987173 ], [ 106.422552458075728, 11.043412917444151 ], [ 106.422864413326806, 11.043633409285984 ], [ 106.422575659223284, 11.044034046185784 ], [ 106.422667850274422, 11.044105092330307 ], [ 106.422293153129274, 11.044600480842011 ], [ 106.42336053632151, 11.045411691803308 ], [ 106.422597597671526, 11.046587574150273 ], [ 106.422757129437699, 11.046636408045472 ], [ 106.423114058901234, 11.04673376548773 ], [ 106.423213047627058, 11.046760157399579 ], [ 106.423772511625572, 11.046945521433333 ], [ 106.424307141554848, 11.047110810015212 ], [ 106.424328640281416, 11.047117457313124 ], [ 106.424378981827019, 11.047140426878295 ], [ 106.424520091128571, 11.047188595147809 ], [ 106.424760699624784, 11.047368131816301 ], [ 106.424337750746474, 11.047688949322078 ], [ 106.424327980931139, 11.047719827337545 ], [ 106.424329467812925, 11.047785388462874 ], [ 106.420515274354656, 11.051756067659481 ], [ 106.42036535973962, 11.051965945279631 ], [ 106.42063684276782, 11.053035365997046 ], [ 106.421331117234161, 11.055285083490979 ], [ 106.421227855192384, 11.055672817085131 ], [ 106.421216078052908, 11.05581931315238 ], [ 106.421145033496146, 11.056335739667825 ], [ 106.421120522542736, 11.056469657526783 ], [ 106.4209690647305, 11.056742748534282 ], [ 106.421160150866569, 11.057063934628342 ], [ 106.42098576160376, 11.057400821021014 ], [ 106.420901103307557, 11.057369385067558 ], [ 106.42068695615778, 11.057851766032211 ], [ 106.420578274729948, 11.058111890386682 ], [ 106.420545287847517, 11.058235751537348 ], [ 106.420583974261007, 11.058255947242364 ], [ 106.420797671683971, 11.058332700773896 ], [ 106.421139066359103, 11.058452685628657 ], [ 106.421362046144267, 11.058533623747364 ], [ 106.421487883718001, 11.058616408143591 ], [ 106.422208017891322, 11.059103739632734 ], [ 106.422277161053614, 11.059139833930773 ], [ 106.420697878097101, 11.061097728063274 ], [ 106.420843276328171, 11.061229025365451 ], [ 106.420890114741681, 11.061267416426206 ], [ 106.421014809818715, 11.061383923403708 ], [ 106.421582886101049, 11.061896905757061 ], [ 106.420194336891257, 11.06336556454305 ], [ 106.420362725308692, 11.063595659481869 ], [ 106.420453439588556, 11.063714157188816 ], [ 106.420612199907211, 11.063917222755178 ], [ 106.420699403467765, 11.064055715625475 ], [ 106.421086975743918, 11.06458531422609 ], [ 106.421080142512949, 11.064596064929406 ], [ 106.421102332728609, 11.064632155949008 ], [ 106.42125588416684, 11.064860315509968 ], [ 106.421549662116959, 11.064772724747577 ], [ 106.421713534451783, 11.06516908930924 ], [ 106.422031320856206, 11.065326157042518 ], [ 106.422467573208124, 11.065522065387984 ], [ 106.422466097495828, 11.06581072297317 ], [ 106.422782564492906, 11.065806863033222 ], [ 106.422791426400863, 11.066036457898845 ], [ 106.423198443906713, 11.066161865999121 ], [ 106.423613016960843, 11.066244853735473 ], [ 106.42455164611124, 11.066468854066324 ], [ 106.424748131342454, 11.06649202002443 ], [ 106.425756164104513, 11.066560375530598 ], [ 106.42523736399859, 11.068812953094525 ], [ 106.425951448989764, 11.070564770584525 ], [ 106.426201128528604, 11.070935374300388 ], [ 106.426482084098083, 11.071528304499163 ], [ 106.426629200560342, 11.071944547440843 ], [ 106.426837793380145, 11.072485615930439 ], [ 106.426896417794964, 11.072646869152871 ], [ 106.427165956019365, 11.07334353133658 ], [ 106.427304955824383, 11.073860904392788 ], [ 106.427312576845651, 11.073903938688037 ], [ 106.427358337233983, 11.074016198664093 ], [ 106.427345241594111, 11.074054975678749 ], [ 106.427373328834832, 11.074167313778098 ], [ 106.427410543435798, 11.074381537380605 ], [ 106.427426423812065, 11.07456927392106 ], [ 106.427434582933429, 11.074820219842097 ], [ 106.427056157826541, 11.075668914934912 ], [ 106.426623768815276, 11.076270306045515 ], [ 106.426298885227169, 11.077989513802477 ], [ 106.42603183516259, 11.077959347069804 ], [ 106.426340085695287, 11.081638531256615 ], [ 106.426361722541969, 11.081654245015189 ], [ 106.426472870391123, 11.081740853810224 ], [ 106.426498641816238, 11.081752753350585 ], [ 106.426522833998504, 11.081759506781404 ], [ 106.426529365456432, 11.081936723585351 ], [ 106.426528435821467, 11.08206580059815 ], [ 106.426520839663397, 11.082367908279963 ], [ 106.426518229458694, 11.082376688026786 ], [ 106.426517123762338, 11.082526283422233 ], [ 106.42651919724382, 11.082670982354538 ], [ 106.426512529046889, 11.082805326868503 ], [ 106.426506587433224, 11.083014600004262 ], [ 106.426508545301417, 11.083116366593824 ], [ 106.426901869523988, 11.083156807306827 ], [ 106.426987103636961, 11.083202230245034 ], [ 106.427160135348714, 11.083331656934856 ], [ 106.426785076921888, 11.083789034968659 ], [ 106.426892959175234, 11.083873838907524 ], [ 106.426938279366809, 11.083909463554615 ], [ 106.427153858555144, 11.084071954776412 ], [ 106.426601630588209, 11.084758702014366 ], [ 106.42648529516309, 11.084980503256377 ], [ 106.426448307391809, 11.085464112277574 ], [ 106.426442248028067, 11.085657753441632 ], [ 106.426449903587169, 11.086839163857785 ], [ 106.426468453443462, 11.087789415669226 ], [ 106.426384208679224, 11.08792490558341 ], [ 106.426314466369419, 11.088572953639968 ], [ 106.426371831631698, 11.088842572144422 ], [ 106.426356361199538, 11.089158151535186 ], [ 106.426216729173291, 11.089576277631407 ], [ 106.426000119503172, 11.091324167049322 ], [ 106.425977415200563, 11.09162102617317 ], [ 106.42884786809384, 11.091881567678127 ], [ 106.429741840185827, 11.091857375565283 ], [ 106.430717391471291, 11.091900883944112 ], [ 106.430728229368, 11.092052243253562 ], [ 106.430852597982337, 11.092063531440242 ], [ 106.431561890156232, 11.098289869415057 ], [ 106.43222707431616, 11.09824522092868 ], [ 106.432247258855313, 11.098293762797224 ], [ 106.432294552031763, 11.098293886056819 ], [ 106.433095640802065, 11.100303277462627 ], [ 106.433799510093351, 11.100229515042678 ], [ 106.43383918813997, 11.100224205174044 ], [ 106.4338395624887, 11.100225318187009 ], [ 106.433850950085784, 11.100224124775519 ], [ 106.437410030056967, 11.109892513073063 ], [ 106.437413876701541, 11.109902961817953 ], [ 106.437818232832441, 11.112167941146478 ], [ 106.437971955988246, 11.112291510000681 ], [ 106.438131461994416, 11.11227975351828 ], [ 106.438294201874456, 11.112377195851423 ], [ 106.438456138745465, 11.11251101234703 ], [ 106.438903928701521, 11.112935722728391 ], [ 106.439149392603611, 11.113237979171332 ], [ 106.441189653417538, 11.114878020673842 ], [ 106.441283666104511, 11.114783189228888 ], [ 106.441316197770419, 11.114757178015589 ], [ 106.441348975874504, 11.114734558813055 ], [ 106.441363198143293, 11.114727750397799 ], [ 106.441374688871605, 11.114723410681604 ], [ 106.441393812844794, 11.114723367882027 ], [ 106.441403553555418, 11.114725252432494 ], [ 106.441409874274996, 11.114727738339171 ], [ 106.441443399667477, 11.114764813341955 ], [ 106.441527710214714, 11.114853758970836 ], [ 106.441680807173327, 11.115007483041389 ], [ 106.441693747354478, 11.115018474904108 ], [ 106.441707548655316, 11.115025111973857 ], [ 106.441718736062569, 11.115027418136632 ], [ 106.441727591033015, 11.115027153286025 ], [ 106.441732051195331, 11.115026591243057 ], [ 106.441756747214839, 11.115016768882903 ], [ 106.441791790864571, 11.11499000329283 ], [ 106.441799330709983, 11.114987213183593 ], [ 106.441807030121709, 11.114985410521721 ], [ 106.441816438020027, 11.114983838361589 ], [ 106.441821175348437, 11.114983790342219 ], [ 106.441828731474999, 11.114986735944296 ], [ 106.441837200396009, 11.114991186161669 ], [ 106.441855942858638, 11.115004604012961 ], [ 106.441883972780019, 11.115026778135263 ], [ 106.441909469963562, 11.11505107643713 ], [ 106.442192546330048, 11.115442926706777 ], [ 106.442193745512796, 11.115444585457876 ], [ 106.442198003043373, 11.11545047804551 ], [ 106.442221902031761, 11.115483562154539 ], [ 106.442246366045893, 11.11551742652709 ], [ 106.442270193626968, 11.115546783252936 ], [ 106.442295575138658, 11.115577146053784 ], [ 106.442302999331687, 11.115586026066717 ], [ 106.442330171047601, 11.115618528489147 ], [ 106.44249563557446, 11.115910159061039 ], [ 106.442565216542192, 11.11603014856202 ], [ 106.442610051610814, 11.116104568414245 ], [ 106.442630754604835, 11.116181185290818 ], [ 106.442636452603821, 11.116226260387432 ], [ 106.442643944975501, 11.116277487605938 ], [ 106.442656281508505, 11.116338473351989 ], [ 106.442671582167875, 11.116379498914783 ], [ 106.442676042547603, 11.116421241000024 ], [ 106.442673009508965, 11.116456974024002 ], [ 106.442635114052266, 11.116571239533561 ], [ 106.442630217920495, 11.116593547960029 ], [ 106.442613737808784, 11.116668639778428 ], [ 106.442610112567806, 11.116715381591844 ], [ 106.442614391129723, 11.116759430979888 ], [ 106.44262551761868, 11.116919875693402 ], [ 106.442661158135735, 11.117081862809398 ], [ 106.442686709933156, 11.117163198562345 ], [ 106.442800161756153, 11.117399861367863 ], [ 106.442849881480228, 11.117539112609917 ], [ 106.442885472435194, 11.117671430049947 ], [ 106.44290723200811, 11.117922239200116 ], [ 106.442928827415074, 11.118103366195438 ], [ 106.44296297704706, 11.118281181709804 ], [ 106.442982992670736, 11.118420484993312 ], [ 106.443000120050954, 11.118523513156786 ], [ 106.443024186241487, 11.118668299517843 ], [ 106.443078875482854, 11.118897407964679 ], [ 106.443157065743179, 11.119141120100023 ], [ 106.443292112907841, 11.119558908570744 ], [ 106.443419680240723, 11.119795536643675 ], [ 106.443533149895188, 11.120039166964764 ], [ 106.443590024823351, 11.12022021397534 ], [ 106.443569234035891, 11.120380532385616 ], [ 106.443543104119414, 11.120566334844769 ], [ 106.443539366131461, 11.120770552666556 ], [ 106.44357774059398, 11.120993725868578 ], [ 106.443641786086673, 11.121223531445565 ], [ 106.443719846050342, 11.121411498120153 ], [ 106.443769486226032, 11.12151590888042 ], [ 106.443790884331094, 11.121613415707277 ], [ 106.443798188137791, 11.121717923056996 ], [ 106.44379916950129, 11.121780578880696 ], [ 106.443792974047582, 11.121836856192289 ], [ 106.443798647980373, 11.121913036020002 ], [ 106.443841296654909, 11.122045333770538 ], [ 106.44387181100474, 11.122161740979207 ], [ 106.443912147508513, 11.122265835621796 ], [ 106.443943932900638, 11.122324105858064 ], [ 106.443963039945075, 11.122374072899772 ], [ 106.443976447226319, 11.122504931537721 ], [ 106.443988840286409, 11.122576138930189 ], [ 106.44401639106016, 11.122628170218364 ], [ 106.444054485081267, 11.12267600724811 ], [ 106.444096925350536, 11.122727639715437 ], [ 106.444238307097308, 11.122838807423708 ], [ 106.444303975713581, 11.122894227768548 ], [ 106.444330247750642, 11.122929184393506 ], [ 106.444369651149145, 11.123006598114086 ], [ 106.444405699864788, 11.123081528937275 ], [ 106.444439762485928, 11.123210643675037 ], [ 106.444424631719031, 11.123347536086081 ], [ 106.44440161265166, 11.123426369915691 ], [ 106.444369260940576, 11.123545334857674 ], [ 106.444377385203182, 11.123670436027052 ], [ 106.444383550235244, 11.123749618770768 ], [ 106.444393623537309, 11.123891615032184 ], [ 106.444408965663953, 11.123985317354608 ], [ 106.444421961201854, 11.124168924665193 ], [ 106.444443146488666, 11.124207334152635 ], [ 106.4444704321334, 11.124266446856863 ], [ 106.444521860231319, 11.124355063643122 ], [ 106.44458531491459, 11.124449550980783 ], [ 106.44464272579792, 11.124535178875172 ], [ 106.44466721676207, 11.124635776371388 ], [ 106.444706998892826, 11.12479554417826 ], [ 106.444752337705722, 11.124866417750473 ], [ 106.444758689017718, 11.124937480512576 ], [ 106.444770992014597, 11.124999627102307 ], [ 106.444810380120245, 11.125079417730156 ], [ 106.444832103839985, 11.125227422816302 ], [ 106.444846412461303, 11.125348026009855 ], [ 106.444846546654659, 11.12537543938795 ], [ 106.444835208385399, 11.125421182119583 ], [ 106.444817400872239, 11.125562900056025 ], [ 106.444788501844386, 11.125800617223627 ], [ 106.444775455353025, 11.1259697262969 ], [ 106.444767081664864, 11.12614795091554 ], [ 106.444770023762231, 11.126275864357774 ], [ 106.444777527913331, 11.126390048405554 ], [ 106.444787442258516, 11.126524779799695 ], [ 106.444799167959005, 11.126556706005724 ], [ 106.444824870088667, 11.126609124860488 ], [ 106.444910714087996, 11.126661251867585 ], [ 106.444982644671157, 11.126706594269786 ], [ 106.445022159857885, 11.126745238324279 ], [ 106.445075632652319, 11.126799807450311 ], [ 106.445124408282012, 11.12684069259339 ], [ 106.445154806760371, 11.126906793575246 ], [ 106.445161881299526, 11.126934173574135 ], [ 106.445166811350703, 11.1269958302754 ], [ 106.445171717952235, 11.127052915825791 ], [ 106.445185869783344, 11.127107673999172 ], [ 106.445218656924013, 11.127189753861156 ], [ 106.44525142339927, 11.127267267074068 ], [ 106.445273552750379, 11.127311576764754 ], [ 106.445434999014367, 11.127494991633853 ], [ 106.445474677097209, 11.127508340987136 ], [ 106.445525654588948, 11.12752636998985 ], [ 106.445585862395035, 11.127539787842014 ], [ 106.445666902401541, 11.127555389292036 ], [ 106.445754912867045, 11.127577810462135 ], [ 106.445852198703008, 11.127604753721064 ], [ 106.445919381558397, 11.127624989412167 ], [ 106.445988886383617, 11.12764749864132 ], [ 106.446028300409509, 11.127665585902697 ], [ 106.446065489325818, 11.127701957156496 ], [ 106.446100354460953, 11.127736055764215 ], [ 106.446116693220517, 11.127765674968803 ], [ 106.446142464239955, 11.127831798076148 ], [ 106.446154302863903, 11.127886567306497 ], [ 106.44616151186375, 11.127941357910643 ], [ 106.44617346991339, 11.128021255841581 ], [ 106.446213605396665, 11.128185537670015 ], [ 106.446248877346434, 11.12830187449174 ], [ 106.44628409203689, 11.128406787045671 ], [ 106.446303418645073, 11.128481581872796 ], [ 106.448250575591416, 11.130693699927546 ], [ 106.448283221463683, 11.130711548210778 ], [ 106.448370074870866, 11.130772861369808 ], [ 106.448416589624571, 11.13081379560964 ], [ 106.448394323440681, 11.130855680761163 ], [ 106.448393869696702, 11.130856493044613 ], [ 106.44840783194681, 11.130872355511615 ], [ 106.447850520156507, 11.13192581965866 ], [ 106.447849540210683, 11.131932235532886 ], [ 106.447830396194519, 11.132003100001244 ], [ 106.447823309944425, 11.132162032337753 ], [ 106.448103485267296, 11.13222087762801 ], [ 106.448102782844742, 11.132264175944885 ], [ 106.448073071077161, 11.132419148772556 ], [ 106.447933096021814, 11.132819870801374 ], [ 106.447932034515418, 11.132827196618601 ], [ 106.447921888387569, 11.135532931753323 ], [ 106.447896192518655, 11.135974695338536 ], [ 106.447738201288217, 11.135963367974758 ], [ 106.447595865758814, 11.135953163026395 ], [ 106.446085371455695, 11.135769464607725 ], [ 106.445798609213043, 11.135804463405783 ], [ 106.445783318722818, 11.13583336687411 ], [ 106.450902642964166, 11.136438951193554 ], [ 106.456319512629491, 11.141488657021908 ], [ 106.458269078314586, 11.147899369994022 ], [ 106.45828789587496, 11.147961245124511 ], [ 106.458269638790426, 11.148130643967363 ], [ 106.458222583222053, 11.148567254521375 ], [ 106.4581333242852, 11.149395444022455 ], [ 106.457811289139372, 11.152383478844877 ], [ 106.457753838514776, 11.152916535404835 ], [ 106.457288330692322, 11.153077261352326 ], [ 106.456657204891059, 11.153295169453015 ], [ 106.456342399307076, 11.153403863049961 ], [ 106.456065235341967, 11.153255206328231 ], [ 106.455498485331361, 11.152951230161989 ], [ 106.452708574585429, 11.151454863646658 ], [ 106.452695548693569, 11.15144787639557 ], [ 106.45266896305472, 11.151464116626304 ], [ 106.451818167128167, 11.151983842089511 ], [ 106.451495983522989, 11.153361008804414 ], [ 106.451467216355923, 11.153483971295794 ], [ 106.451494923521167, 11.153583680338457 ], [ 106.452704238624037, 11.157935625201246 ], [ 106.452771841833638, 11.158178911381416 ], [ 106.452943234471974, 11.158287047198742 ], [ 106.455884297968083, 11.160142637929658 ], [ 106.45615166454229, 11.16031132626105 ], [ 106.456300492826003, 11.160229181614042 ], [ 106.457968986350437, 11.159308258932921 ], [ 106.459676444488935, 11.158365831043715 ], [ 106.461956207615941, 11.159263383587259 ], [ 106.463726401021191, 11.159960317034303 ], [ 106.463857353498554, 11.160011873943427 ], [ 106.463938148420425, 11.159919432888803 ], [ 106.465011937423611, 11.158690866403942 ], [ 106.466298757846417, 11.15721856210183 ], [ 106.470012499741699, 11.155654962438891 ], [ 106.470321394007769, 11.155524908706322 ], [ 106.470960318929286, 11.155255901450918 ], [ 106.470997917182899, 11.154971062650302 ], [ 106.471173941369173, 11.153637515170143 ], [ 106.468385033835759, 11.149555687461847 ], [ 106.467447224486634, 11.148183116989669 ], [ 106.467244805841943, 11.147886858719117 ], [ 106.467589216190703, 11.147576706591519 ], [ 106.468099699056822, 11.147117000783767 ], [ 106.471071198313382, 11.144441079903855 ], [ 106.47228783420563, 11.143345463655178 ], [ 106.475026926190637, 11.142937512767169 ], [ 106.475780574248986, 11.142825268105522 ], [ 106.479390973627218, 11.142287548359651 ], [ 106.479459465066583, 11.142277346892969 ], [ 106.47954652335153, 11.142283921013266 ], [ 106.482427299130393, 11.142501461994408 ], [ 106.484537773269906, 11.143161322062625 ], [ 106.488408743921752, 11.14437161778471 ], [ 106.490271773434785, 11.144455824791786 ], [ 106.491468131482307, 11.14450989946069 ], [ 106.494916616791912, 11.143620123593372 ], [ 106.496520907291625, 11.142771988234664 ], [ 106.498361800739147, 11.141798768468341 ], [ 106.500849205130066, 11.14048375972421 ], [ 106.501470269057393, 11.14015542410576 ], [ 106.501756547660122, 11.140269935348783 ], [ 106.504940565034616, 11.141543541983879 ], [ 106.506162346016225, 11.142032254365098 ], [ 106.507492459764052, 11.141977685647019 ], [ 106.507650077160605, 11.141971218929818 ], [ 106.507676187222117, 11.141896753424916 ], [ 106.508290037546658, 11.140146050754508 ], [ 106.508575443743936, 11.139332071544748 ], [ 106.508603750428179, 11.139251341296822 ], [ 106.508755218813718, 11.139039730972538 ], [ 106.509287443540032, 11.138296182685123 ], [ 106.511716544330625, 11.134902585070421 ], [ 106.51373833478084, 11.128794303342467 ], [ 106.515317618322555, 11.126338591898346 ], [ 106.515859597522905, 11.125780303203037 ], [ 106.516730704260951, 11.124882982168867 ], [ 106.517377554785483, 11.12421666662347 ], [ 106.519902354172459, 11.122687641142026 ], [ 106.51992383040033, 11.122674634702912 ], [ 106.521360098529883, 11.121804826573623 ], [ 106.522349535225132, 11.121737115645354 ], [ 106.525198386690803, 11.12154215772191 ], [ 106.526181878016459, 11.121474853311346 ], [ 106.526922808787447, 11.120409764697738 ], [ 106.52697533449475, 11.120334260043922 ], [ 106.52695634785178, 11.119865810724924 ], [ 106.526949644299805, 11.119700403403444 ], [ 106.526886539941245, 11.118143419904591 ], [ 106.52687615308821, 11.117887130754541 ], [ 106.527769739833403, 11.114756829331801 ], [ 106.527806938511588, 11.114626520279668 ], [ 106.527726732092162, 11.11420478635865 ], [ 106.526105357337499, 11.105679524115059 ], [ 106.526029290160295, 11.105279557543946 ], [ 106.525658526853974, 11.104969954293393 ], [ 106.524734118111965, 11.104198034432493 ], [ 106.524167718948036, 11.103725067223571 ], [ 106.516682805391142, 11.101651746376376 ], [ 106.516538324283488, 11.101611725190361 ], [ 106.516202631173371, 11.100805870623367 ], [ 106.516364214065419, 11.100380607188951 ], [ 106.517453852948833, 11.097512833535804 ], [ 106.523168269151157, 11.089865320158864 ], [ 106.524115219521136, 11.089626455281556 ], [ 106.524442377339099, 11.089543930557666 ], [ 106.527295771577528, 11.091661088236338 ], [ 106.530172052751325, 11.092407816072736 ], [ 106.5326058305196, 11.092046373691048 ], [ 106.534069803673361, 11.090286510494433 ], [ 106.534139337659923, 11.090202922109652 ], [ 106.534084273283881, 11.090055498594866 ], [ 106.533237448926727, 11.08778828895576 ], [ 106.533063594395287, 11.087322825336937 ], [ 106.532541374250556, 11.086759103934099 ], [ 106.530534869413302, 11.084593139443013 ], [ 106.52626643910294, 11.079985491595975 ], [ 106.526067439474843, 11.079770677220051 ], [ 106.525904853621128, 11.079325028606666 ], [ 106.523883346066057, 11.073784055906446 ], [ 106.523839655638, 11.07366430154384 ], [ 106.523904220662516, 11.073484354613266 ], [ 106.525228206987606, 11.069794291933576 ], [ 106.527640646733076, 11.067574355109667 ], [ 106.529147133105837, 11.06618808117403 ], [ 106.529721919610367, 11.065659160034455 ], [ 106.531690304432431, 11.061277979746105 ], [ 106.534230477226217, 11.057679401457746 ], [ 106.534322445554935, 11.057549113740022 ], [ 106.534488639608867, 11.057473790800682 ], [ 106.540953249469965, 11.054543870846503 ], [ 106.545704881504093, 11.052390314881732 ], [ 106.546270077842053, 11.052134153640461 ], [ 106.546748573498604, 11.051362012318998 ], [ 106.547600047975294, 11.049988000373316 ], [ 106.549894040560133, 11.046286221630487 ], [ 106.558789915096796, 11.045550939088546 ], [ 106.558797519915089, 11.045550136868068 ], [ 106.564613018169354, 11.044936427572198 ], [ 106.564618770677569, 11.044935820122785 ], [ 106.564621374977733, 11.044936267742308 ], [ 106.567491047119887, 11.045429954684135 ], [ 106.567578976173991, 11.045445081122224 ], [ 106.567625196098049, 11.04550925766118 ], [ 106.568340382337354, 11.046502304825701 ], [ 106.56842583961533, 11.046620963110046 ], [ 106.56848191238582, 11.04701547834231 ], [ 106.568635097745656, 11.048093242662878 ], [ 106.569005823183119, 11.050701559280222 ], [ 106.569013302977311, 11.050754187821168 ], [ 106.569082876289386, 11.050846471005586 ], [ 106.571683589981205, 11.054296134175868 ], [ 106.572107410167249, 11.054439461105428 ], [ 106.572667782322156, 11.054628966505739 ], [ 106.57301277901712, 11.054285764009707 ], [ 106.574665599211215, 11.052641542453699 ], [ 106.577610238835433, 11.049712223151593 ], [ 106.579633418846157, 11.047699568496409 ], [ 106.581159297318735, 11.041621803390496 ], [ 106.581202725055533, 11.041530365012344 ], [ 106.582513594100789, 11.038770277494422 ], [ 106.582776731312165, 11.038216232186549 ], [ 106.582963505210543, 11.038125338134835 ], [ 106.583277550183908, 11.037972506535766 ], [ 106.585947962745763, 11.03667294326687 ], [ 106.586492245462196, 11.03640806775077 ], [ 106.586889404595567, 11.036451558836932 ], [ 106.590883781359466, 11.036888966689755 ], [ 106.59104699373286, 11.036906839004732 ], [ 106.591109551208405, 11.037130577977715 ], [ 106.591808491592971, 11.0396303450516 ], [ 106.592694796729219, 11.04280022021964 ], [ 106.592817013069393, 11.043237327694088 ], [ 106.593121118344044, 11.043464374637143 ], [ 106.595751285054448, 11.045428075430342 ], [ 106.596189204406372, 11.045755028084702 ], [ 106.596444891142127, 11.045691469261955 ], [ 106.600007348679966, 11.044805896585649 ], [ 106.600232782224069, 11.044749857462092 ], [ 106.603002253213006, 11.041107774365523 ], [ 106.603066971490819, 11.04077442948352 ], [ 106.60329980013266, 11.039575218849469 ], [ 106.598307679239284, 11.033376339012701 ], [ 106.595729605069778, 11.030175058368455 ], [ 106.595571226640459, 11.029978394874398 ], [ 106.595544910533874, 11.029673878897709 ], [ 106.595197385161342, 11.02565252885533 ], [ 106.597431791782071, 11.017156821269598 ], [ 106.597516721070633, 11.016833902076552 ], [ 106.597645962119884, 11.016676319638258 ], [ 106.599222180540423, 11.014754471739947 ], [ 106.599317260912727, 11.014638544074703 ], [ 106.599530466617864, 11.014572457232196 ], [ 106.60118933737337, 11.014058263379599 ], [ 106.606714489793376, 11.012345654511615 ], [ 106.608350461002956, 11.011838558852189 ], [ 106.611729311945609, 11.011680976163907 ], [ 106.615895934299189, 11.011486652140938 ], [ 106.617385512196577, 11.011057779922089 ], [ 106.617505734739481, 11.01102316631663 ], [ 106.617558400687855, 11.010964251613204 ], [ 106.620023025895478, 11.008207183250866 ], [ 106.620061581694259, 11.008164052548882 ], [ 106.620079994413373, 11.008098050734398 ], [ 106.621279974122388, 11.003796598333148 ], [ 106.621312803252238, 11.00367892010061 ], [ 106.621287505235969, 11.003522056323039 ], [ 106.621022887601171, 11.001881246438801 ], [ 106.616689390075038, 10.994042996548417 ], [ 106.616526591802995, 10.993450152034054 ], [ 106.615919961299923, 10.991241043884017 ], [ 106.615827269780198, 10.990903498693843 ], [ 106.615932226356307, 10.990671138187734 ], [ 106.617093749932437, 10.988099698235454 ], [ 106.619324101453813, 10.986575508272184 ], [ 106.621961302588261, 10.984773282362346 ], [ 106.62506646800945, 10.981078749590319 ], [ 106.625176149474783, 10.981017818524714 ], [ 106.627935120024617, 10.979485158372691 ], [ 106.636922545432512, 10.977612143553342 ], [ 106.640780595010341, 10.979618282700535 ], [ 106.643315978267708, 10.980936652120302 ], [ 106.644845527698948, 10.98128896556358 ], [ 106.646032042173644, 10.981562264320786 ], [ 106.648404784014815, 10.980823164952545 ], [ 106.648541267214654, 10.980226486124925 ], [ 106.650197692749089, 10.97298491827118 ], [ 106.649953199051481, 10.972283597358512 ], [ 106.649033874976624, 10.969646555018329 ], [ 106.648885436370989, 10.969220764372835 ], [ 106.648880509454656, 10.968695621484743 ], [ 106.648839660618506, 10.964341768066653 ], [ 106.649789420647267, 10.960922803139947 ], [ 106.652059266570518, 10.952751763601121 ], [ 106.652239343434999, 10.947642073965214 ], [ 106.652250002023877, 10.947339662685854 ], [ 106.652125454968612, 10.946678396771119 ], [ 106.651334474621564, 10.942478784591856 ], [ 106.650636285957077, 10.93992390739465 ], [ 106.650226893274024, 10.938425816816549 ], [ 106.650083252867958, 10.937900194014809 ], [ 106.650113170113769, 10.937560704288009 ], [ 106.650434206962586, 10.93391765137798 ], [ 106.653241823664217, 10.92931235835902 ], [ 106.657239626809286, 10.925937303686203 ], [ 106.664703881989951, 10.92193993964394 ], [ 106.664807985647258, 10.921884188937256 ], [ 106.664992397578771, 10.921828344602657 ], [ 106.667913149012278, 10.920943867293973 ], [ 106.674165556687683, 10.922198524458077 ], [ 106.680768677816346, 10.923523557078614 ], [ 106.684384967370292, 10.921436336570387 ], [ 106.684896181218377, 10.921141278004498 ], [ 106.6853038825776, 10.920346169941089 ], [ 106.689535531902607, 10.912093514830895 ], [ 106.690030765040632, 10.911127699814227 ], [ 106.692088398404877, 10.90587410645816 ], [ 106.692658046348413, 10.904419668582605 ], [ 106.692754459096534, 10.904173505806488 ], [ 106.692814649253833, 10.903906216001108 ], [ 106.694411168773669, 10.896816553054229 ], [ 106.69453973887569, 10.896245612920984 ], [ 106.694435374238253, 10.895843560008379 ], [ 106.693927006405261, 10.893885130637322 ], [ 106.69382257471689, 10.893482818133293 ], [ 106.693482337479168, 10.89288154700504 ], [ 106.691722177893197, 10.889770967214789 ], [ 106.691537986447301, 10.889445461861285 ], [ 106.691495610420134, 10.889370574336057 ], [ 106.689157792377046, 10.885211750924036 ], [ 106.689023686089556, 10.884973183043915 ], [ 106.689044840127906, 10.884697333080453 ], [ 106.689291907095225, 10.881475737043363 ], [ 106.68931360393978, 10.881192818100322 ], [ 106.689705772728928, 10.880680590449963 ], [ 106.696779908987892, 10.871440755398448 ], [ 106.696889592840108, 10.871297492289823 ], [ 106.697103105741846, 10.871092648392507 ], [ 106.699193494970061, 10.869087133176359 ], [ 106.699872686825799, 10.868435516270889 ], [ 106.700515851847157, 10.868113098480327 ], [ 106.702804917526748, 10.866965592818808 ], [ 106.702810002873392, 10.866963043286271 ], [ 106.702841273067776, 10.866959827046482 ], [ 106.704140398262965, 10.866826206031799 ], [ 106.712509293313431, 10.865965424288769 ], [ 106.713231756126888, 10.86589111513681 ], [ 106.713450120779186, 10.866135981672906 ], [ 106.714427397468128, 10.867231859072279 ], [ 106.715214956576517, 10.868114995166456 ], [ 106.715589238127848, 10.868534699478895 ], [ 106.715097423777067, 10.871275010860256 ], [ 106.714925481338923, 10.87223304904974 ], [ 106.714990787717682, 10.872306124305984 ], [ 106.715366702026031, 10.872726751909674 ], [ 106.715398504328306, 10.872762338667769 ], [ 106.715451658527073, 10.872756373563263 ], [ 106.720151767609067, 10.872228875865884 ], [ 106.723530202225575, 10.871849712071258 ], [ 106.723539067266046, 10.87184871762711 ], [ 106.723533186229744, 10.871860322166363 ], [ 106.722758688837033, 10.873388338279844 ], [ 106.721250247622265, 10.876364366290543 ], [ 106.720580269197086, 10.876489182877215 ], [ 106.718715609242963, 10.876836569104823 ], [ 106.717975852608944, 10.876974385681622 ], [ 106.717006317685232, 10.877155009385719 ], [ 106.715291690872462, 10.877474443205188 ], [ 106.715192019665267, 10.877433352205175 ], [ 106.714151995396207, 10.877004584190436 ], [ 106.714071344061409, 10.876971334843274 ], [ 106.714063358865886, 10.876968041734937 ], [ 106.714056951616953, 10.876990879870018 ], [ 106.713811589637771, 10.87786544923407 ], [ 106.712598514144531, 10.877951279834967 ], [ 106.712690711235325, 10.878043039152255 ], [ 106.712952410359392, 10.878303495206266 ], [ 106.713803958592948, 10.879151002027374 ], [ 106.717961978491971, 10.880856172220088 ], [ 106.716656360536945, 10.884522783125179 ], [ 106.716588687476062, 10.884712829752903 ], [ 106.717285007969977, 10.886992579545172 ], [ 106.717542362479364, 10.887835160948558 ], [ 106.716687224270032, 10.887795024365637 ], [ 106.716219141857067, 10.887773053727996 ], [ 106.715612125040622, 10.887744562034982 ], [ 106.714483512571036, 10.886791341194977 ], [ 106.714482974898743, 10.886790886760338 ], [ 106.71448180798717, 10.886792198700739 ], [ 106.71382684725954, 10.887529031202243 ], [ 106.714126432256762, 10.88781178526078 ], [ 106.714501427914144, 10.888165713956264 ], [ 106.714505863262048, 10.888169900139482 ], [ 106.713150268001371, 10.889841244131437 ], [ 106.713109682310701, 10.889891281992728 ], [ 106.71751439555932, 10.89623190359235 ], [ 106.717595494070537, 10.896348647435694 ], [ 106.71761865664574, 10.89638198930051 ], [ 106.726067999388064, 10.890930771199434 ], [ 106.726415348776428, 10.890706672866573 ], [ 106.727552125681711, 10.890135424894948 ], [ 106.72799287385368, 10.890516487815887 ], [ 106.728467654530206, 10.890926973947051 ], [ 106.728895579251855, 10.890114746698581 ], [ 106.729253481899335, 10.889435426578618 ], [ 106.731807724625341, 10.890399363417334 ], [ 106.732450198145472, 10.890641823388739 ], [ 106.732395345960512, 10.890414167810505 ], [ 106.732066336417688, 10.889048665349881 ], [ 106.731438258937985, 10.886441932882766 ], [ 106.731321047890475, 10.88595546892226 ], [ 106.736256494795256, 10.88469794768562 ], [ 106.736692142349028, 10.884586947542138 ], [ 106.736205748336005, 10.883789449106862 ], [ 106.73421258920547, 10.880521432115533 ], [ 106.735952539312848, 10.879921537591564 ], [ 106.736492477797711, 10.879735379000785 ], [ 106.738156987218503, 10.879161493694996 ], [ 106.738487379038247, 10.879570938442416 ], [ 106.73966760665121, 10.881033557018274 ], [ 106.741193485244153, 10.881356851951832 ], [ 106.742987347735877, 10.880328409681304 ], [ 106.743001650492729, 10.880320209487365 ], [ 106.743020457472795, 10.880331788035068 ], [ 106.743055403093422, 10.880353304117055 ], [ 106.744199440388698, 10.881057696173464 ], [ 106.745053959701409, 10.881583828136092 ], [ 106.745687198146555, 10.880778925176299 ], [ 106.745368208760354, 10.880552258811159 ], [ 106.745092793277294, 10.880356555515226 ], [ 106.744695377461824, 10.880074162128114 ], [ 106.746971112124541, 10.877622700699607 ], [ 106.747007797531097, 10.877583181736526 ], [ 106.747185741909448, 10.877391496889059 ], [ 106.747190189200012, 10.877386706514697 ], [ 106.747254960933248, 10.877430343638107 ], [ 106.748502446169255, 10.878270764125348 ], [ 106.749233876579567, 10.877095033134321 ], [ 106.749425601509117, 10.876786846961954 ], [ 106.749782234046933, 10.876941365037247 ], [ 106.750440311152005, 10.877226490413429 ], [ 106.751371097582705, 10.875486035177325 ], [ 106.746450138293639, 10.873879092871165 ], [ 106.747052861829715, 10.872071881378924 ], [ 106.747014389625775, 10.872059349923132 ], [ 106.746007632926819, 10.871731419992779 ], [ 106.746550678728596, 10.871047246967358 ], [ 106.747937869925764, 10.869299548953727 ], [ 106.747907353842237, 10.868370669637835 ], [ 106.748465281464107, 10.866484375155308 ], [ 106.748716069837442, 10.865636487464483 ], [ 106.750531864762749, 10.864027639296642 ], [ 106.750707675116132, 10.864130115305784 ], [ 106.75123376977524, 10.864436765545873 ], [ 106.751767239389324, 10.863372683916994 ], [ 106.751767827924894, 10.863371509864397 ], [ 106.751769383736018, 10.863373101105317 ], [ 106.753356282404184, 10.864995252999368 ], [ 106.754411861178454, 10.866074282145998 ], [ 106.754644107613657, 10.866311688212631 ], [ 106.756251442435115, 10.866513818992152 ], [ 106.762220096585935, 10.867264409304077 ], [ 106.762479155545066, 10.867912056005462 ], [ 106.76314733425319, 10.86958250437943 ], [ 106.763288211471064, 10.869934697078037 ], [ 106.762358392804614, 10.870724062109769 ], [ 106.760878147594639, 10.871980707418761 ], [ 106.760396833187755, 10.87238931598956 ], [ 106.76039667028769, 10.872389454332668 ], [ 106.760396687807457, 10.872389478640537 ], [ 106.761110636807302, 10.873404925247918 ], [ 106.761690131215616, 10.874229139852885 ], [ 106.761808109545228, 10.874396939780988 ], [ 106.761597539359272, 10.874468568149288 ], [ 106.761342715984256, 10.8745552497211 ], [ 106.761355012077544, 10.874576329417712 ], [ 106.761851108065528, 10.875426778565283 ], [ 106.761930179052413, 10.875562329539971 ], [ 106.76141900857462, 10.878512043981479 ], [ 106.761459563141912, 10.878526829623985 ], [ 106.761968325888589, 10.878712314891525 ], [ 106.761957394948382, 10.878731699014708 ], [ 106.760666498287776, 10.881020808337425 ], [ 106.760568481372005, 10.881194617688701 ], [ 106.760533998964775, 10.881255764712311 ], [ 106.760537751206783, 10.881259118763634 ], [ 106.761936700061369, 10.882509363116315 ], [ 106.762491487901983, 10.883005177021621 ], [ 106.762678692013694, 10.883172482549838 ], [ 106.763945330885164, 10.884304481203785 ], [ 106.76446377715672, 10.884767818604663 ], [ 106.764534363371268, 10.884830902087316 ], [ 106.764562319632788, 10.88485588630269 ], [ 106.766029376652625, 10.888581354384163 ], [ 106.766231936450424, 10.889095736005737 ], [ 106.76625604405632, 10.889156956652434 ], [ 106.766896605980776, 10.891539045368924 ], [ 106.766896913643876, 10.891540188972405 ], [ 106.767561952602847, 10.891611444278309 ], [ 106.767697999675647, 10.891626020079006 ], [ 106.767328890975918, 10.892393597498382 ], [ 106.767278383667417, 10.892498630354815 ], [ 106.768438051423118, 10.892337460115105 ], [ 106.768438051562896, 10.893605847779169 ], [ 106.768465393314543, 10.893611131291978 ], [ 106.768469887551475, 10.893612000336216 ], [ 106.768690984091748, 10.893654726604941 ], [ 106.769008632574085, 10.893716113010226 ], [ 106.769311725232257, 10.893774686628316 ], [ 106.769545961258473, 10.893819953515539 ], [ 106.769680358939212, 10.893845926441591 ], [ 106.769681641827631, 10.893846173966498 ], [ 106.775424079143534, 10.887357931673538 ], [ 106.775483623489436, 10.887290653809012 ], [ 106.775548647248854, 10.887217184350217 ], [ 106.775567134765282, 10.887180619829143 ], [ 106.775640755702256, 10.887035009102537 ], [ 106.775702583471855, 10.886912724804713 ], [ 106.775806385408941, 10.886707419842914 ], [ 106.776039021532156, 10.886247305528467 ], [ 106.776049190964272, 10.886227192269777 ], [ 106.776091719217334, 10.886143077255207 ], [ 106.776331236024262, 10.885669353027463 ], [ 106.776388064028964, 10.885556955757668 ], [ 106.776561453375336, 10.885214021147366 ], [ 106.776624392435863, 10.885089538124756 ], [ 106.776670023665901, 10.885047697949338 ], [ 106.777970908666589, 10.883854902794011 ], [ 106.778776702268686, 10.883116062009609 ], [ 106.778822160972894, 10.883074380800259 ], [ 106.778923515821717, 10.882981445965131 ], [ 106.779203885122143, 10.882724373460768 ], [ 106.780538271584092, 10.881500860663767 ], [ 106.780774730437969, 10.880726429168915 ], [ 106.781044786795903, 10.879841963037675 ], [ 106.781110160542255, 10.879627856332354 ], [ 106.781197254256256, 10.879342614367211 ], [ 106.781214428406273, 10.879286364540434 ], [ 106.781232001809386, 10.879228811540308 ], [ 106.781666963160419, 10.87780425800177 ], [ 106.782052098863829, 10.876542891645634 ], [ 106.782094668076525, 10.876403471050995 ], [ 106.781919192245454, 10.873966834248524 ], [ 106.780006627021564, 10.868546969091575 ], [ 106.779950809642884, 10.868388793808158 ], [ 106.7799827580845, 10.868383982069219 ], [ 106.787707082934361, 10.867220428205101 ], [ 106.787763308202713, 10.867211958825168 ], [ 106.787793154296779, 10.867555615453606 ], [ 106.787819459801696, 10.867858495227836 ], [ 106.788037966244673, 10.870374343688008 ], [ 106.788901974278929, 10.871902973785998 ], [ 106.788930605161241, 10.871953627980316 ], [ 106.789874908710829, 10.871960293443797 ], [ 106.792173099000422, 10.871976517485649 ], [ 106.793095152697177, 10.872498356903863 ], [ 106.794289780825693, 10.873174459588114 ], [ 106.794933366344068, 10.873538698387597 ], [ 106.79493493833445, 10.873539587771726 ], [ 106.794942355613856, 10.873538680207897 ], [ 106.795958522798017, 10.873414289902772 ], [ 106.797513674264039, 10.873223923265032 ], [ 106.797524343454782, 10.873212278866376 ], [ 106.797741687865198, 10.872975073692745 ], [ 106.798619936729182, 10.872016572488498 ], [ 106.801022504627326, 10.873439237151459 ], [ 106.801273648481569, 10.873587949987654 ], [ 106.801290222775108, 10.873597764150961 ], [ 106.804401434517459, 10.873704949327378 ], [ 106.804418275297252, 10.873705529288682 ], [ 106.804425726367995, 10.873717551974659 ], [ 106.805218193131651, 10.874996222598062 ], [ 106.805249878952267, 10.875047348604351 ], [ 106.808520205316839, 10.873062465001414 ], [ 106.808564761119641, 10.873035422012761 ], [ 106.808576297370124, 10.873028420498608 ], [ 106.812802979313716, 10.878828667099498 ], [ 106.813817689637858, 10.878425263756398 ], [ 106.813927722338448, 10.878554435023521 ], [ 106.816268265635472, 10.881302068674939 ], [ 106.816308815170856, 10.881349671184076 ], [ 106.816312500654533, 10.881353997538977 ], [ 106.817276657471766, 10.881333602723467 ], [ 106.817304322115106, 10.881333017674306 ], [ 106.817332063840595, 10.881492588235984 ], [ 106.817390509647396, 10.881828758211457 ], [ 106.817407088428837, 10.881924119806339 ], [ 106.817657941991541, 10.883367007277212 ], [ 106.817807860748871, 10.884229324796681 ], [ 106.818104485306236, 10.884286178147361 ], [ 106.818657917896573, 10.884392252554456 ], [ 106.818952271806737, 10.884448671019733 ], [ 106.819195895727319, 10.885355820597228 ], [ 106.819212159041712, 10.885416378689714 ], [ 106.819349000422989, 10.885925911531009 ], [ 106.819366073520357, 10.885938449774066 ], [ 106.820065422132657, 10.886452035129397 ], [ 106.820076131437574, 10.886459899520771 ], [ 106.820081421321959, 10.886463784189459 ], [ 106.820097085529184, 10.886450041133124 ], [ 106.820372093203673, 10.886208762114014 ], [ 106.820432545577063, 10.886155723882966 ], [ 106.82045421595781, 10.886136711120718 ], [ 106.820881281107205, 10.885762022031999 ], [ 106.820890137558479, 10.885754252179719 ], [ 106.821215436956152, 10.885840823064855 ], [ 106.821355048117738, 10.885877977826592 ], [ 106.821836180979275, 10.88600602052203 ], [ 106.824926086387762, 10.888217592036987 ], [ 106.824911693831311, 10.888264853649801 ], [ 106.824547991639179, 10.889459149623207 ], [ 106.823917230759307, 10.89153038758257 ], [ 106.82376641875608, 10.892025613358694 ], [ 106.823775995721235, 10.892031919516947 ], [ 106.824523723096249, 10.892524312408941 ], [ 106.824630867216428, 10.892594868697486 ], [ 106.825069771459567, 10.892883896744038 ], [ 106.82513208131941, 10.892924928123914 ], [ 106.825116713291919, 10.893222344742773 ], [ 106.825090052618378, 10.893738337566219 ], [ 106.82508630392563, 10.893810892471867 ], [ 106.82582635590903, 10.893695496742049 ], [ 106.826787658078842, 10.894740724458719 ], [ 106.828018790533676, 10.894242676215329 ], [ 106.828046510218257, 10.894231462521313 ], [ 106.828064094536614, 10.894237414327623 ], [ 106.828151213260753, 10.894266900608484 ], [ 106.829717345561079, 10.894796991075143 ], [ 106.829812701398822, 10.894876282006162 ], [ 106.830324353077557, 10.895301730861735 ], [ 106.831999944920113, 10.896695021157194 ], [ 106.832329284325652, 10.896968873734586 ], [ 106.832554391984459, 10.897156054831518 ], [ 106.832702258487203, 10.89727900907824 ], [ 106.833492179003926, 10.897935845639507 ], [ 106.833928771349733, 10.898298882404058 ], [ 106.833932769832259, 10.898299281538378 ], [ 106.834851063396044, 10.898391055676584 ], [ 106.840162227292126, 10.898921853918306 ] ] ] ] } }
]
}
